entry_time,exit_time,side,entry,exit,lots,pnl,reason
2026-06-26 07:30:00+00:00,2026-06-26 07:35:00+00:00,buy,4053.324951171875,4049.9478735602115,0.04,-13.748310446653923,sl
2026-06-26 08:05:00+00:00,2026-06-26 08:10:00+00:00,sell,4042.074951171875,4045.1532987713595,0.05,-15.691737997422297,sl
2026-06-26 09:10:00+00:00,2026-06-26 09:15:00+00:00,buy,4054.324951171875,4051.623641651344,0.05,-13.806547602655701,sl_and_tp_same_bar
2026-06-26 09:20:00+00:00,2026-06-26 09:35:00+00:00,buy,4062.02490234375,4066.8913569035485,0.04,19.22581823919405,tp
2026-06-26 11:55:00+00:00,2026-06-26 12:05:00+00:00,sell,4059.375,4061.9849721907685,0.06,-16.019833144611184,sl
2026-06-26 12:45:00+00:00,2026-06-26 12:50:00+00:00,sell,4054.675048828125,4057.775418892945,0.05,-15.801850324098996,sl
2026-06-26 13:00:00+00:00,2026-06-26 13:05:00+00:00,buy,4074.22509765625,4069.4184927241936,0.03,-14.599814796169248,sl
2026-06-26 13:55:00+00:00,2026-06-26 14:00:00+00:00,buy,4079.925048828125,4088.4220653931948,0.02,16.87403313013954,tp
2026-06-26 14:00:00+00:00,2026-06-26 14:10:00+00:00,buy,4088.72509765625,4097.500500293894,0.02,17.43080527528844,tp
2026-06-26 14:10:00+00:00,2026-06-26 14:15:00+00:00,buy,4095.02490234375,4103.417900298872,0.02,16.66599591024431,tp
2026-06-26 14:15:00+00:00,2026-06-26 14:20:00+00:00,buy,4098.02490234375,4106.710214113189,0.02,17.250623538878134,tp
2026-06-26 14:20:00+00:00,2026-06-26 14:30:00+00:00,buy,4104.125,4098.493582019324,0.02,-11.38283596135181,sl
2026-06-26 15:45:00+00:00,2026-06-26 15:50:00+00:00,buy,4110.625,4106.510877220182,0.03,-12.522368339453969,sl
2026-06-26 17:35:00+00:00,2026-06-26 17:55:00+00:00,sell,4093.074951171875,4089.0463904273297,0.05,19.84280372272651,tp
2026-06-26 18:25:00+00:00,2026-06-26 18:30:00+00:00,sell,4086.675048828125,4088.8476383530196,0.07,-15.628126674262532,sl
2026-06-26 18:50:00+00:00,2026-06-26 18:55:00+00:00,sell,4084.27490234375,4086.2928748069007,0.07,-14.54580724205509,sl
2026-06-26 19:05:00+00:00,2026-06-26 19:10:00+00:00,sell,4080.175048828125,4082.3032149894616,0.07,-15.31716312935616,sl
2026-06-26 19:55:00+00:00,2026-06-26 20:00:00+00:00,buy,4087.925048828125,4085.7765673904782,0.07,-15.45937006352726,sl
2026-06-26 20:50:00+00:00,2026-06-26 20:55:00+00:00,buy,4090.02490234375,4093.728138134475,0.05,18.216178953625512,tp
2026-06-26 20:55:00+00:00,2026-06-28 22:10:00+00:00,buy,4095.425048828125,4092.2961870726504,0.04,-12.755447021898581,sl
2026-06-29 07:30:00+00:00,2026-06-29 07:35:00+00:00,buy,4081.02490234375,4078.2421269001643,0.05,-14.21387721792853,sl
2026-06-29 08:45:00+00:00,2026-06-29 08:55:00+00:00,sell,4069.47509765625,4065.561032315686,0.05,19.27032670281933,tp
2026-06-29 08:55:00+00:00,2026-06-29 09:00:00+00:00,sell,4065.574951171875,4061.125375253574,0.04,17.55830367320392,tp
2026-06-29 09:00:00+00:00,2026-06-29 09:05:00+00:00,sell,4061.175048828125,4064.367141042727,0.05,-16.260461073009356,sl
2026-06-29 09:55:00+00:00,2026-06-29 10:00:00+00:00,sell,4048.175048828125,4042.2970140353996,0.03,17.45410437817629,tp
2026-06-29 10:00:00+00:00,2026-06-29 10:10:00+00:00,sell,4046.375,4050.4804122899636,0.04,-16.661649159854495,sl
2026-06-29 11:25:00+00:00,2026-06-29 11:30:00+00:00,sell,4043.27490234375,4046.057118591201,0.05,-14.211081237254167,sl
2026-06-29 12:05:00+00:00,2026-06-29 12:10:00+00:00,buy,4060.425048828125,4064.9186482477903,0.04,17.734397678661264,tp
2026-06-29 12:10:00+00:00,2026-06-29 12:15:00+00:00,buy,4062.72509765625,4059.50756964086,0.05,-16.38764007695072,sl
2026-06-29 13:30:00+00:00,2026-06-29 13:35:00+00:00,sell,4052.175048828125,4055.7856986392417,0.04,-14.682599244466692,sl
2026-06-29 13:40:00+00:00,2026-06-29 13:45:00+00:00,sell,4049.97509765625,4053.9704566567384,0.03,-12.166077001465219,sl
2026-06-29 13:55:00+00:00,2026-06-29 14:00:00+00:00,sell,4045.97509765625,4040.389523778884,0.03,16.57672163209856,tp
2026-06-29 14:05:00+00:00,2026-06-29 14:10:00+00:00,sell,4040.875,4033.6490916973894,0.03,21.497724907831817,tp
2026-06-29 14:10:00+00:00,2026-06-29 14:15:00+00:00,sell,4029.77490234375,4022.305121007529,0.03,22.22934400866263,tp
2026-06-29 14:15:00+00:00,2026-06-29 14:20:00+00:00,sell,4022.175048828125,4028.368144711275,0.02,-12.506191766299816,sl
2026-06-29 15:55:00+00:00,2026-06-29 16:05:00+00:00,buy,4042.625,4039.2829797555546,0.04,-13.608080977781574,sl
2026-06-29 16:35:00+00:00,2026-06-29 16:40:00+00:00,sell,4033.97509765625,4036.56496529788,0.06,-15.899205849780046,sl
2026-06-29 17:10:00+00:00,2026-06-29 17:20:00+00:00,buy,4045.125,4042.5368734678036,0.06,-15.888759193178302,sl
2026-06-29 18:20:00+00:00,2026-06-29 18:25:00+00:00,buy,4039.324951171875,4037.575778779211,0.09,-16.282551533977347,sl
2026-06-29 18:50:00+00:00,2026-06-29 18:55:00+00:00,sell,4030.27490234375,4027.8234034176953,0.08,19.13199140843746,tp
2026-06-29 19:00:00+00:00,2026-06-29 19:05:00+00:00,sell,4027.574951171875,4024.5631067788745,0.07,20.662910751003512,tp
2026-06-29 19:05:00+00:00,2026-06-29 19:10:00+00:00,sell,4024.074951171875,4026.1963540607476,0.07,-15.269820222108066,sl
2026-06-29 19:15:00+00:00,2026-06-29 19:20:00+00:00,sell,4022.074951171875,4024.3266642722947,0.06,-13.870278602518155,sl
2026-06-30 08:05:00+00:00,2026-06-30 08:10:00+00:00,buy,4049.824951171875,4045.9720616511977,0.03,-11.738668562031926,sl
2026-06-30 08:15:00+00:00,2026-06-30 08:35:00+00:00,sell,4038.074951171875,4032.879868171287,0.04,20.540332002352226,tp
2026-06-30 08:45:00+00:00,2026-06-30 09:05:00+00:00,sell,4031.574951171875,4034.687585907893,0.05,-15.863173680091041,sl
2026-06-30 10:00:00+00:00,2026-06-30 10:10:00+00:00,buy,4038.22509765625,4035.7194319023433,0.06,-15.393994523440014,sl
2026-06-30 10:30:00+00:00,2026-06-30 10:55:00+00:00,buy,4042.125,4045.2526377806244,0.06,18.405826683746128,tp
2026-06-30 11:15:00+00:00,2026-06-30 11:20:00+00:00,buy,4047.925048828125,4045.6685063734726,0.06,-13.89925472791434,sl
2026-06-30 12:15:00+00:00,2026-06-30 12:20:00+00:00,sell,4040.074951171875,4036.753957531832,0.06,19.565961840258424,tp
2026-06-30 12:25:00+00:00,2026-06-30 12:30:00+00:00,sell,4031.27490234375,4034.059311126653,0.05,-14.222043914515144,sl
2026-06-30 12:35:00+00:00,2026-06-30 12:40:00+00:00,sell,4029.77490234375,4032.8883409129085,0.04,-12.693754276633845,sl
2026-06-30 13:00:00+00:00,2026-06-30 13:05:00+00:00,sell,4023.574951171875,4026.9756002042545,0.04,-13.842596129518133,sl
2026-06-30 13:15:00+00:00,2026-06-30 13:20:00+00:00,buy,4037.72509765625,4033.9504010572,0.04,-15.338786396200012,sl_and_tp_same_bar
2026-06-30 14:10:00+00:00,2026-06-30 14:20:00+00:00,buy,4057.625,4066.214598076528,0.02,17.05919615305618,tp
2026-06-30 14:20:00+00:00,2026-06-30 14:25:00+00:00,buy,4063.925048828125,4072.9456919910226,0.02,17.921286325795226,tp
2026-06-30 14:25:00+00:00,2026-06-30 14:30:00+00:00,buy,4077.72509765625,4071.5559482732424,0.02,-12.458298766015213,sl
2026-06-30 15:05:00+00:00,2026-06-30 15:15:00+00:00,sell,4049.175048828125,4042.310046669741,0.03,20.415006475151877,tp
2026-06-30 15:20:00+00:00,2026-06-30 15:45:00+00:00,sell,4041.27490234375,4046.0199866947873,0.03,-14.415253053112046,sl
2026-06-30 17:00:00+00:00,2026-06-30 17:05:00+00:00,sell,4040.675048828125,4037.367536154869,0.06,19.485076039536253,tp
2026-06-30 17:10:00+00:00,2026-06-30 17:15:00+00:00,sell,4036.77490234375,4039.2747012823584,0.06,-15.358793631650187,sl
2026-06-30 17:50:00+00:00,2026-06-30 18:05:00+00:00,buy,4044.925048828125,4047.969117491226,0.07,20.888480641706412,tp
2026-06-30 18:10:00+00:00,2026-06-30 18:15:00+00:00,buy,4047.72509765625,4045.9580491188412,0.09,-16.443436836678792,sl
2026-06-30 19:05:00+00:00,2026-06-30 19:10:00+00:00,sell,4041.47509765625,4039.1826462335266,0.09,20.092062804510498,tp
2026-06-30 19:10:00+00:00,2026-06-30 19:20:00+00:00,sell,4039.97509765625,4037.6689672305147,0.09,20.215173831617868,tp
2026-06-30 19:25:00+00:00,2026-06-30 19:30:00+00:00,sell,4036.675048828125,4038.31927327651,0.1,-17.04224448385103,sl
2026-06-30 19:55:00+00:00,2026-06-30 20:00:00+00:00,sell,4031.074951171875,4032.9888992224974,0.08,-15.79158440497893,sl_and_tp_same_bar
2026-06-30 20:30:00+00:00,2026-06-30 20:35:00+00:00,sell,4027.27490234375,4024.7397074498167,0.08,19.801559151466353,tp
2026-06-30 20:35:00+00:00,2026-06-30 20:55:00+00:00,sell,4025.875,4023.490503617966,0.09,20.920467438304478,tp
2026-06-30 22:00:00+00:00,2026-06-30 22:05:00+00:00,sell,4024.875,4026.917487371904,0.08,-16.819898975231336,sl
2026-07-01 07:15:00+00:00,2026-07-01 07:20:00+00:00,sell,3973.97509765625,3977.491877375626,0.04,-14.307118877503163,sl
2026-07-01 08:00:00+00:00,2026-07-01 08:05:00+00:00,buy,3988.925048828125,3985.529722816824,0.04,-13.821304045204888,sl
2026-07-01 08:20:00+00:00,2026-07-01 08:25:00+00:00,buy,3995.72509765625,3992.227063536694,0.04,-14.232136478223984,sl
2026-07-01 09:40:00+00:00,2026-07-01 09:45:00+00:00,buy,3995.72509765625,3998.9581805356524,0.06,19.038497276414674,tp
2026-07-01 09:50:00+00:00,2026-07-01 10:00:00+00:00,buy,3998.625,4001.7767093783764,0.06,18.550256270258288,tp
2026-07-01 10:05:00+00:00,2026-07-01 10:10:00+00:00,buy,4001.425048828125,3999.141293593481,0.06,-14.062531407864626,sl
2026-07-01 10:35:00+00:00,2026-07-01 10:40:00+00:00,buy,4004.72509765625,4002.1031011538953,0.05,-13.409982511773524,sl
2026-07-01 11:00:00+00:00,2026-07-01 11:05:00+00:00,buy,4011.625,4015.931078919146,0.05,21.230394595729376,tp
2026-07-01 11:05:00+00:00,2026-07-01 11:10:00+00:00,buy,4020.324951171875,4024.568207849718,0.05,20.916283389214822,tp
2026-07-01 11:10:00+00:00,2026-07-01 11:15:00+00:00,buy,4024.125,4028.9018283135056,0.04,18.867313254022303,tp
2026-07-01 11:15:00+00:00,2026-07-01 11:20:00+00:00,buy,4029.824951171875,4035.1242082362883,0.04,20.957028257653075,tp
2026-07-01 11:20:00+00:00,2026-07-01 11:25:00+00:00,buy,4036.125,4041.5650169297833,0.04,21.520067719133078,tp
2026-07-01 11:25:00+00:00,2026-07-01 11:40:00+00:00,buy,4038.22509765625,4043.799118188104,0.05,27.570102659269377,tp
2026-07-01 11:50:00+00:00,2026-07-01 11:55:00+00:00,buy,4047.925048828125,4044.1492050460506,0.05,-19.179218910371947,sl
2026-07-01 13:10:00+00:00,2026-07-01 13:15:00+00:00,sell,4031.47509765625,4035.5762554692997,0.04,-16.644631252198668,sl
2026-07-01 13:25:00+00:00,2026-07-01 13:30:00+00:00,buy,4057.52490234375,4065.815292909912,0.03,24.691171698485796,tp
2026-07-01 13:30:00+00:00,2026-07-01 13:35:00+00:00,buy,4061.324951171875,4070.101277943799,0.03,26.148980315771333,tp
2026-07-01 13:35:00+00:00,2026-07-01 13:40:00+00:00,buy,4062.925048828125,4073.538526171084,0.03,31.660432028876876,tp
2026-07-01 13:40:00+00:00,2026-07-01 13:45:00+00:00,buy,4085.02490234375,4098.046582707648,0.02,25.923360727795515,tp
2026-07-01 13:45:00+00:00,2026-07-01 13:50:00+00:00,buy,4113.22509765625,4103.664237890443,0.02,-19.241719531614873,sl
2026-07-01 14:35:00+00:00,2026-07-01 14:40:00+00:00,buy,4125.4248046875,4117.811877253552,0.03,-23.01878230184473,sl
2026-07-01 15:10:00+00:00,2026-07-01 15:15:00+00:00,sell,4098.375,4104.110314093879,0.04,-23.181256375517695,sl
2026-07-01 16:35:00+00:00,2026-07-01 16:50:00+00:00,sell,4090.875,4086.273969840011,0.06,27.246180959934136,tp
2026-07-01 16:50:00+00:00,2026-07-01 17:05:00+00:00,sell,4086.875,4082.5824467217094,0.07,29.627872948034184,tp
2026-07-01 17:10:00+00:00,2026-07-01 17:15:00+00:00,sell,4082.875,4085.70236002857,0.09,-25.986240257131648,sl
2026-07-01 18:25:00+00:00,2026-07-01 18:30:00+00:00,sell,4079.375,4076.207382801147,0.1,31.076171988528948,tp
2026-07-01 18:30:00+00:00,2026-07-01 18:35:00+00:00,sell,4075.175048828125,4077.6024498763513,0.1,-24.874010482263294,sl
2026-07-01 18:55:00+00:00,2026-07-01 19:00:00+00:00,sell,4071.875,4074.1893299133444,0.1,-23.74329913344409,sl
2026-07-01 19:10:00+00:00,2026-07-01 19:15:00+00:00,buy,4081.125,4078.7201676772893,0.09,-22.183490904396457,sl
2026-07-01 19:25:00+00:00,2026-07-01 19:30:00+00:00,sell,4070.175048828125,4072.743637836142,0.08,-21.028712064137363,sl
2026-07-01 19:40:00+00:00,2026-07-01 19:45:00+00:00,sell,4069.47509765625,4066.243063145908,0.08,25.376276082737167,tp
2026-07-01 19:45:00+00:00,2026-07-01 19:50:00+00:00,sell,4067.27490234375,4064.0584607160367,0.09,28.407974649419394,tp
2026-07-01 19:50:00+00:00,2026-07-01 19:55:00+00:00,sell,4065.875,4061.4721015007735,0.07,30.40028949458527,tp
2026-07-01 19:55:00+00:00,2026-07-01 20:00:00+00:00,sell,4055.574951171875,4050.82775489442,0.07,32.81037394218363,tp
2026-07-01 20:00:00+00:00,2026-07-01 20:05:00+00:00,sell,4052.074951171875,4046.6093634866224,0.07,37.83911379676791,tp
2026-07-01 20:05:00+00:00,2026-07-01 20:10:00+00:00,sell,4043.375,4047.258105610507,0.07,-27.601739273547924,sl
2026-07-01 22:00:00+00:00,2026-07-01 22:05:00+00:00,sell,4049.074951171875,4051.630379179024,0.11,-28.769708078641234,sl
2026-07-02 07:20:00+00:00,2026-07-02 07:35:00+00:00,sell,4076.97509765625,4080.4104328005187,0.04,-13.98134057707488,sl
2026-07-02 09:10:00+00:00,2026-07-02 09:20:00+00:00,sell,4083.875,4079.9904134533813,0.05,19.122932733093602,tp
2026-07-02 09:25:00+00:00,2026-07-02 09:30:00+00:00,sell,4079.97509765625,4076.399014822815,0.06,21.0964970006104,tp
2026-07-02 09:30:00+00:00,2026-07-02 09:40:00+00:00,sell,4079.875,4082.5304151336236,0.06,-16.29249080174155,sl
2026-07-02 11:05:00+00:00,2026-07-02 11:10:00+00:00,sell,4071.97509765625,4074.5946483520624,0.06,-16.077304174874698,sl
2026-07-02 11:45:00+00:00,2026-07-02 11:55:00+00:00,buy,4083.625,4081.017132273579,0.06,-16.00720635852518,sl
2026-07-02 12:35:00+00:00,2026-07-02 12:40:00+00:00,buy,4140.625,4152.738525608417,0.01,12.053525608417148,tp
2026-07-02 12:40:00+00:00,2026-07-02 12:45:00+00:00,buy,4150.02490234375,4141.980746401942,0.01,-8.104155941807731,sl
2026-07-02 13:40:00+00:00,2026-07-02 14:00:00+00:00,buy,4148.52490234375,4141.208715563229,0.02,-14.752373561042186,sl
2026-07-02 14:30:00+00:00,2026-07-02 14:45:00+00:00,sell,4129.47509765625,4135.692302240616,0.02,-12.5544091687326,sl
2026-07-02 16:25:00+00:00,2026-07-02 16:30:00+00:00,sell,4129.875,4124.830683037331,0.04,19.93726785067498,tp
2026-07-02 16:30:00+00:00,2026-07-02 16:35:00+00:00,sell,4128.47509765625,4122.38002295527,0.03,18.105224102940447,tp
2026-07-02 16:35:00+00:00,2026-07-02 16:40:00+00:00,sell,4115.97509765625,4120.557902969594,0.03,-13.928415940031009,sl
2026-07-02 17:40:00+00:00,2026-07-02 18:00:00+00:00,sell,4121.875,4125.1168967699605,0.04,-13.207587079841906,sl
2026-07-02 18:10:00+00:00,2026-07-02 18:15:00+00:00,buy,4136.3251953125,4132.758744048177,0.04,-14.50580505729362,sl
2026-07-02 18:35:00+00:00,2026-07-02 18:40:00+00:00,buy,4138.52490234375,4135.5779779782315,0.05,-15.034621827592492,sl
2026-07-02 19:15:00+00:00,2026-07-02 19:20:00+00:00,sell,4127.27490234375,4123.769790413463,0.06,20.670671581722345,tp
2026-07-02 19:20:00+00:00,2026-07-02 19:30:00+00:00,sell,4124.875,4127.401382379166,0.06,-15.51829427499375,sl
2026-07-02 19:55:00+00:00,2026-07-02 20:00:00+00:00,buy,4137.125,4134.511722710093,0.06,-16.03966373944364,sl
2026-07-06 08:40:00+00:00,2026-07-06 08:45:00+00:00,sell,4162.27490234375,4168.130609402293,0.02,-11.83141411708595,sl
2026-07-06 09:35:00+00:00,2026-07-06 09:40:00+00:00,sell,4149.5751953125,4158.764297679884,0.01,-9.249102367384294,sl
2026-07-06 12:25:00+00:00,2026-07-06 12:30:00+00:00,sell,4158.77490234375,4164.993880799075,0.02,-12.557956910649517,sl
2026-07-06 12:35:00+00:00,2026-07-06 12:55:00+00:00,sell,4155.0751953125,4165.003562220333,0.01,-9.988366907833152,sl
2026-07-06 16:15:00+00:00,2026-07-06 16:35:00+00:00,sell,4152.1748046875,4163.03166300424,0.01,-10.916858316739818,sl
2026-07-07 08:00:00+00:00,2026-07-07 08:05:00+00:00,sell,4135.27490234375,4137.842319567185,0.06,-15.764503340609153,sl
2026-07-07 08:15:00+00:00,2026-07-07 08:20:00+00:00,buy,4148.72509765625,4145.858278323136,0.05,-14.634096665570542,sl
2026-07-07 08:55:00+00:00,2026-07-07 09:00:00+00:00,sell,4134.6748046875,4137.708780862789,0.05,-15.46988087644677,sl
2026-07-07 09:45:00+00:00,2026-07-07 09:50:00+00:00,buy,4143.8251953125,4140.692843071084,0.04,-12.769408965663606,sl
2026-07-07 10:20:00+00:00,2026-07-07 10:45:00+00:00,buy,4147.72509765625,4145.200556099404,0.06,-15.50724934107653,sl
2026-07-07 11:10:00+00:00,2026-07-07 11:15:00+00:00,sell,4143.27490234375,4145.169908082984,0.08,-15.640045913871727,sl
2026-07-07 11:20:00+00:00,2026-07-07 11:25:00+00:00,buy,4152.125,4155.599831466204,0.06,20.488988797222774,tp
2026-07-07 11:25:00+00:00,2026-07-07 11:30:00+00:00,buy,4155.52490234375,4153.079999718832,0.06,-15.029415749505787,sl
2026-07-07 11:45:00+00:00,2026-07-07 11:50:00+00:00,buy,4159.625,4163.321020833425,0.05,18.18010416712441,tp
2026-07-07 11:50:00+00:00,2026-07-07 11:55:00+00:00,buy,4161.22509765625,4165.131649045218,0.05,19.23275694484091,tp
2026-07-07 11:55:00+00:00,2026-07-07 12:00:00+00:00,buy,4162.72509765625,4167.0300854225225,0.05,21.224938831362305,tp
2026-07-07 12:00:00+00:00,2026-07-07 12:05:00+00:00,buy,4168.72509765625,4173.09942038702,0.04,17.257290923078255,tp
2026-07-07 12:05:00+00:00,2026-07-07 12:10:00+00:00,buy,4170.72509765625,4176.155487252084,0.04,21.481558383334924,tp
2026-07-07 12:10:00+00:00,2026-07-07 12:15:00+00:00,buy,4181.02490234375,4186.818596764306,0.03,17.2010832616673,tp
2026-07-07 12:15:00+00:00,2026-07-07 12:20:00+00:00,buy,4185.52490234375,4181.444196609095,0.04,-16.562822938618627,sl
2026-07-07 14:05:00+00:00,2026-07-07 14:40:00+00:00,sell,4165.47509765625,4157.597501680667,0.02,15.635191951166126,tp
2026-07-07 14:40:00+00:00,2026-07-07 14:45:00+00:00,sell,4160.1748046875,4165.0737191678145,0.03,-14.876743440943464,sl
2026-07-07 15:55:00+00:00,2026-07-07 16:00:00+00:00,sell,4148.77490234375,4152.000319783096,0.05,-16.4270871967281,sl
2026-07-07 18:35:00+00:00,2026-07-07 18:40:00+00:00,sell,4150.375,4152.3544714365125,0.08,-16.31577149210032,sl
2026-07-07 18:50:00+00:00,2026-07-07 18:55:00+00:00,sell,4145.97509765625,4141.59803250177,0.04,17.268260617920316,tp
2026-07-07 18:55:00+00:00,2026-07-07 19:00:00+00:00,sell,4137.875,4133.438210199451,0.04,17.50715920219751,tp
2026-07-07 19:05:00+00:00,2026-07-07 19:10:00+00:00,sell,4132.375,4126.374358525504,0.03,17.821924423487253,tp
2026-07-07 19:10:00+00:00,2026-07-07 19:15:00+00:00,sell,4121.77490234375,4115.535036503354,0.04,24.719463361585223,tp
2026-07-07 19:15:00+00:00,2026-07-07 19:20:00+00:00,sell,4115.97509765625,4108.915892313323,0.03,20.997616028781813,tp
2026-07-07 19:20:00+00:00,2026-07-07 19:25:00+00:00,sell,4109.1748046875,4114.202671073135,0.04,-20.351465542540826,sl
2026-07-07 20:40:00+00:00,2026-07-07 22:00:00+00:00,sell,4115.375,4111.76565018389,0.07,24.845448712769286,tp
2026-07-08 07:05:00+00:00,2026-07-08 07:10:00+00:00,sell,4131.27490234375,4128.115379453953,0.06,18.59713733878074,tp
2026-07-08 07:15:00+00:00,2026-07-08 07:25:00+00:00,sell,4128.77490234375,4131.197417081067,0.07,-17.377603161220506,sl
2026-07-08 07:45:00+00:00,2026-07-08 07:50:00+00:00,buy,4139.02490234375,4136.008456720362,0.05,-15.382228116939405,sl
2026-07-08 08:20:00+00:00,2026-07-08 08:30:00+00:00,sell,4098.6748046875,4089.6182802976655,0.02,17.993048779669042,tp
2026-07-08 08:40:00+00:00,2026-07-08 08:45:00+00:00,sell,4077.675048828125,4084.4514954829915,0.02,-13.672893309733007,sl
2026-07-08 09:00:00+00:00,2026-07-08 09:40:00+00:00,sell,4066.47509765625,4057.1812094317283,0.02,18.467776449043303,tp
2026-07-08 09:45:00+00:00,2026-07-08 10:05:00+00:00,sell,4058.47509765625,4051.5203572669952,0.03,20.6842211677643,tp
2026-07-08 11:40:00+00:00,2026-07-08 11:45:00+00:00,sell,4052.875,4057.775119176482,0.03,-14.880357529445682,sl
2026-07-08 12:20:00+00:00,2026-07-08 12:25:00+00:00,buy,4085.52490234375,4080.6812903441887,0.03,-14.71083599868387,sl
2026-07-08 12:50:00+00:00,2026-07-08 12:55:00+00:00,buy,4093.125,4088.94851670084,0.03,-12.70944989747948,sl
2026-07-08 13:30:00+00:00,2026-07-08 13:35:00+00:00,sell,4077.375,4082.757791671861,0.02,-10.885583343722027,sl
2026-07-08 14:15:00+00:00,2026-07-08 14:25:00+00:00,sell,4068.074951171875,4073.170010463158,0.03,-15.465177873849534,sl
2026-07-08 14:40:00+00:00,2026-07-08 14:45:00+00:00,sell,4053.875,4045.1136852933546,0.02,17.402629413290814,tp
2026-07-08 14:45:00+00:00,2026-07-08 14:50:00+00:00,sell,4046.675048828125,4052.4863561794646,0.02,-11.742614702679129,sl
2026-07-08 15:20:00+00:00,2026-07-08 15:30:00+00:00,sell,4042.47509765625,4034.841076574598,0.02,15.148042163304018,tp
2026-07-08 16:15:00+00:00,2026-07-08 16:25:00+00:00,buy,4050.125,4055.1306433687196,0.04,19.7825734748783,tp
2026-07-08 16:45:00+00:00,2026-07-08 16:50:00+00:00,buy,4066.52490234375,4072.782625047624,0.03,18.593168111622454,tp
2026-07-08 16:50:00+00:00,2026-07-08 16:55:00+00:00,buy,4068.52490234375,4074.591595353774,0.03,18.02007903007263,tp
2026-07-08 16:55:00+00:00,2026-07-08 17:05:00+00:00,buy,4072.625,4078.310128082646,0.04,22.500512330583444,tp
2026-07-08 17:30:00+00:00,2026-07-08 17:40:00+00:00,buy,4083.625,4079.9490597192394,0.05,-18.67970140380321,sl
2026-07-08 18:45:00+00:00,2026-07-08 18:50:00+00:00,buy,4089.925048828125,4095.4487994200044,0.04,21.855002367517738,tp
2026-07-08 18:50:00+00:00,2026-07-08 18:55:00+00:00,buy,4100.3251953125,4096.360476654553,0.04,-16.09887463178733,sl
2026-07-08 19:50:00+00:00,2026-07-08 19:55:00+00:00,sell,4089.074951171875,4091.964456118998,0.06,-17.69702968273792,sl
2026-07-08 20:25:00+00:00,2026-07-08 20:30:00+00:00,sell,4085.375,4087.794459263538,0.07,-17.35621484476671,sl
2026-07-09 08:25:00+00:00,2026-07-09 08:30:00+00:00,buy,4125.125,4122.280894354538,0.05,-14.520528227310752,sl
2026-07-09 09:10:00+00:00,2026-07-09 09:15:00+00:00,sell,4115.875,4118.271888770331,0.06,-14.741332621987894,sl
2026-07-09 09:45:00+00:00,2026-07-09 09:50:00+00:00,sell,4112.97509765625,4115.100540276963,0.07,-15.298098344993306,sl
2026-07-09 10:50:00+00:00,2026-07-09 10:55:00+00:00,sell,4109.875,4106.918292879795,0.07,20.27694984143189,tp
2026-07-09 10:55:00+00:00,2026-07-09 11:00:00+00:00,sell,4106.27490234375,4108.636459860424,0.06,-14.529345100044665,sl
2026-07-09 12:10:00+00:00,2026-07-09 12:15:00+00:00,buy,4125.625,4122.321844390382,0.04,-13.452622438473773,sl
2026-07-09 13:25:00+00:00,2026-07-09 13:30:00+00:00,buy,4135.52490234375,4131.804522899626,0.04,-15.121517776495457,sl
2026-07-09 14:05:00+00:00,2026-07-09 14:10:00+00:00,buy,4141.4248046875,4136.4375210503795,0.03,-15.14185091136158,sl
2026-07-09 16:35:00+00:00,2026-07-09 16:40:00+00:00,buy,4144.52490234375,4141.831065139973,0.05,-13.769186018883193,sl
2026-07-09 17:50:00+00:00,2026-07-09 17:55:00+00:00,buy,4146.4248046875,4143.92618280257,0.06,-15.351731309579336,sl
2026-07-09 18:20:00+00:00,2026-07-09 18:25:00+00:00,sell,4136.77490234375,4133.609694127133,0.06,18.631249299704578,tp
2026-07-09 18:25:00+00:00,2026-07-09 18:35:00+00:00,sell,4134.27490234375,4131.2844237122645,0.07,20.513350420398712,tp
2026-07-09 18:40:00+00:00,2026-07-09 18:45:00+00:00,sell,4131.875,4133.9622569465,0.07,-15.03079862550014,sl
2026-07-09 19:30:00+00:00,2026-07-09 19:35:00+00:00,sell,4130.47509765625,4132.046837109349,0.1,-16.317394530993262,sl
2026-07-10 07:45:00+00:00,2026-07-10 07:55:00+00:00,sell,4115.875,4118.270771619465,0.06,-14.734629716792696,sl
2026-07-10 08:35:00+00:00,2026-07-10 08:45:00+00:00,sell,4110.875,4107.8130117720175,0.07,21.013917595877576,tp
2026-07-10 08:50:00+00:00,2026-07-10 08:55:00+00:00,sell,4104.5751953125,4107.04370440821,0.06,-15.171054574260197,sl
2026-07-10 09:55:00+00:00,2026-07-10 10:00:00+00:00,buy,4113.8251953125,4116.334088721291,0.08,19.591147270326037,tp
2026-07-10 10:05:00+00:00,2026-07-10 10:10:00+00:00,buy,4117.52490234375,4115.5370124197,0.08,-16.383119392402005,sl
2026-07-10 10:25:00+00:00,2026-07-10 10:30:00+00:00,buy,4120.4248046875,4118.324868551317,0.07,-15.119552953279637,sl
2026-07-10 11:00:00+00:00,2026-07-10 11:05:00+00:00,sell,4113.1748046875,4115.230272092834,0.07,-14.808271837336108,sl
2026-07-10 11:30:00+00:00,2026-07-10 11:35:00+00:00,sell,4108.6748046875,4105.465135743315,0.06,18.898013665110412,tp
2026-07-10 11:35:00+00:00,2026-07-10 11:40:00+00:00,sell,4107.875,4110.254705424695,0.06,-14.638232548171217,sl
2026-07-10 12:15:00+00:00,2026-07-10 12:20:00+00:00,buy,4124.02490234375,4120.510304947239,0.04,-14.298389586043632,sl
2026-07-10 12:45:00+00:00,2026-07-10 12:50:00+00:00,sell,4106.5751953125,4109.874863275663,0.04,-13.438671852653206,sl
2026-07-10 13:30:00+00:00,2026-07-10 13:35:00+00:00,sell,4095.875,4100.233413201726,0.03,-13.255239605177557,sl
2026-07-10 14:35:00+00:00,2026-07-10 14:40:00+00:00,sell,4099.27490234375,4105.5891103416125,0.02,-12.748415995724935,sl
2026-07-10 15:50:00+00:00,2026-07-10 16:30:00+00:00,buy,4119.3251953125,4124.393523942308,0.04,20.033314519232373,tp
2026-07-10 16:55:00+00:00,2026-07-10 17:00:00+00:00,sell,4115.27490234375,4112.051027658797,0.06,18.983248109720662,tp
2026-07-10 17:00:00+00:00,2026-07-10 17:20:00+00:00,sell,4113.27490234375,4115.542815529779,0.06,-13.967479116171816,sl
2026-07-10 18:00:00+00:00,2026-07-10 18:05:00+00:00,sell,4109.6748046875,4111.389918682899,0.09,-15.976025958594654,sl
2026-07-10 18:45:00+00:00,2026-07-10 18:50:00+00:00,sell,4107.5751953125,4109.265717266603,0.09,-15.754697586928195,sl
2026-07-10 19:05:00+00:00,2026-07-10 19:10:00+00:00,sell,4106.5751953125,4108.369870695831,0.08,-14.837403066649568,sl
2026-07-10 19:50:00+00:00,2026-07-10 19:55:00+00:00,buy,4113.52490234375,4115.365061709238,0.11,19.581753020368378,tp
2026-07-10 19:55:00+00:00,2026-07-10 20:00:00+00:00,buy,4114.125,4116.111126398006,0.1,19.26126398005581,tp
2026-07-10 20:00:00+00:00,2026-07-10 20:05:00+00:00,buy,4116.52490234375,4119.081556940771,0.08,19.97323677617125,tp
2026-07-10 20:05:00+00:00,2026-07-10 20:10:00+00:00,buy,4121.8251953125,4119.918802691165,0.08,-15.731140970678535,sl
2026-07-10 20:55:00+00:00,2026-07-12 22:10:00+00:00,buy,4127.4248046875,4124.708103738624,0.05,-13.883504744378843,sl
2026-07-13 08:00:00+00:00,2026-07-13 08:05:00+00:00,buy,4072.925048828125,4076.9088817915385,0.05,19.619164817067666,tp
2026-07-13 08:05:00+00:00,2026-07-13 08:10:00+00:00,buy,4073.72509765625,4077.977092083917,0.05,20.959972138334432,tp
2026-07-13 08:10:00+00:00,2026-07-13 08:15:00+00:00,buy,4079.52490234375,4083.8773209518945,0.05,21.462093040722447,tp
2026-07-13 08:15:00+00:00,2026-07-13 08:20:00+00:00,buy,4082.324951171875,4086.680380632267,0.06,25.772576762351164,tp
2026-07-13 08:20:00+00:00,2026-07-13 08:30:00+00:00,buy,4083.72509765625,4080.5474011728847,0.06,-19.426178900191516,sl
2026-07-13 09:40:00+00:00,2026-07-13 09:45:00+00:00,sell,4077.97509765625,4080.237647366929,0.08,-18.580397685433564,sl
2026-07-13 10:00:00+00:00,2026-07-13 10:05:00+00:00,sell,4076.074951171875,4078.198983516813,0.08,-17.472258759502875,sl
2026-07-13 10:30:00+00:00,2026-07-13 10:35:00+00:00,sell,4072.77490234375,4074.7741288509746,0.08,-16.473812057797186,sl
2026-07-13 10:45:00+00:00,2026-07-13 10:50:00+00:00,sell,4060.27490234375,4063.629113585546,0.04,-13.656844967183352,sl
2026-07-13 11:55:00+00:00,2026-07-13 12:00:00+00:00,sell,4064.074951171875,4067.1526276769755,0.05,-15.688382525502494,sl
2026-07-13 12:50:00+00:00,2026-07-13 13:00:00+00:00,buy,4073.22509765625,4070.42760024531,0.05,-14.287487054700978,sl
2026-07-13 13:40:00+00:00,2026-07-13 13:45:00+00:00,sell,4061.77490234375,4065.157011996137,0.04,-13.768438609548175,sl
2026-07-13 13:50:00+00:00,2026-07-13 13:55:00+00:00,sell,4058.375,4052.732684453102,0.03,16.746946640693587,tp
2026-07-13 14:00:00+00:00,2026-07-13 14:05:00+00:00,sell,4050.375,4043.847316148941,0.03,19.40305155317703,tp
2026-07-13 14:05:00+00:00,2026-07-13 14:15:00+00:00,sell,4047.675048828125,4040.5343894905404,0.03,21.241978012753698,tp
2026-07-13 14:15:00+00:00,2026-07-13 14:20:00+00:00,sell,4043.074951171875,4033.5050497294924,0.02,19.01980288476523,tp
2026-07-13 14:20:00+00:00,2026-07-13 14:30:00+00:00,sell,4029.175048828125,4018.4378009113934,0.02,21.35449583346315,tp
2026-07-13 15:20:00+00:00,2026-07-13 15:25:00+00:00,buy,4026.22509765625,4021.7076400861456,0.04,-18.30983028041759,sl
2026-07-13 16:30:00+00:00,2026-07-13 16:35:00+00:00,sell,4011.27490234375,4005.783800942658,0.04,21.72440560436713,tp
2026-07-13 16:35:00+00:00,2026-07-13 16:40:00+00:00,sell,4002.074951171875,4006.0208253841724,0.04,-16.02349684918976,sl
2026-07-13 18:00:00+00:00,2026-07-13 18:10:00+00:00,sell,4000.574951171875,3996.827242998919,0.06,22.126249037737253,tp
2026-07-13 18:20:00+00:00,2026-07-13 18:25:00+00:00,sell,3995.27490234375,3998.5962836595018,0.05,-16.906906578758754,sl
2026-07-13 18:40:00+00:00,2026-07-13 18:50:00+00:00,buy,4006.22509765625,4010.143762817749,0.06,23.151990968994724,tp
2026-07-13 18:50:00+00:00,2026-07-13 18:55:00+00:00,buy,4009.02490234375,4006.1988257575567,0.07,-20.202536103352873,sl
2026-07-13 19:40:00+00:00,2026-07-13 19:45:00+00:00,sell,4002.175048828125,4004.801563583244,0.07,-18.805603285832532,sl
2026-07-13 20:00:00+00:00,2026-07-13 20:05:00+00:00,buy,4009.52490234375,4012.8364812422183,0.07,22.761052289277888,tp
2026-07-13 20:05:00+00:00,2026-07-13 20:10:00+00:00,buy,4011.824951171875,4009.34636444026,0.07,-17.770107121304974,sl
2026-07-14 08:00:00+00:00,2026-07-14 08:05:00+00:00,sell,4027.175048828125,4023.5503517205525,0.05,17.823485537862506,tp
2026-07-14 08:05:00+00:00,2026-07-14 08:25:00+00:00,sell,4025.375,4028.122487755903,0.06,-16.844926535417798,sl
2026-07-14 10:35:00+00:00,2026-07-14 10:40:00+00:00,sell,4022.574951171875,4024.8209893080807,0.07,-16.142266953439886,sl
2026-07-14 11:25:00+00:00,2026-07-14 11:30:00+00:00,buy,4035.22509765625,4032.5800041398916,0.05,-13.525467581792146,sl
2026-07-14 12:35:00+00:00,2026-07-14 12:40:00+00:00,buy,4104.125,4095.048395372469,0.01,-9.136604627531197,sl
2026-07-14 13:45:00+00:00,2026-07-14 13:50:00+00:00,buy,4095.22509765625,4089.290328824351,0.02,-11.989537663797927,sl
2026-07-14 15:10:00+00:00,2026-07-14 15:15:00+00:00,buy,4104.4248046875,4098.658075366829,0.02,-11.653458641342803,sl
2026-07-14 15:40:00+00:00,2026-07-14 15:50:00+00:00,sell,4083.175048828125,4075.966773408046,0.03,21.44482626023757,tp
2026-07-14 15:50:00+00:00,2026-07-14 15:55:00+00:00,sell,4078.27490234375,4071.5070203511405,0.03,20.123645977828637,tp
2026-07-14 16:05:00+00:00,2026-07-14 16:35:00+00:00,sell,4070.675048828125,4064.5819161980703,0.03,18.09939789016409,tp
2026-07-14 18:25:00+00:00,2026-07-14 18:30:00+00:00,sell,4063.675048828125,4065.7495214889664,0.07,-14.941308625889562,sl
2026-07-14 18:40:00+00:00,2026-07-14 18:45:00+00:00,sell,4058.97509765625,4054.80411114135,0.05,20.554932574500253,tp
2026-07-14 18:45:00+00:00,2026-07-14 18:50:00+00:00,sell,4052.574951171875,4055.670064995067,0.05,-15.775569115960753,sl
2026-07-14 20:40:00+00:00,2026-07-14 20:50:00+00:00,sell,4056.47509765625,4058.035083466093,0.1,-16.19985809843056,sl
2026-07-15 07:25:00+00:00,2026-07-15 07:30:00+00:00,sell,4031.97509765625,4028.416100478034,0.06,20.993983069296192,tp
2026-07-15 07:30:00+00:00,2026-07-15 07:35:00+00:00,sell,4029.675048828125,4025.9592629924214,0.06,21.934715014221766,tp
2026-07-15 07:35:00+00:00,2026-07-15 07:45:00+00:00,sell,4029.375,4032.0231246113235,0.06,-16.24874766794106,sl
2026-07-15 08:15:00+00:00,2026-07-15 08:20:00+00:00,sell,4023.574951171875,4026.597788772172,0.05,-15.414188001484764,sl
2026-07-15 08:35:00+00:00,2026-07-15 08:55:00+00:00,buy,4034.52490234375,4038.2892724842286,0.05,18.52185070239302,tp
2026-07-15 08:55:00+00:00,2026-07-15 09:00:00+00:00,buy,4036.824951171875,4040.0324772771255,0.07,22.03268273675356,tp
2026-07-15 09:00:00+00:00,2026-07-15 09:15:00+00:00,buy,4037.824951171875,4035.494491644397,0.08,-19.123676219824556,sl
2026-07-15 09:35:00+00:00,2026-07-15 09:45:00+00:00,sell,4032.675048828125,4034.764368966524,0.08,-17.19456110719373,sl
2026-07-15 10:15:00+00:00,2026-07-15 10:20:00+00:00,buy,4040.22509765625,4038.030688365221,0.07,-15.780865037202531,sl
2026-07-15 11:40:00+00:00,2026-07-15 11:45:00+00:00,buy,4041.52490234375,4044.3681401122262,0.07,19.482664379333603,tp
2026-07-15 11:45:00+00:00,2026-07-15 11:50:00+00:00,buy,4043.925048828125,4041.821063100089,0.08,-17.311885824289202,sl
2026-07-15 12:05:00+00:00,2026-07-15 12:10:00+00:00,buy,4047.125,4044.8173922752408,0.06,-14.205646348555419,sl
2026-07-15 12:35:00+00:00,2026-07-15 12:40:00+00:00,buy,4061.125,4066.493520762907,0.04,21.234083051627533,tp
2026-07-15 12:40:00+00:00,2026-07-15 12:55:00+00:00,buy,4070.625,4076.0890689059775,0.04,21.616275623909825,tp
2026-07-15 13:00:00+00:00,2026-07-15 13:10:00+00:00,buy,4074.824951171875,4070.6854577214867,0.04,-16.797973801553088,sl
2026-07-15 13:30:00+00:00,2026-07-15 13:35:00+00:00,sell,4062.074951171875,4066.0704518736993,0.04,-16.222002807297248,sl
2026-07-15 15:15:00+00:00,2026-07-15 15:25:00+00:00,sell,4050.175048828125,4053.894979990459,0.04,-15.119724649335913,sl
2026-07-15 16:15:00+00:00,2026-07-15 16:20:00+00:00,sell,4044.47509765625,4040.0227143568272,0.04,17.569533197691054,tp
2026-07-15 16:20:00+00:00,2026-07-15 16:25:00+00:00,sell,4040.97509765625,4044.1208041007776,0.04,-12.822825778110419,sl
2026-07-15 16:35:00+00:00,2026-07-15 16:45:00+00:00,sell,4037.074951171875,4040.2683743107737,0.04,-13.013692555594607,sl
2026-07-15 17:30:00+00:00,2026-07-15 17:35:00+00:00,buy,4054.02490234375,4059.195009694851,0.04,20.440429404403186,tp
2026-07-15 17:35:00+00:00,2026-07-15 17:40:00+00:00,buy,4061.52490234375,4066.7689953813706,0.04,20.73637215048235,tp
2026-07-15 17:40:00+00:00,2026-07-15 17:45:00+00:00,buy,4063.72509765625,4069.0333116221877,0.04,20.992855863750957,tp
2026-07-15 17:45:00+00:00,2026-07-15 18:00:00+00:00,buy,4069.22509765625,4074.4928772340213,0.04,20.83111831108523,tp
2026-07-15 18:05:00+00:00,2026-07-15 18:25:00+00:00,buy,4074.824951171875,4079.714506964337,0.05,24.147778962310166,tp
2026-07-15 18:30:00+00:00,2026-07-15 18:35:00+00:00,buy,4081.824951171875,4078.328597344643,0.05,-17.781769136159074,sl
2026-07-15 18:55:00+00:00,2026-07-15 19:00:00+00:00,sell,4070.47509765625,4066.168104052253,0.06,25.48196162398166,tp
2026-07-15 19:00:00+00:00,2026-07-15 19:10:00+00:00,sell,4066.175048828125,4069.300756243768,0.06,-19.114244493857186,sl
2026-07-15 19:25:00+00:00,2026-07-15 19:30:00+00:00,sell,4061.875,4064.7322161901743,0.06,-17.503297141045877,sl_and_tp_same_bar
2026-07-15 19:35:00+00:00,2026-07-15 19:40:00+00:00,sell,4056.574951171875,4059.7249603081896,0.05,-16.05004568157283,sl
2026-07-15 20:20:00+00:00,2026-07-15 20:25:00+00:00,buy,4065.925048828125,4068.8717816678736,0.08,23.09386271798896,tp
2026-07-15 20:25:00+00:00,2026-07-15 22:00:00+00:00,buy,4067.324951171875,4070.0901079142404,0.09,24.34641068128891,tp
2026-07-16 11:05:00+00:00,2026-07-16 11:15:00+00:00,sell,4033.675048828125,4031.4271995981944,0.09,19.69064306937522,tp
2026-07-16 11:20:00+00:00,2026-07-16 11:25:00+00:00,sell,4031.27490234375,4028.8543382950365,0.09,21.24507643842113,tp
2026-07-16 11:25:00+00:00,2026-07-16 11:30:00+00:00,sell,4029.77490234375,4031.8906726830064,0.08,-17.406162714051316,sl
2026-07-16 11:45:00+00:00,2026-07-16 11:50:00+00:00,buy,4041.02490234375,4037.555287936741,0.04,-14.118457628035904,sl
2026-07-16 11:55:00+00:00,2026-07-16 12:05:00+00:00,buy,4045.125,4041.3603659252635,0.04,-15.29853629894591,sl
2026-07-16 12:25:00+00:00,2026-07-16 12:30:00+00:00,sell,4025.27490234375,4030.577478523341,0.02,-10.725152359182283,sl
2026-07-16 12:45:00+00:00,2026-07-16 12:55:00+00:00,sell,4006.77490234375,3998.0715085490833,0.02,17.28678758933336,tp
2026-07-16 12:55:00+00:00,2026-07-16 13:00:00+00:00,sell,4000.27490234375,3992.063991030687,0.02,16.301822626126413,tp
2026-07-16 13:00:00+00:00,2026-07-16 13:05:00+00:00,sell,3996.175048828125,3986.435592356803,0.02,19.358912942643546,tp
2026-07-16 13:05:00+00:00,2026-07-16 13:10:00+00:00,sell,3981.97509765625,3988.8795613952357,0.02,-13.928927477971337,sl
2026-07-16 14:30:00+00:00,2026-07-16 14:55:00+00:00,buy,4003.425048828125,3998.210847561397,0.03,-15.822603800184588,sl
2026-07-16 15:25:00+00:00,2026-07-16 15:35:00+00:00,buy,4012.625,4019.541460041168,0.03,20.56938012350458,tp
2026-07-16 15:35:00+00:00,2026-07-16 15:40:00+00:00,buy,4018.925048828125,4014.268247442464,0.03,-14.150404156982567,sl
2026-07-16 16:15:00+00:00,2026-07-16 16:20:00+00:00,sell,3993.675048828125,3987.8948916231543,0.04,22.88062881988277,tp
2026-07-16 16:20:00+00:00,2026-07-16 16:35:00+00:00,sell,3991.77490234375,3995.8957748573166,0.04,-16.72349005426644,sl
2026-07-16 17:45:00+00:00,2026-07-16 17:50:00+00:00,sell,3985.97509765625,3988.8371664478846,0.05,-14.61034395817278,sl
2026-07-16 18:35:00+00:00,2026-07-16 18:40:00+00:00,sell,3983.47509765625,3986.155500478178,0.05,-13.702014109640277,sl
2026-07-16 19:35:00+00:00,2026-07-16 19:50:00+00:00,sell,3979.675048828125,3982.46721026019,0.05,-14.260807160324294,sl
2026-07-17 08:20:00+00:00,2026-07-17 08:25:00+00:00,sell,3994.574951171875,3997.3644465799703,0.05,-14.247477040476316,sl
2026-07-17 09:25:00+00:00,2026-07-17 09:30:00+00:00,buy,4005.824951171875,4003.0384887880123,0.05,-14.232311919313634,sl
2026-07-17 11:00:00+00:00,2026-07-17 11:10:00+00:00,sell,3994.375,3996.5120163252586,0.07,-15.379114276810398,sl
2026-07-17 11:55:00+00:00,2026-07-17 12:00:00+00:00,buy,4002.824951171875,4000.323338811683,0.06,-15.36967416115327,sl
2026-07-17 12:25:00+00:00,2026-07-17 12:30:00+00:00,sell,3988.675048828125,3991.4711285454605,0.05,-14.280398586677439,sl
2026-07-17 12:35:00+00:00,2026-07-17 12:40:00+00:00,sell,3985.175048828125,3980.820210471594,0.04,17.179353426124873,tp
2026-07-17 12:40:00+00:00,2026-07-17 12:45:00+00:00,sell,3981.074951171875,3975.7214480337148,0.04,21.174012552641,tp
2026-07-17 12:45:00+00:00,2026-07-17 12:55:00+00:00,sell,3972.875,3976.813365181215,0.03,-11.99509554364493,sl
2026-07-17 13:40:00+00:00,2026-07-17 13:45:00+00:00,buy,3998.125,3990.980179171904,0.02,-14.409641656191633,sl
2026-07-17 15:05:00+00:00,2026-07-17 15:10:00+00:00,buy,4016.925048828125,4011.414217255517,0.02,-11.141663145215825,sl
2026-07-17 15:55:00+00:00,2026-07-17 16:00:00+00:00,buy,4025.625,4021.654607653187,0.03,-12.09117704043836,sl
2026-07-17 16:25:00+00:00,2026-07-17 16:30:00+00:00,buy,4028.52490234375,4024.887858574173,0.04,-14.788175078307395,sl
2026-07-17 17:55:00+00:00,2026-07-17 18:00:00+00:00,sell,4013.97509765625,4016.2428836264926,0.06,-13.966715821455509,sl
2026-07-17 18:30:00+00:00,2026-07-17 18:35:00+00:00,buy,4020.425048828125,4018.0312429417036,0.06,-14.722835318528595,sl
2026-07-17 19:10:00+00:00,2026-07-17 19:20:00+00:00,sell,4009.97509765625,4007.2291115390635,0.07,18.801902820305333,tp
2026-07-17 19:25:00+00:00,2026-07-17 19:30:00+00:00,sell,4007.175048828125,4009.2172383449933,0.07,-14.715326618078436,sl
2026-07-17 19:55:00+00:00,2026-07-17 20:00:00+00:00,buy,4020.22509765625,4018.1873760821777,0.07,-14.684051018506054,sl
2026-07-17 20:55:00+00:00,2026-07-19 22:10:00+00:00,buy,4020.824951171875,4018.8587255635616,0.07,-14.18357925819366,sl
2026-07-20 07:25:00+00:00,2026-07-20 07:30:00+00:00,buy,4012.72509765625,4015.8621114318976,0.06,18.462082653885446,tp
2026-07-20 07:35:00+00:00,2026-07-20 07:40:00+00:00,buy,4018.125,4021.8469179946114,0.06,21.971507967668586,tp
2026-07-20 07:40:00+00:00,2026-07-20 07:45:00+00:00,buy,4021.125,4024.92198387658,0.06,22.421903259478896,tp
2026-07-20 07:45:00+00:00,2026-07-20 07:50:00+00:00,buy,4026.125,4023.277968777559,0.06,-17.442187334644913,sl
2026-07-20 08:05:00+00:00,2026-07-20 08:10:00+00:00,buy,4027.925048828125,4025.023279826312,0.06,-17.770614010878816,sl
2026-07-20 08:25:00+00:00,2026-07-20 08:30:00+00:00,buy,4034.02490234375,4030.629291060034,0.05,-17.2780564185794,sl
2026-07-20 09:50:00+00:00,2026-07-20 09:55:00+00:00,buy,4027.625,4025.2721573103527,0.06,-14.477056137883991,sl
2026-07-20 10:55:00+00:00,2026-07-20 11:00:00+00:00,buy,4029.625,4027.809866995343,0.08,-15.00106403725702,sl
2026-07-20 11:35:00+00:00,2026-07-20 11:40:00+00:00,buy,4042.02490234375,4038.474883145907,0.04,-14.44007679137234,sl
2026-07-20 12:05:00+00:00,2026-07-20 12:15:00+00:00,sell,4019.074951171875,4013.7452003008916,0.04,21.07900348393356,tp
2026-07-20 12:25:00+00:00,2026-07-20 12:30:00+00:00,sell,4011.574951171875,4015.457072111654,0.03,-11.826362819336445,sl
2026-07-20 14:00:00+00:00,2026-07-20 14:05:00+00:00,sell,4009.27490234375,4004.3604291760985,0.04,19.41789267060609,tp
2026-07-20 14:05:00+00:00,2026-07-20 14:10:00+00:00,sell,4007.875,4002.96047416616,0.04,19.418103335359557,tp
2026-07-20 14:10:00+00:00,2026-07-20 14:25:00+00:00,sell,4004.574951171875,4007.979665490455,0.04,-13.858857274319453,sl
2026-07-20 14:50:00+00:00,2026-07-20 14:55:00+00:00,buy,4016.72509765625,4013.542953472554,0.04,-12.968576734783928,sl
2026-07-20 15:10:00+00:00,2026-07-20 15:15:00+00:00,buy,4023.925048828125,4020.0435277090805,0.03,-11.824563357133393,sl
2026-07-20 16:35:00+00:00,2026-07-20 16:40:00+00:00,sell,4013.675048828125,4015.868130677056,0.07,-15.771572942516215,sl_and_tp_same_bar
2026-07-20 17:50:00+00:00,2026-07-20 18:00:00+00:00,sell,4009.675048828125,4011.505171183105,0.08,-15.12097883984141,sl
2026-07-20 19:30:00+00:00,2026-07-20 19:35:00+00:00,buy,4017.324951171875,4015.039572813841,0.06,-14.07227014820397,sl
2026-07-21 07:25:00+00:00,2026-07-21 07:30:00+00:00,sell,4075.175048828125,4077.4679369927685,0.06,-14.117328987861,sl
2026-07-21 08:05:00+00:00,2026-07-21 08:15:00+00:00,sell,4070.97509765625,4073.2651517403588,0.06,-14.100324504652562,sl
2026-07-21 08:25:00+00:00,2026-07-21 08:45:00+00:00,sell,4068.27490234375,4065.5114873139773,0.07,18.923905208408616,tp
2026-07-21 08:50:00+00:00,2026-07-21 08:55:00+00:00,sell,4064.375,4066.4553738064633,0.07,-14.982616645242999,sl
2026-07-21 09:55:00+00:00,2026-07-21 10:00:00+00:00,buy,4073.425048828125,4071.1217619292997,0.06,-14.179721392951578,sl
2026-07-21 11:05:00+00:00,2026-07-21 11:10:00+00:00,sell,4061.175048828125,4063.6921947617607,0.06,-15.462875601814048,sl
2026-07-21 12:25:00+00:00,2026-07-21 12:30:00+00:00,buy,4069.72509765625,4067.1249748212867,0.05,-13.300614174816292,sl
2026-07-21 12:45:00+00:00,2026-07-21 12:50:00+00:00,sell,4057.77490234375,4060.9601183736177,0.04,-12.980864119470644,sl
2026-07-21 14:15:00+00:00,2026-07-21 14:20:00+00:00,buy,4070.625,4066.4851704239627,0.03,-12.5994887281119,sl
2026-07-21 14:30:00+00:00,2026-07-21 14:35:00+00:00,buy,4074.125,4070.136635528808,0.03,-12.145093413576596,sl
2026-07-21 15:20:00+00:00,2026-07-21 15:30:00+00:00,buy,4081.125,4085.5503784143107,0.04,17.461513657242687,tp
2026-07-21 15:35:00+00:00,2026-07-21 15:40:00+00:00,buy,4085.52490234375,4082.431300987795,0.04,-12.614405423819553,sl
2026-07-21 16:45:00+00:00,2026-07-21 17:40:00+00:00,sell,4076.175048828125,4073.104421467449,0.06,18.063764164056593,tp
2026-07-21 17:45:00+00:00,2026-07-21 18:00:00+00:00,sell,4072.27490234375,4073.8660481938223,0.09,-14.86031265065052,sl
2026-07-21 18:20:00+00:00,2026-07-21 18:25:00+00:00,buy,4077.425048828125,4080.3160043526286,0.07,19.816688671525373,tp
2026-07-21 18:25:00+00:00,2026-07-21 18:30:00+00:00,buy,4085.72509765625,4089.0539257774863,0.06,19.612968727417538,tp
2026-07-21 18:30:00+00:00,2026-07-21 18:35:00+00:00,buy,4088.72509765625,4086.2365642382856,0.06,-15.291200507786343,sl
2026-07-21 20:45:00+00:00,2026-07-21 20:50:00+00:00,sell,4084.97509765625,4082.9346622605067,0.1,19.804353957433158,tp
2026-07-21 20:50:00+00:00,2026-07-21 22:00:00+00:00,sell,4082.375,4083.887136544624,0.1,-15.721365446238996,sl
2026-07-22 07:05:00+00:00,2026-07-22 07:10:00+00:00,sell,4117.0751953125,4119.722326512712,0.05,-13.535656001061216,sl
2026-07-22 07:50:00+00:00,2026-07-22 07:55:00+00:00,sell,4114.47509765625,4117.024514290935,0.05,-13.04708317342629,sl
2026-07-22 08:30:00+00:00,2026-07-22 08:40:00+00:00,buy,4121.9248046875,4119.727849440314,0.06,-13.54173148311871,sl
2026-07-22 09:15:00+00:00,2026-07-22 09:20:00+00:00,buy,4126.22509765625,4124.210384579817,0.07,-14.522991535028197,sl
2026-07-22 10:25:00+00:00,2026-07-22 10:30:00+00:00,buy,4126.125,4123.969499941543,0.07,-15.50850040919697,sl
2026-07-22 11:20:00+00:00,2026-07-22 11:25:00+00:00,buy,4125.52490234375,4123.580777903042,0.07,-14.028871084956265,sl
2026-07-22 12:05:00+00:00,2026-07-22 12:20:00+00:00,buy,4129.9248046875,4133.3057137802,0.06,19.925454556198602,tp
2026-07-22 12:25:00+00:00,2026-07-22 12:30:00+00:00,buy,4134.8251953125,4132.259898377483,0.05,-13.126484675083521,sl_and_tp_same_bar
2026-07-22 12:50:00+00:00,2026-07-22 12:55:00+00:00,sell,4123.27490234375,4119.255684555226,0.05,19.796088942618734,tp
2026-07-22 12:55:00+00:00,2026-07-22 13:00:00+00:00,sell,4122.1748046875,4117.1961375520295,0.04,19.67466854188184,tp
2026-07-22 13:00:00+00:00,2026-07-22 13:05:00+00:00,sell,4116.97509765625,4120.6568909248,0.04,-14.967173074199527,sl
2026-07-22 13:25:00+00:00,2026-07-22 13:30:00+00:00,buy,4138.625,4143.472035294161,0.04,19.14814117664515,tp
2026-07-22 13:35:00+00:00,2026-07-22 13:45:00+00:00,buy,4147.625,4153.792937673031,0.03,18.323813019092377,tp
2026-07-22 14:00:00+00:00,2026-07-22 14:15:00+00:00,buy,4159.9248046875,4155.1419412565065,0.03,-14.528590292980589,sl
2026-07-22 15:10:00+00:00,2026-07-22 15:20:00+00:00,buy,4159.72509765625,4164.476933105516,0.04,18.76734179706342,tp
2026-07-22 15:25:00+00:00,2026-07-22 15:30:00+00:00,buy,4164.72509765625,4161.396051000847,0.04,-13.556186621610541,sl
2026-07-22 15:50:00+00:00,2026-07-22 15:55:00+00:00,buy,4169.72509765625,4166.733525028806,0.05,-15.257863137219648,sl
2026-07-22 16:15:00+00:00,2026-07-22 16:25:00+00:00,sell,4159.47509765625,4155.76685420028,0.05,18.24121727984875,tp
2026-07-22 16:25:00+00:00,2026-07-22 16:30:00+00:00,sell,4157.47509765625,4153.785675436127,0.05,18.147111100613255,tp
2026-07-22 16:30:00+00:00,2026-07-22 16:35:00+00:00,sell,4154.47509765625,4150.7782885029765,0.05,18.18404576636767,tp
2026-07-22 16:35:00+00:00,2026-07-22 16:40:00+00:00,sell,4151.97509765625,4154.676261868419,0.05,-13.805821060844028,sl
2026-07-22 17:40:00+00:00,2026-07-22 17:45:00+00:00,sell,4144.6748046875,4147.1801333545745,0.06,-15.391972002447218,sl
2026-07-22 18:30:00+00:00,2026-07-22 18:45:00+00:00,sell,4140.77490234375,4142.995030557999,0.06,-13.680769285492133,sl
2026-07-22 19:55:00+00:00,2026-07-22 20:00:00+00:00,sell,4135.47509765625,4137.510068915208,0.07,-14.664798812704177,sl
2026-07-22 20:55:00+00:00,2026-07-22 22:00:00+00:00,sell,4133.875,4131.613452096066,0.09,19.81393113540704,tp
2026-07-23 07:05:00+00:00,2026-07-23 07:10:00+00:00,sell,4118.1748046875,4114.694296946519,0.06,20.523046445886067,tp
2026-07-23 07:10:00+00:00,2026-07-23 07:20:00+00:00,sell,4112.97509765625,4108.967335999483,0.05,19.73880828383444,tp
2026-07-23 07:40:00+00:00,2026-07-23 07:45:00+00:00,sell,4103.27490234375,4098.097840943362,0.04,20.468245601552336,tp
2026-07-23 07:45:00+00:00,2026-07-23 07:50:00+00:00,sell,4098.47509765625,4093.321012932164,0.05,25.470423620429028,tp
2026-07-23 07:50:00+00:00,2026-07-23 07:55:00+00:00,sell,4095.47509765625,4099.074219871833,0.05,-18.295611077913055,sl
2026-07-23 09:05:00+00:00,2026-07-23 09:10:00+00:00,buy,4101.3251953125,4098.591231399548,0.07,-19.55774739066594,sl
2026-07-23 10:55:00+00:00,2026-07-23 11:00:00+00:00,buy,4097.52490234375,4095.1001873132514,0.07,-17.393005213490525,sl
2026-07-23 11:20:00+00:00,2026-07-23 11:25:00+00:00,sell,4088.375,4084.7830983052727,0.06,21.191410168363873,tp
2026-07-23 11:25:00+00:00,2026-07-23 11:30:00+00:00,sell,4086.875,4083.346673479153,0.07,24.278285645927628,tp
2026-07-23 11:40:00+00:00,2026-07-23 11:45:00+00:00,sell,4081.875,4084.6901456051487,0.07,-20.126019236040907,sl
2026-07-23 13:00:00+00:00,2026-07-23 13:05:00+00:00,sell,4064.074951171875,4057.899514170275,0.04,24.461748006400523,tp
2026-07-23 13:05:00+00:00,2026-07-23 13:10:00+00:00,sell,4057.97509765625,4051.1157247809047,0.04,27.197491501381375,tp
2026-07-23 13:10:00+00:00,2026-07-23 13:20:00+00:00,sell,4049.375,4054.0954154390884,0.04,-19.121661756353422,sl
2026-07-23 15:30:00+00:00,2026-07-23 15:35:00+00:00,sell,4049.375,4053.015568139746,0.05,-18.50284069872969,sl
2026-07-23 17:40:00+00:00,2026-07-23 18:00:00+00:00,sell,4047.074951171875,4043.9920019712495,0.08,24.18359360500428,tp
2026-07-23 18:35:00+00:00,2026-07-23 19:00:00+00:00,buy,4047.925048828125,4050.7741432465195,0.1,27.89094418394543,tp
2026-07-24 07:10:00+00:00,2026-07-24 07:25:00+00:00,buy,4048.425048828125,4052.21332795721,0.05,18.641395645424563,tp
2026-07-24 07:25:00+00:00,2026-07-24 07:30:00+00:00,buy,4050.824951171875,4054.305241052812,0.06,20.521739285622644,tp
2026-07-24 07:30:00+00:00,2026-07-24 07:35:00+00:00,buy,4051.824951171875,4049.1288869837226,0.06,-16.53638512891426,sl_and_tp_same_bar
2026-07-24 08:30:00+00:00,2026-07-24 08:35:00+00:00,buy,4054.925048828125,4052.823141661703,0.08,-17.295257331374597,sl
2026-07-24 08:45:00+00:00,2026-07-24 08:55:00+00:00,buy,4057.425048828125,4060.243579863585,0.07,19.30971724822128,tp
2026-07-24 08:55:00+00:00,2026-07-24 09:00:00+00:00,buy,4059.125,4061.8485399603846,0.08,21.308319683077134,tp
2026-07-24 09:00:00+00:00,2026-07-24 09:05:00+00:00,buy,4060.52490234375,4058.322087068028,0.08,-18.102522205776477,sl
2026-07-24 10:00:00+00:00,2026-07-24 10:10:00+00:00,buy,4062.72509765625,4060.934343281092,0.09,-16.656789376422275,sl
2026-07-24 11:45:00+00:00,2026-07-24 11:50:00+00:00,sell,4057.875,4055.576935505758,0.09,20.142580448180034,tp
2026-07-24 11:50:00+00:00,2026-07-24 11:55:00+00:00,sell,4057.175048828125,4058.9240260220204,0.1,-18.08977193895371,sl_and_tp_same_bar
2026-07-24 13:10:00+00:00,2026-07-24 13:20:00+00:00,sell,4048.97509765625,4051.924611735209,0.05,-15.047570394795276,sl
2026-07-24 13:55:00+00:00,2026-07-24 14:00:00+00:00,buy,4062.625,4068.696939664648,0.03,18.035818993944595,tp
2026-07-24 14:00:00+00:00,2026-07-24 14:05:00+00:00,buy,4070.02490234375,4065.7194483152866,0.03,-13.096362085390119,sl
2026-07-24 15:15:00+00:00,2026-07-24 15:20:00+00:00,buy,4077.824951171875,4083.7686248711166,0.03,17.651021097724716,tp
2026-07-24 15:20:00+00:00,2026-07-24 15:25:00+00:00,buy,4080.425048828125,4076.0417118366186,0.03,-13.330010974519318,sl
2026-07-24 16:40:00+00:00,2026-07-24 16:45:00+00:00,sell,4070.47509765625,4067.006405126603,0.06,20.452155177881323,tp
2026-07-24 16:45:00+00:00,2026-07-24 17:05:00+00:00,sell,4069.97509765625,4066.553552411806,0.06,20.169271466664796,tp
2026-07-24 18:20:00+00:00,2026-07-24 18:25:00+00:00,sell,4062.574951171875,4059.976757062895,0.09,22.84374698081907,tp
2026-07-24 18:25:00+00:00,2026-07-24 18:30:00+00:00,sell,4059.875,4057.2318808607592,0.1,25.831191392407526,tp
2026-07-24 18:30:00+00:00,2026-07-24 18:40:00+00:00,sell,4057.675048828125,4054.956988803283,0.1,26.580600248420886,tp
2026-07-24 19:25:00+00:00,2026-07-24 19:30:00+00:00,sell,4051.77490234375,4053.6185763822373,0.12,-22.84408846184735,sl
2026-07-24 19:45:00+00:00,2026-07-24 19:50:00+00:00,buy,4059.625,4057.8137322898465,0.12,-22.455212521842185,sl
2026-07-26 22:10:00+00:00,2026-07-26 22:15:00+00:00,buy,4091.625,4087.660428738596,0.03,-12.07371378421265,sl
2026-07-27 07:15:00+00:00,2026-07-27 07:20:00+00:00,buy,4103.72509765625,4106.831150101135,0.06,18.276314669309286,tp
2026-07-27 07:20:00+00:00,2026-07-27 07:30:00+00:00,buy,4106.125,4103.901177511011,0.07,-15.986757422921912,sl
2026-07-27 07:55:00+00:00,2026-07-27 08:00:00+00:00,sell,4096.0751953125,4092.723946291854,0.06,19.74749412387486,tp
2026-07-27 08:00:00+00:00,2026-07-27 08:05:00+00:00,sell,4090.77490234375,4093.316409590401,0.06,-15.609043479904685,sl
2026-07-27 08:55:00+00:00,2026-07-27 09:05:00+00:00,buy,4096.52490234375,4099.410542727618,0.07,19.779482687076854,tp
2026-07-27 09:05:00+00:00,2026-07-27 09:10:00+00:00,buy,4098.4248046875,4096.3746892874115,0.08,-16.88092320070835,sl
2026-07-27 10:50:00+00:00,2026-07-27 10:55:00+00:00,buy,4104.4248046875,4102.314638508766,0.07,-15.191163251140026,sl
2026-07-27 11:50:00+00:00,2026-07-27 12:00:00+00:00,sell,4097.375,4099.5808235999075,0.07,-15.860765199352429,sl
2026-07-27 12:15:00+00:00,2026-07-27 12:20:00+00:00,sell,4089.175048828125,4085.4384844246424,0.05,18.382822017412945,tp
2026-07-27 12:20:00+00:00,2026-07-27 12:25:00+00:00,sell,4085.77490234375,4088.45102844354,0.05,-13.680630498950269,sl
2026-07-27 13:30:00+00:00,2026-07-27 13:35:00+00:00,sell,4077.875,4081.4184687901056,0.04,-14.41387516042254,sl
2026-07-27 14:00:00+00:00,2026-07-27 14:15:00+00:00,sell,4075.77490234375,4080.1740428950475,0.03,-13.377421653892434,sl
2026-07-27 14:30:00+00:00,2026-07-27 14:45:00+00:00,sell,4070.27490234375,4073.88931410234,0.04,-14.69764703435998,sl
2026-07-27 16:10:00+00:00,2026-07-27 16:15:00+00:00,buy,4086.52490234375,4084.0885438800724,0.06,-14.97815078206564,sl
2026-07-27 16:35:00+00:00,2026-07-27 16:40:00+00:00,buy,4093.625,4090.786879605726,0.05,-14.490601971370143,sl
2026-07-27 17:05:00+00:00,2026-07-27 17:10:00+00:00,sell,4077.875,4074.1208466722405,0.05,18.47076663879734,tp
2026-07-27 17:10:00+00:00,2026-07-27 18:00:00+00:00,sell,4076.875,4079.673300308122,0.05,-14.291501540610899,sl
2026-07-27 18:05:00+00:00,2026-07-27 18:15:00+00:00,buy,4079.125,4077.3413158654703,0.08,-14.749473076237773,sl
2026-07-27 18:40:00+00:00,2026-07-27 18:45:00+00:00,sell,4074.97509765625,4076.8943459290413,0.08,-15.833986182330118,sl
2026-07-27 19:10:00+00:00,2026-07-27 19:15:00+00:00,buy,4081.925048828125,4084.328316571877,0.08,18.746141950017336,tp
2026-07-27 19:15:00+00:00,2026-07-27 19:20:00+00:00,buy,4082.52490234375,4085.2630794404186,0.07,18.747239676679857,tp
2026-07-27 19:20:00+00:00,2026-07-27 19:45:00+00:00,buy,4086.72509765625,4089.645511947321,0.07,20.022900037498477,tp
2026-07-27 19:50:00+00:00,2026-07-27 19:55:00+00:00,buy,4091.425048828125,4089.469413130195,0.08,-16.12508558344096,sl
2026-07-27 20:20:00+00:00,2026-07-27 20:25:00+00:00,sell,4082.97509765625,4080.81117298808,0.09,18.935322013528058,tp
2026-07-27 20:25:00+00:00,2026-07-27 20:30:00+00:00,sell,4082.27490234375,4079.996167631336,0.09,19.968612411726063,tp
2026-07-27 20:30:00+00:00,2026-07-27 20:35:00+00:00,sell,4080.97509765625,4078.7048491867413,0.09,19.892236225578436,tp
2026-07-27 20:35:00+00:00,2026-07-27 22:00:00+00:00,sell,4079.27490234375,4081.007808056688,0.09,-16.136151416443717,sl
2026-07-28 08:15:00+00:00,2026-07-28 08:20:00+00:00,sell,4044.47509765625,4047.2044761695056,0.05,-13.946892566277985,sl
2026-07-28 09:15:00+00:00,2026-07-28 09:20:00+00:00,sell,4041.175048828125,4043.3111174823985,0.07,-15.37248057991421,sl
2026-07-28 09:30:00+00:00,2026-07-28 09:35:00+00:00,sell,4039.875,4036.96263821118,0.07,19.966532521739357,tp
2026-07-28 09:35:00+00:00,2026-07-28 09:40:00+00:00,sell,4037.875,4034.2876197830224,0.05,17.636901084888176,tp
2026-07-28 09:40:00+00:00,2026-07-28 09:50:00+00:00,sell,4032.175048828125,4028.818658499453,0.06,19.778341972033232,tp
2026-07-28 10:00:00+00:00,2026-07-28 10:05:00+00:00,sell,4022.97509765625,4026.011347959329,0.05,-15.481251515396071,sl
2026-07-28 10:30:00+00:00,2026-07-28 10:35:00+00:00,sell,4016.675048828125,4019.7479268840575,0.05,-15.66439027966253,sl
2026-07-28 11:20:00+00:00,2026-07-28 11:25:00+00:00,buy,4030.22509765625,4027.4578773504586,0.05,-14.136101528956988,sl
2026-07-28 12:25:00+00:00,2026-07-28 12:30:00+00:00,buy,4033.72509765625,4031.094341976686,0.05,-13.453778397820589,sl
2026-07-28 13:40:00+00:00,2026-07-28 13:45:00+00:00,sell,4021.675048828125,4025.3149514944685,0.04,-14.799610665373839,sl
2026-07-28 14:25:00+00:00,2026-07-28 14:30:00+00:00,sell,4016.875,4020.982113670909,0.03,-12.501341012726407,sl
2026-07-28 15:15:00+00:00,2026-07-28 15:20:00+00:00,buy,4034.02490234375,4039.2686380730947,0.04,20.73494291737894,tp
2026-07-28 15:20:00+00:00,2026-07-28 15:30:00+00:00,buy,4036.02490234375,4032.309958332073,0.04,-15.099776046707339,sl
2026-07-28 15:50:00+00:00,2026-07-28 16:40:00+00:00,buy,4043.824951171875,4040.396039974617,0.04,-13.955644789032013,sl
2026-07-28 16:50:00+00:00,2026-07-28 17:00:00+00:00,sell,4037.97509765625,4040.0950663967674,0.07,-15.259781183621655,sl
2026-07-28 17:20:00+00:00,2026-07-28 17:25:00+00:00,sell,4035.574951171875,4037.7684357912563,0.07,-15.774392335668765,sl
2026-07-28 17:40:00+00:00,2026-07-28 17:45:00+00:00,sell,4030.97509765625,4027.7904782130995,0.06,18.747716658902974,tp
2026-07-28 17:45:00+00:00,2026-07-28 18:30:00+00:00,sell,4028.574951171875,4025.2916143211446,0.06,19.34002110438236,tp
2026-07-28 18:35:00+00:00,2026-07-28 18:55:00+00:00,sell,4024.375,4022.089997034555,0.09,20.025026689005664,tp
2026-07-28 19:35:00+00:00,2026-07-28 19:40:00+00:00,buy,4027.52490234375,4025.834283611544,0.09,-15.755568589854683,sl
2026-07-28 20:45:00+00:00,2026-07-28 20:50:00+00:00,buy,4030.02490234375,4028.3555616136664,0.09,-15.564066570752438,sl
2026-07-29 07:15:00+00:00,2026-07-29 07:20:00+00:00,buy,4043.52490234375,4045.7025141984495,0.09,19.058506692295815,tp
2026-07-29 07:20:00+00:00,2026-07-29 07:30:00+00:00,buy,4044.425048828125,4046.6076281907394,0.1,21.22579362614433,tp
2026-07-29 07:35:00+00:00,2026-07-29 08:10:00+00:00,buy,4104.72509765625,4099.031240710977,0.03,-17.261570835819548,sl
2026-07-29 08:30:00+00:00,2026-07-29 08:45:00+00:00,sell,4096.1748046875,4098.780119269611,0.06,-15.991887492663736,sl
2026-07-29 09:25:00+00:00,2026-07-29 09:30:00+00:00,sell,4093.47509765625,4091.21981458534,0.09,19.757547638190736,tp
2026-07-29 09:30:00+00:00,2026-07-29 09:45:00+00:00,sell,4092.875,4094.6632824756925,0.09,-16.63454228123286,sl
2026-07-29 10:40:00+00:00,2026-07-29 10:45:00+00:00,sell,4088.375,4086.057856066787,0.09,20.314295398918567,tp
2026-07-29 10:45:00+00:00,2026-07-29 11:00:00+00:00,sell,4086.47509765625,4088.1391219634957,0.1,-17.240243072456543,sl
2026-07-29 11:50:00+00:00,2026-07-29 11:55:00+00:00,buy,4093.625,4091.826616212772,0.09,-16.725454085051787,sl
2026-07-29 12:10:00+00:00,2026-07-29 12:15:00+00:00,sell,4088.574951171875,4086.009876600366,0.08,20.040596572070644,tp
2026-07-29 12:15:00+00:00,2026-07-29 12:20:00+00:00,sell,4086.074951171875,4082.788553209901,0.06,19.3583877718453,tp
2026-07-29 12:20:00+00:00,2026-07-29 12:25:00+00:00,sell,4077.375,4073.763455099622,0.06,21.309269402266764,tp
2026-07-29 12:25:00+00:00,2026-07-29 12:30:00+00:00,sell,4074.175048828125,4076.8589414372323,0.07,-19.20724826375083,sl_and_tp_same_bar
2026-07-29 13:55:00+00:00,2026-07-29 14:00:00+00:00,sell,4066.574951171875,4061.374876766575,0.04,20.560297621199208,tp
2026-07-29 14:00:00+00:00,2026-07-29 14:05:00+00:00,sell,4064.97509765625,4059.621039031032,0.04,21.176234500871725,tp
2026-07-29 14:10:00+00:00,2026-07-29 14:15:00+00:00,sell,4057.574951171875,4061.451020817262,0.05,-19.68034822693453,sl
2026-07-29 16:10:00+00:00,2026-07-29 16:15:00+00:00,buy,4073.425048828125,4070.444476201406,0.06,-18.24343576031457,sl
2026-07-29 16:55:00+00:00,2026-07-29 17:00:00+00:00,buy,4084.22509765625,4088.515283314981,0.05,21.15092829365467,tp
2026-07-29 17:00:00+00:00,2026-07-29 17:05:00+00:00,buy,4086.324951171875,4091.250410253192,0.05,24.32729540658529,tp
2026-07-29 17:05:00+00:00,2026-07-29 17:10:00+00:00,buy,4095.925048828125,4100.933119224642,0.05,24.74035198258407,tp
2026-07-29 17:10:00+00:00,2026-07-29 17:15:00+00:00,buy,4097.4248046875,4103.3324305415645,0.05,29.238129270322315,tp
2026-07-29 17:15:00+00:00,2026-07-29 17:20:00+00:00,buy,4100.52490234375,4106.492142927689,0.05,29.536202919696006,tp
2026-07-29 17:20:00+00:00,2026-07-29 17:25:00+00:00,buy,4103.52490234375,4099.407948929974,0.06,-25.061720482657037,sl
2026-07-29 18:05:00+00:00,2026-07-29 18:10:00+00:00,buy,4126.9248046875,4137.607291707434,0.03,31.867461059803027,tp
2026-07-29 18:10:00+00:00,2026-07-29 18:20:00+00:00,buy,4136.125,4128.61965854126,0.03,-22.69602437622023,sl
2026-07-29 18:50:00+00:00,2026-07-29 19:00:00+00:00,buy,4159.9248046875,4173.2728103051895,0.02,26.576011235379045,tp
2026-07-29 19:00:00+00:00,2026-07-29 19:05:00+00:00,buy,4167.22509765625,4158.509372655744,0.02,-17.5514500010114,sl
2026-07-29 19:35:00+00:00,2026-07-29 19:55:00+00:00,sell,4131.875,4120.04928709461,0.03,35.297138716169975,tp
2026-07-29 19:55:00+00:00,2026-07-29 20:00:00+00:00,sell,4120.77490234375,4109.852898847187,0.03,32.5860104896886,tp
2026-07-29 20:00:00+00:00,2026-07-29 20:05:00+00:00,sell,4104.0751953125,4111.430877193848,0.03,-22.24704564404299,sl
2026-07-29 20:45:00+00:00,2026-07-29 22:00:00+00:00,buy,4125.52490234375,4132.2302910393755,0.06,39.872332173753094,tp
2026-07-30 07:05:00+00:00,2026-07-30 07:15:00+00:00,buy,4102.125,4106.864507403167,0.04,18.718029612669635,tp
2026-07-30 07:20:00+00:00,2026-07-30 07:25:00+00:00,buy,4106.8251953125,4103.55203813443,0.05,-16.66578589034798,sl
2026-07-30 08:15:00+00:00,2026-07-30 08:20:00+00:00,buy,4110.625,4115.976194812416,0.04,21.16477924966399,tp
2026-07-30 08:20:00+00:00,2026-07-30 08:25:00+00:00,buy,4114.8251953125,4120.478183941594,0.04,22.371954516374682,tp
2026-07-30 08:25:00+00:00,2026-07-30 08:30:00+00:00,buy,4118.125,4124.063566707715,0.04,23.514266830859707,tp
2026-07-30 08:30:00+00:00,2026-07-30 08:35:00+00:00,buy,4122.22509765625,4128.531165365436,0.04,24.984270836744837,tp
2026-07-30 08:35:00+00:00,2026-07-30 08:40:00+00:00,buy,4126.3251953125,4121.908451677748,0.04,-17.90697453900633,sl
2026-07-30 10:20:00+00:00,2026-07-30 10:40:00+00:00,buy,4134.625,4140.138504126992,0.05,27.26752063496151,tp
2026-07-30 10:45:00+00:00,2026-07-30 10:50:00+00:00,buy,4139.8251953125,4136.517306868114,0.06,-20.20733066631452,sl
2026-07-30 12:55:00+00:00,2026-07-30 13:00:00+00:00,sell,4128.0751953125,4132.267684535926,0.04,-17.009956893702327,sl
2026-07-30 13:40:00+00:00,2026-07-30 13:45:00+00:00,buy,4149.8251953125,4158.794530074123,0.03,26.728004284869094,tp
2026-07-30 13:55:00+00:00,2026-07-30 14:00:00+00:00,buy,4161.9248046875,4171.6560456755205,0.03,29.013722964061635,tp
2026-07-30 14:00:00+00:00,2026-07-30 14:05:00+00:00,buy,4172.22509765625,4165.26936501595,0.03,-21.047197920900253,sl
2026-07-30 15:45:00+00:00,2026-07-30 16:00:00+00:00,buy,4164.52490234375,4170.4727652815845,0.05,29.439314689172715,tp
2026-07-30 16:00:00+00:00,2026-07-30 16:05:00+00:00,buy,4166.9248046875,4172.386711976681,0.06,32.411443735085996,tp
2026-07-30 16:05:00+00:00,2026-07-30 16:10:00+00:00,buy,4173.8251953125,4170.160212246807,0.07,-26.074881459853646,sl
2026-07-30 16:25:00+00:00,2026-07-30 16:30:00+00:00,buy,4177.9248046875,4174.620462278329,0.07,-23.550396864197797,sl
2026-07-30 17:15:00+00:00,2026-07-30 17:20:00+00:00,sell,4163.6748046875,4166.161189338881,0.09,-22.91746186242748,sl
2026-07-30 17:30:00+00:00,2026-07-30 17:35:00+00:00,sell,4160.375,4163.16666492158,0.07,-19.961654451062646,sl
2026-07-30 18:55:00+00:00,2026-07-30 19:00:00+00:00,sell,4157.97509765625,4159.942816712013,0.1,-20.27719055763155,sl
2026-07-30 19:20:00+00:00,2026-07-30 19:25:00+00:00,buy,4169.8251953125,4173.199620058728,0.07,23.200973223597504,tp
2026-07-30 19:25:00+00:00,2026-07-30 19:35:00+00:00,buy,4170.3251953125,4173.761018373814,0.08,27.00658449051436,tp
2026-07-30 19:35:00+00:00,2026-07-30 19:40:00+00:00,buy,4173.625,4171.300419572631,0.09,-21.4612238463233,sl
2026-07-30 20:05:00+00:00,2026-07-30 20:10:00+00:00,buy,4176.4248046875,4173.906218607791,0.08,-20.62868863767333,sl
2026-07-30 20:40:00+00:00,2026-07-30 20:45:00+00:00,sell,4165.97509765625,4162.750049137717,0.08,25.320388148265483,tp
2026-07-30 20:45:00+00:00,2026-07-30 20:50:00+00:00,sell,4161.77490234375,4158.552503523521,0.09,28.46158938205732,tp
2026-07-30 20:50:00+00:00,2026-07-30 20:55:00+00:00,sell,4159.27490234375,4161.637939370437,0.09,-21.807333240186416,sl
2026-07-31 07:30:00+00:00,2026-07-31 07:35:00+00:00,sell,4130.0751953125,4127.041855536369,0.07,20.813378432913925,tp
2026-07-31 07:35:00+00:00,2026-07-31 07:40:00+00:00,sell,4126.875,4129.18481853732,0.07,-16.588729761240685,sl
2026-07-31 08:05:00+00:00,2026-07-31 08:15:00+00:00,sell,4120.5751953125,4122.8701024428165,0.07,-16.484349912215222,sl
2026-07-31 08:25:00+00:00,2026-07-31 08:30:00+00:00,sell,4117.0751953125,4113.252516169846,0.05,18.81339571327062,tp
2026-07-31 08:30:00+00:00,2026-07-31 08:40:00+00:00,sell,4115.5751953125,4118.437092219922,0.05,-14.60948453711153,sl
2026-07-31 09:25:00+00:00,2026-07-31 09:45:00+00:00,sell,4108.875,4111.400431514723,0.06,-15.512589088338572,sl
2026-07-31 11:25:00+00:00,2026-07-31 11:30:00+00:00,buy,4117.22509765625,4115.053672188459,0.07,-15.61997827453608,sl
2026-07-31 12:30:00+00:00,2026-07-31 12:35:00+00:00,sell,4103.27490234375,4106.244238172345,0.05,-15.146679142974609,sl
2026-07-31 12:40:00+00:00,2026-07-31 13:00:00+00:00,sell,4100.6748046875,4096.399983195616,0.05,21.074107459419064,tp
2026-07-31 13:05:00+00:00,2026-07-31 13:10:00+00:00,sell,4095.97509765625,4091.4649108686417,0.04,17.800747150433164,tp
2026-07-31 13:10:00+00:00,2026-07-31 13:20:00+00:00,sell,4092.675048828125,4095.7661645623543,0.05,-15.755578671146669,sl
2026-07-31 13:40:00+00:00,2026-07-31 13:55:00+00:00,sell,4083.574951171875,4087.7998782891696,0.03,-12.854781351883666,sl
2026-07-31 14:30:00+00:00,2026-07-31 14:45:00+00:00,buy,4095.02490234375,4100.692056717902,0.03,16.8214631224567,tp
2026-07-31 14:50:00+00:00,2026-07-31 14:55:00+00:00,buy,4100.125,4105.057872481406,0.04,19.491489925623465,tp
2026-07-31 14:55:00+00:00,2026-07-31 15:10:00+00:00,buy,4102.72509765625,4099.22179477116,0.04,-14.253211540361226,sl
2026-07-31 15:35:00+00:00,2026-07-31 15:40:00+00:00,sell,4094.97509765625,4098.52251372125,0.04,-14.429664260000427,sl
2026-07-31 16:30:00+00:00,2026-07-31 16:40:00+00:00,buy,4103.8251953125,4101.44569832068,0.06,-14.636981950919434,sl
2026-07-31 17:30:00+00:00,2026-07-31 17:35:00+00:00,buy,4106.9248046875,4104.230612695533,0.05,-13.770959959836365,sl
2026-07-31 19:45:00+00:00,2026-07-31 19:50:00+00:00,buy,4110.02490234375,4108.264700865979,0.09,-16.38181329994135,sl
2026-08-03 07:20:00+00:00,2026-08-03 07:25:00+00:00,sell,4109.97509765625,4112.93465807299,0.05,-15.097802083699026,sl
2026-08-03 08:30:00+00:00,2026-08-03 08:35:00+00:00,sell,4111.1748046875,4113.461298110471,0.06,-14.078960537826205,sl
2026-08-03 09:15:00+00:00,2026-08-03 09:20:00+00:00,buy,4117.02490234375,4115.112620834305,0.08,-15.778252075561323,sl
2026-08-03 09:30:00+00:00,2026-08-03 09:35:00+00:00,sell,4108.375,4104.936917076527,0.06,20.268497540839817,tp
2026-08-03 09:35:00+00:00,2026-08-03 09:40:00+00:00,sell,4103.1748046875,4105.854490446062,0.05,-13.698428792811502,sl
2026-08-03 10:35:00+00:00,2026-08-03 10:45:00+00:00,sell,4107.5751953125,4104.94360447342,0.08,20.572726712638104,tp
2026-08-03 10:45:00+00:00,2026-08-03 10:50:00+00:00,sell,4105.1748046875,4102.54133383573,0.08,20.58776681415795,tp
2026-08-03 10:50:00+00:00,2026-08-03 11:00:00+00:00,sell,4104.77490234375,4106.75770894005,0.08,-16.342452770401433,sl
2026-08-03 11:45:00+00:00,2026-08-03 11:50:00+00:00,buy,4110.22509765625,4113.654047151413,0.06,20.213696970976017,tp
2026-08-03 11:50:00+00:00,2026-08-03 12:00:00+00:00,buy,4117.4248046875,4120.835870812474,0.06,20.106396749845445,tp
2026-08-03 12:00:00+00:00,2026-08-03 12:05:00+00:00,buy,4119.125,4116.626152316772,0.06,-15.353086099366337,sl
2026-08-03 12:40:00+00:00,2026-08-03 12:50:00+00:00,sell,4103.375,4099.27523065473,0.05,20.198846726350165,tp
2026-08-03 12:50:00+00:00,2026-08-03 12:55:00+00:00,sell,4099.5751953125,4102.288761527242,0.06,-16.641397288452353,sl
2026-08-03 13:15:00+00:00,2026-08-03 13:20:00+00:00,sell,4093.875,4088.9962561916586,0.04,19.274975233365478,tp
2026-08-03 13:20:00+00:00,2026-08-03 13:25:00+00:00,sell,4091.574951171875,4086.799379064021,0.05,23.57786053926902,tp
2026-08-03 13:25:00+00:00,2026-08-03 13:35:00+00:00,sell,4089.375,4084.7488433659014,0.05,22.83078317049303,tp
2026-08-03 13:35:00+00:00,2026-08-03 13:40:00+00:00,sell,4086.375,4080.7025643989996,0.05,28.062178005002078,tp
2026-08-03 13:40:00+00:00,2026-08-03 13:45:00+00:00,sell,4081.074951171875,4085.293584536481,0.05,-21.393166823029606,sl
2026-08-03 17:05:00+00:00,2026-08-03 17:15:00+00:00,sell,4089.375,4091.0543327636815,0.13,-22.611325927859326,sl
2026-08-03 17:55:00+00:00,2026-08-03 18:00:00+00:00,sell,4086.574951171875,4088.0910732974753,0.13,-20.48958763280396,sl
2026-08-03 18:20:00+00:00,2026-08-03 18:40:00+00:00,buy,4093.72509765625,4096.244317657519,0.1,24.59220001268877,tp
2026-08-03 18:45:00+00:00,2026-08-03 18:50:00+00:00,buy,4097.3251953125,4099.6265377564005,0.11,24.654766882905133,tp
2026-08-03 18:50:00+00:00,2026-08-03 18:55:00+00:00,buy,4098.3251953125,4100.567048868047,0.13,28.364096222112238,tp
2026-08-03 18:55:00+00:00,2026-08-03 19:00:00+00:00,buy,4100.02490234375,4102.215198862725,0.14,29.824151265646073,tp
2026-08-03 19:05:00+00:00,2026-08-03 19:10:00+00:00,buy,4104.02490234375,4102.071736966471,0.13,-26.171149904629857,sl
2026-08-03 19:25:00+00:00,2026-08-03 19:50:00+00:00,buy,4109.02490234375,4111.755494638097,0.11,29.376515237816275,tp
2026-08-03 20:35:00+00:00,2026-08-03 20:40:00+00:00,buy,4114.02490234375,4112.3537775994955,0.15,-25.966871163817267,sl
2026-08-04 08:05:00+00:00,2026-08-04 08:15:00+00:00,buy,4126.3251953125,4123.991889694119,0.06,-14.35983371028611,sl
2026-08-04 08:40:00+00:00,2026-08-04 08:45:00+00:00,sell,4114.97509765625,4111.821907121754,0.06,18.559143206978334,tp
2026-08-04 08:50:00+00:00,2026-08-04 09:00:00+00:00,sell,4111.875,4108.876968571451,0.07,20.566219999846073,tp
2026-08-04 09:00:00+00:00,2026-08-04 09:05:00+00:00,sell,4110.375,4107.635846237417,0.08,21.433230100661167,tp
2026-08-04 09:05:00+00:00,2026-08-04 09:10:00+00:00,sell,4109.0751953125,4106.369881843261,0.09,23.80782122314846,tp
2026-08-04 09:10:00+00:00,2026-08-04 09:35:00+00:00,sell,4106.47509765625,4103.799171034993,0.1,26.159266212566216,tp
2026-08-04 09:40:00+00:00,2026-08-04 09:45:00+00:00,sell,4103.375,4105.244580042529,0.12,-23.154960510352538,sl
2026-08-04 10:45:00+00:00,2026-08-04 10:50:00+00:00,buy,4108.3251953125,4111.720746235226,0.08,26.684407381809724,tp
2026-08-04 10:50:00+00:00,2026-08-04 10:55:00+00:00,buy,4113.8251953125,4111.234107036314,0.08,-21.208706209491066,sl
2026-08-04 11:30:00+00:00,2026-08-04 11:40:00+00:00,buy,4117.3251953125,4120.673945947281,0.08,26.310005078248214,tp
2026-08-04 11:40:00+00:00,2026-08-04 11:45:00+00:00,buy,4119.9248046875,4124.087364105263,0.07,28.717915924341543,tp
2026-08-04 11:45:00+00:00,2026-08-04 11:50:00+00:00,buy,4126.9248046875,4132.159712953729,0.06,31.04944959737135,tp
2026-08-04 11:50:00+00:00,2026-08-04 11:55:00+00:00,buy,4133.625,4129.5951953628455,0.06,-24.538827822926905,sl
2026-08-04 13:50:00+00:00,2026-08-04 13:55:00+00:00,buy,4149.72509765625,4144.514608392124,0.04,-21.081957056505633,sl
2026-08-04 14:35:00+00:00,2026-08-04 14:50:00+00:00,sell,4134.875,4139.568444521896,0.04,-19.013778087583194,sl
2026-08-04 16:50:00+00:00,2026-08-04 16:55:00+00:00,buy,4149.8251953125,4147.434363426284,0.09,-22.05748697594303,sl
2026-08-04 17:05:00+00:00,2026-08-04 17:10:00+00:00,buy,4159.52490234375,4156.44170887219,0.06,-18.859160829358515,sl
2026-08-04 17:55:00+00:00,2026-08-04 18:00:00+00:00,sell,4146.5751953125,4142.967676096624,0.07,24.832634511131875,tp
2026-08-04 18:00:00+00:00,2026-08-04 18:05:00+00:00,sell,4142.6748046875,4145.252347908062,0.08,-21.10034576449514,sl
2026-08-04 18:35:00+00:00,2026-08-04 18:40:00+00:00,sell,4139.5751953125,4136.404521243314,0.08,24.885392553489073,tp
2026-08-04 18:40:00+00:00,2026-08-04 18:45:00+00:00,sell,4135.77490234375,4132.587674921288,0.09,28.14504680215392,tp
2026-08-04 18:45:00+00:00,2026-08-04 18:50:00+00:00,sell,4133.375,4135.813731399644,0.09,-22.488582596795858,sl
2026-08-04 19:55:00+00:00,2026-08-04 20:00:00+00:00,sell,4134.0751953125,4135.930819186738,0.12,-22.987486490851296,sl
2026-08-04 20:20:00+00:00,2026-08-04 20:30:00+00:00,sell,4132.375,4134.001570720242,0.13,-21.925419363145267,sl
2026-08-05 07:30:00+00:00,2026-08-05 07:45:00+00:00,sell,4223.375,4226.440256540415,0.05,-15.626282702076242,sl
2026-08-05 09:25:00+00:00,2026-08-05 09:30:00+00:00,sell,4216.6748046875,4213.1540027233505,0.06,20.764811784897248,tp
2026-08-05 09:30:00+00:00,2026-08-05 09:55:00+00:00,sell,4216.47509765625,4212.864426058153,0.06,21.30402958858089,tp
2026-08-05 10:05:00+00:00,2026-08-05 10:15:00+00:00,sell,4211.27490234375,4213.74489194263,0.07,-17.70992719215785,sl
2026-08-05 11:00:00+00:00,2026-08-05 11:05:00+00:00,buy,4220.72509765625,4223.942092899637,0.07,22.09896670370843,tp
2026-08-05 11:05:00+00:00,2026-08-05 11:10:00+00:00,buy,4223.22509765625,4226.428505252602,0.07,22.00385317446406,tp
2026-08-05 11:10:00+00:00,2026-08-05 11:15:00+00:00,buy,4226.125,4229.484619916839,0.07,23.097339417870973,tp
2026-08-05 11:15:00+00:00,2026-08-05 11:25:00+00:00,buy,4230.52490234375,4233.911859396677,0.08,26.615656423414766,tp
2026-08-05 11:30:00+00:00,2026-08-05 11:35:00+00:00,buy,4235.72509765625,4240.363501104388,0.06,27.470420688827872,tp
2026-08-05 11:35:00+00:00,2026-08-05 11:40:00+00:00,buy,4240.4248046875,4245.292052519637,0.07,33.65073482495798,tp
2026-08-05 11:40:00+00:00,2026-08-05 11:55:00+00:00,buy,4245.02490234375,4250.006517131602,0.07,34.45130351496307,tp
2026-08-05 12:05:00+00:00,2026-08-05 12:10:00+00:00,buy,4254.4248046875,4259.16275462463,0.08,37.42359949703998,tp
2026-08-05 12:10:00+00:00,2026-08-05 12:15:00+00:00,buy,4258.02490234375,4262.438482393429,0.1,43.53580049678785,tp
2026-08-05 12:15:00+00:00,2026-08-05 12:20:00+00:00,buy,4258.52490234375,4263.581385261805,0.09,44.968346262493434,tp
2026-08-05 12:20:00+00:00,2026-08-05 12:25:00+00:00,buy,4265.4248046875,4270.834446653981,0.09,48.146777698329934,tp
2026-08-05 12:25:00+00:00,2026-08-05 12:30:00+00:00,buy,4271.3251953125,4267.4344334263105,0.1,-39.50761886189466,sl
2026-08-05 12:55:00+00:00,2026-08-05 13:00:00+00:00,sell,4247.47509765625,4251.537051049893,0.09,-37.097580542789764,sl
2026-08-05 13:35:00+00:00,2026-08-05 13:40:00+00:00,buy,4262.3251953125,4257.469804773551,0.07,-34.40773377264297,sl
2026-08-05 14:05:00+00:00,2026-08-05 14:10:00+00:00,buy,4270.52490234375,4278.931066295982,0.05,41.730819761162095,tp
2026-08-05 14:10:00+00:00,2026-08-05 14:15:00+00:00,buy,4287.625,4296.021663706519,0.06,50.019982239112,tp
2026-08-05 14:15:00+00:00,2026-08-05 14:25:00+00:00,buy,4289.9248046875,4298.661223128983,0.06,52.0585106488967,tp
2026-08-05 14:50:00+00:00,2026-08-05 14:55:00+00:00,buy,4307.625,4301.392985603762,0.06,-37.7520863774274,sl
2026-08-05 15:05:00+00:00,2026-08-05 15:45:00+00:00,buy,4315.9248046875,4309.395269015156,0.06,-39.53721403406176,sl
2026-08-05 15:55:00+00:00,2026-08-05 16:00:00+00:00,sell,4303.375,4296.031888671745,0.07,50.98177929778475,tp
2026-08-05 16:00:00+00:00,2026-08-05 16:05:00+00:00,sell,4293.47509765625,4285.987734505095,0.07,51.99154205808198,tp
2026-08-05 16:05:00+00:00,2026-08-05 16:10:00+00:00,sell,4286.1748046875,4291.586066765111,0.08,-43.77009662089083,sl
2026-08-05 17:40:00+00:00,2026-08-05 18:05:00+00:00,buy,4310.3251953125,4315.014851701755,0.12,55.55587667106127,tp
2026-08-05 18:05:00+00:00,2026-08-05 18:10:00+00:00,buy,4313.8251953125,4317.895270192373,0.15,60.151123198089955,tp
2026-08-05 18:10:00+00:00,2026-08-05 18:15:00+00:00,buy,4316.625,4313.740163333296,0.17,-50.06222333397411,sl
2026-08-05 18:25:00+00:00,2026-08-05 18:30:00+00:00,buy,4323.72509765625,4320.52254637601,0.14,-45.67571792336262,sl
2026-08-05 19:20:00+00:00,2026-08-05 19:25:00+00:00,sell,4312.6748046875,4315.67262990783,0.14,-42.80955308462021,sl
2026-08-05 19:35:00+00:00,2026-08-05 19:40:00+00:00,sell,4310.1748046875,4312.92702139389,0.14,-39.37103388945784,sl
2026-08-05 20:00:00+00:00,2026-08-05 20:10:00+00:00,sell,4307.77490234375,4310.184737393785,0.15,-37.04752575052989,sl
2026-08-05 20:50:00+00:00,2026-08-05 20:55:00+00:00,sell,4304.6748046875,4306.494135404902,0.19,-35.70728363064576,sl
2026-08-06 07:15:00+00:00,2026-08-06 07:20:00+00:00,buy,4322.02490234375,4319.24128640696,0.05,-14.218079683949146,sl
2026-08-06 08:15:00+00:00,2026-08-06 08:20:00+00:00,buy,4327.9248046875,4325.161295525263,0.05,-14.117545811184574,sl
2026-08-06 08:35:00+00:00,2026-08-06 08:40:00+00:00,buy,4332.72509765625,4329.602414322395,0.05,-15.913416669275467,sl
2026-08-06 09:00:00+00:00,2026-08-06 09:15:00+00:00,buy,4337.3251953125,4341.741329697127,0.05,21.780671923135923,tp
2026-08-06 09:45:00+00:00,2026-08-06 09:50:00+00:00,sell,4331.27490234375,4334.342843292762,0.05,-15.639704745060772,sl
2026-08-06 10:15:00+00:00,2026-08-06 10:40:00+00:00,sell,4328.5751953125,4325.420128116669,0.07,21.66547037081826,tp
2026-08-06 10:45:00+00:00,2026-08-06 10:50:00+00:00,sell,4324.375,4326.813390847263,0.06,-14.990345083576685,sl
2026-08-06 11:25:00+00:00,2026-08-06 11:30:00+00:00,sell,4320.375,4323.135093259707,0.05,-14.100466298534958,sl
2026-08-06 11:50:00+00:00,2026-08-06 11:55:00+00:00,sell,4315.1748046875,4318.015702158998,0.05,-14.504487357487779,sl
2026-08-06 12:35:00+00:00,2026-08-06 12:45:00+00:00,buy,4326.8251953125,4323.1341306961895,0.04,-15.004258465242165,sl
2026-08-06 12:55:00+00:00,2026-08-06 13:00:00+00:00,sell,4309.97509765625,4314.073096244649,0.03,-12.473995765196086,sl
2026-08-06 13:10:00+00:00,2026-08-06 13:15:00+00:00,sell,4289.875,4295.257771807952,0.02,-10.88554361590388,sl
2026-08-06 13:40:00+00:00,2026-08-06 13:45:00+00:00,buy,4317.52490234375,4326.578306991377,0.02,17.986809295253696,tp
2026-08-06 13:45:00+00:00,2026-08-06 13:50:00+00:00,buy,4329.22509765625,4323.149011602899,0.02,-12.272172106701982,sl
2026-08-06 15:20:00+00:00,2026-08-06 15:30:00+00:00,sell,4315.6748046875,4309.036306269134,0.03,19.735495255097995,tp
2026-08-06 15:30:00+00:00,2026-08-06 15:35:00+00:00,sell,4313.5751953125,4307.116009625483,0.03,19.197557061052358,tp
2026-08-06 15:35:00+00:00,2026-08-06 15:50:00+00:00,sell,4307.27490234375,4300.817572925418,0.03,19.191988254995813,tp
2026-08-06 15:55:00+00:00,2026-08-06 16:05:00+00:00,sell,4292.77490234375,4297.833903557348,0.03,-15.357003640794282,sl
2026-08-06 16:25:00+00:00,2026-08-06 16:30:00+00:00,sell,4282.375,4287.173506452001,0.03,-14.575519356002296,sl
2026-08-06 17:10:00+00:00,2026-08-06 17:15:00+00:00,buy,4301.125,4298.0892846706365,0.05,-15.47857664681742,sl
2026-08-06 17:55:00+00:00,2026-08-06 18:00:00+00:00,buy,4305.625,4303.120511341575,0.06,-15.386931950547805,sl
2026-08-06 18:45:00+00:00,2026-08-06 18:50:00+00:00,sell,4300.1748046875,4302.286721751549,0.07,-15.203419448340284,sl
2026-08-06 19:30:00+00:00,2026-08-06 19:40:00+00:00,sell,4296.47509765625,4292.8684051809005,0.06,21.280154852097112,tp
2026-08-06 19:45:00+00:00,2026-08-06 19:50:00+00:00,sell,4293.77490234375,4296.375016994441,0.06,-15.960687904143342,sl
2026-08-06 20:45:00+00:00,2026-08-06 20:50:00+00:00,sell,4293.875,4296.251103701769,0.06,-14.616622210616114,sl
2026-08-07 07:30:00+00:00,2026-08-07 07:35:00+00:00,sell,4344.375,4347.2715005670525,0.05,-14.782502835262495,sl
2026-08-07 08:10:00+00:00,2026-08-07 08:15:00+00:00,buy,4353.8251953125,4357.798551580924,0.05,19.566781342120702,tp
2026-08-07 08:15:00+00:00,2026-08-07 08:20:00+00:00,buy,4359.3251953125,4356.520263947688,0.05,-14.324656824058184,sl
2026-08-07 08:35:00+00:00,2026-08-07 08:40:00+00:00,buy,4373.22509765625,4368.533694712897,0.03,-14.254208830058523,sl
2026-08-07 09:45:00+00:00,2026-08-07 10:05:00+00:00,buy,4376.9248046875,4373.328254000972,0.04,-14.62620274611094,sl
2026-08-07 11:05:00+00:00,2026-08-07 11:10:00+00:00,buy,4383.02490234375,4380.31750285327,0.05,-13.83699745240192,sl
2026-08-07 12:10:00+00:00,2026-08-07 12:15:00+00:00,sell,4377.77490234375,4373.22540601638,0.04,17.95798530948174,tp
2026-08-07 12:15:00+00:00,2026-08-07 12:20:00+00:00,sell,4374.1748046875,4369.672597974612,0.04,17.76882685155375,tp
2026-08-07 12:20:00+00:00,2026-08-07 12:25:00+00:00,sell,4373.875,4369.137742463414,0.04,18.70903014634474,tp
2026-08-07 12:25:00+00:00,2026-08-07 12:30:00+00:00,sell,4369.875,4373.937312166972,0.03,-12.366936500917,sl
2026-08-07 12:35:00+00:00,2026-08-07 12:45:00+00:00,buy,4419.72509765625,4431.4041477497885,0.01,11.619050093538535,tp
2026-08-07 12:45:00+00:00,2026-08-07 12:55:00+00:00,buy,4427.8251953125,4420.664101004088,0.02,-14.44218861682486,sl
2026-08-07 14:05:00+00:00,2026-08-07 14:10:00+00:00,sell,4393.47509765625,4400.061354789524,0.02,-13.292514266547295,sl
2026-08-07 15:15:00+00:00,2026-08-07 15:25:00+00:00,buy,4415.625,4410.532474043505,0.03,-15.457577869484048,sl
2026-08-07 15:55:00+00:00,2026-08-07 16:05:00+00:00,sell,4401.875,4406.009187104939,0.03,-12.582561314816921,sl
2026-08-07 16:30:00+00:00,2026-08-07 16:35:00+00:00,sell,4396.6748046875,4400.749143508217,0.03,-12.403016462149644,sl
2026-08-07 17:00:00+00:00,2026-08-07 17:05:00+00:00,sell,4388.5751953125,4392.4816615226355,0.04,-15.865864840541908,sl
2026-08-07 19:05:00+00:00,2026-08-07 19:10:00+00:00,buy,4400.52490234375,4404.479884676405,0.05,19.474911663275815,tp
2026-08-07 19:10:00+00:00,2026-08-07 19:15:00+00:00,buy,4404.9248046875,4408.695789375802,0.05,18.554923441508617,tp
2026-08-07 19:20:00+00:00,2026-08-07 19:35:00+00:00,buy,4407.3251953125,4404.491991532932,0.05,-14.466018897840332,sl
2026-08-07 20:35:00+00:00,2026-08-07 20:40:00+00:00,sell,4396.77490234375,4398.876808863179,0.07,-15.13334563600067,sl
2026-08-10 08:35:00+00:00,2026-08-10 08:40:00+00:00,sell,4409.77490234375,4406.210051683499,0.06,21.029103961506408,tp
2026-08-10 08:40:00+00:00,2026-08-10 08:55:00+00:00,sell,4407.5751953125,4404.010371615283,0.06,21.028942183304608,tp
2026-08-10 09:40:00+00:00,2026-08-10 09:45:00+00:00,sell,4401.27490234375,4403.662906967565,0.07,-17.136032366702167,sl
2026-08-10 10:45:00+00:00,2026-08-10 10:50:00+00:00,sell,4396.6748046875,4398.470920060244,0.1,-18.561153727437706,sl
2026-08-10 11:00:00+00:00,2026-08-10 11:05:00+00:00,sell,4395.1748046875,4392.646042688675,0.08,19.750095990598783,tp
2026-08-10 11:05:00+00:00,2026-08-10 11:10:00+00:00,sell,4393.5751953125,4391.052279965602,0.09,22.16623812208305,tp
2026-08-10 11:10:00+00:00,2026-08-10 11:15:00+00:00,sell,4392.97509765625,4389.977190813938,0.08,23.503254738493997,tp
2026-08-10 11:15:00+00:00,2026-08-10 11:20:00+00:00,sell,4389.97509765625,4392.104443831808,0.09,-19.704115580018914,sl
2026-08-10 12:15:00+00:00,2026-08-10 12:20:00+00:00,sell,4390.5751953125,4387.119526569591,0.07,23.76968120036607,tp
2026-08-10 12:20:00+00:00,2026-08-10 12:25:00+00:00,sell,4387.5751953125,4384.008960787395,0.08,28.04987620083877,tp
2026-08-10 12:25:00+00:00,2026-08-10 12:30:00+00:00,sell,4385.875,4388.452713281172,0.08,-21.101706249374256,sl
2026-08-10 13:15:00+00:00,2026-08-10 13:20:00+00:00,buy,4396.52490234375,4393.556746543904,0.07,-21.197090598919136,sl
2026-08-10 13:55:00+00:00,2026-08-10 14:10:00+00:00,sell,4381.27490234375,4385.177420188421,0.05,-19.812589223354554,sl
2026-08-10 14:30:00+00:00,2026-08-10 15:05:00+00:00,buy,4404.4248046875,4410.744782317699,0.04,25.039910520795967,tp
2026-08-10 15:55:00+00:00,2026-08-10 16:00:00+00:00,buy,4416.72509765625,4420.728700871361,0.07,27.605222505777494,tp
2026-08-10 16:00:00+00:00,2026-08-10 16:05:00+00:00,buy,4418.22509765625,4422.434197005179,0.07,29.043695442504106,tp
2026-08-10 16:10:00+00:00,2026-08-10 16:30:00+00:00,buy,4422.8251953125,4419.753396131573,0.07,-21.92259426648882,sl
2026-08-10 17:30:00+00:00,2026-08-10 17:35:00+00:00,buy,4420.4248046875,4423.770794748746,0.09,29.57391055121476,tp
2026-08-10 17:35:00+00:00,2026-08-10 17:40:00+00:00,buy,4421.52490234375,4419.0904179819745,0.1,-24.944843617755033,sl
2026-08-10 18:35:00+00:00,2026-08-10 18:45:00+00:00,buy,4438.8251953125,4435.882304848444,0.07,-21.02023324839404,sl
2026-08-10 19:25:00+00:00,2026-08-10 19:30:00+00:00,buy,4445.9248046875,4449.3723069947655,0.08,27.10001845812396,tp
2026-08-10 19:30:00+00:00,2026-08-10 19:35:00+00:00,buy,4449.9248046875,4447.103700055802,0.08,-23.048837053586322,sl
2026-08-11 08:30:00+00:00,2026-08-11 08:35:00+00:00,buy,4427.625,4431.838729013002,0.05,20.76864506501097,tp
2026-08-11 08:35:00+00:00,2026-08-11 08:40:00+00:00,buy,4429.8251953125,4433.976403686269,0.05,20.456041868844476,tp
2026-08-11 08:40:00+00:00,2026-08-11 08:50:00+00:00,buy,4432.9248046875,4430.17711432849,0.06,-16.84614215406269,sl
2026-08-11 10:25:00+00:00,2026-08-11 10:30:00+00:00,buy,4436.3251953125,4439.725574324918,0.07,23.382653086925604,tp
2026-08-11 10:30:00+00:00,2026-08-11 10:50:00+00:00,buy,4437.4248046875,4440.739156602429,0.08,26.034815319431363,tp
2026-08-11 11:05:00+00:00,2026-08-11 11:10:00+00:00,buy,4450.02490234375,4447.191231762217,0.07,-20.25569407072901,sl
2026-08-11 12:10:00+00:00,2026-08-11 12:20:00+00:00,buy,4452.625,4449.574874929408,0.06,-18.660750423552017,sl_and_tp_same_bar
2026-08-11 13:55:00+00:00,2026-08-11 14:35:00+00:00,sell,4446.1748046875,4451.121827910028,0.03,-15.021069667582815,sl
2026-08-11 15:25:00+00:00,2026-08-11 15:30:00+00:00,sell,4442.6748046875,4436.965699927595,0.04,22.596419039620525,tp
2026-08-11 15:35:00+00:00,2026-08-11 15:40:00+00:00,sell,4436.47509765625,4430.202071903949,0.04,24.85210300920313,tp
2026-08-11 15:40:00+00:00,2026-08-11 15:45:00+00:00,sell,4430.47509765625,4434.88872694508,0.04,-17.894517155318898,sl
2026-08-11 17:35:00+00:00,2026-08-11 17:55:00+00:00,sell,4435.875,4432.397907461749,0.07,23.919647767756107,tp
2026-08-11 17:55:00+00:00,2026-08-11 18:00:00+00:00,sell,4432.375,4429.0936750820865,0.08,25.77059934330784,tp
2026-08-11 18:00:00+00:00,2026-08-11 18:05:00+00:00,sell,4428.375,4424.863828300308,0.08,27.609373597533267,tp
2026-08-11 18:05:00+00:00,2026-08-11 18:10:00+00:00,sell,4424.5751953125,4420.816893381101,0.09,33.28471738258937,tp
2026-08-11 18:10:00+00:00,2026-08-11 18:15:00+00:00,sell,4421.1748046875,4423.855482435364,0.1,-27.40677747864138,sl
2026-08-12 07:40:00+00:00,2026-08-12 07:55:00+00:00,buy,4466.8251953125,4464.459925219213,0.06,-14.55162055972265,sl
2026-08-12 08:50:00+00:00,2026-08-12 08:55:00+00:00,sell,4463.47509765625,4461.21280147335,0.09,19.820665646101553,tp
2026-08-12 08:55:00+00:00,2026-08-12 09:00:00+00:00,sell,4462.1748046875,4463.8391313709535,0.1,-17.2432668345351,sl
2026-08-12 09:15:00+00:00,2026-08-12 09:20:00+00:00,buy,4472.72509765625,4475.87069545231,0.07,21.599184572423002,tp
2026-08-12 09:20:00+00:00,2026-08-12 09:25:00+00:00,buy,4475.22509765625,4479.29065090242,0.05,20.027766230848282,tp
2026-08-12 09:25:00+00:00,2026-08-12 09:30:00+00:00,buy,4483.3251953125,4479.890978957769,0.05,-17.471081773653896,sl
2026-08-12 10:50:00+00:00,2026-08-12 10:55:00+00:00,sell,4468.47509765625,4471.003603626317,0.06,-15.53103582040363,sl
2026-08-12 12:10:00+00:00,2026-08-12 12:20:00+00:00,sell,4466.47509765625,4468.561851883158,0.07,-15.027279588355597,sl
2026-08-12 12:30:00+00:00,2026-08-12 12:35:00+00:00,buy,4488.125,4480.564731975808,0.02,-15.240536048383655,sl
2026-08-12 13:35:00+00:00,2026-08-12 13:40:00+00:00,sell,4473.1748046875,4479.352661846519,0.02,-12.475714318038735,sl
2026-08-12 14:20:00+00:00,2026-08-12 14:25:00+00:00,buy,4496.4248046875,4491.481019822901,0.03,-15.011354593798096,sl
2026-08-12 14:40:00+00:00,2026-08-12 14:45:00+00:00,sell,4477.5751953125,4482.968052551432,0.02,-10.90571447786453,sl
2026-08-12 16:45:00+00:00,2026-08-12 16:50:00+00:00,sell,4470.5751953125,4464.953890587093,0.04,22.24521890162738,tp
2026-08-12 16:50:00+00:00,2026-08-12 16:55:00+00:00,sell,4462.375,4457.063834081731,0.04,21.004663673074685,tp
2026-08-12 17:55:00+00:00,2026-08-12 18:00:00+00:00,sell,4460.375,4456.219224234445,0.05,20.47887882777304,tp
2026-08-12 18:00:00+00:00,2026-08-12 18:05:00+00:00,sell,4459.1748046875,4462.061149608987,0.05,-14.731724607434263,sl
2026-08-12 18:35:00+00:00,2026-08-12 18:45:00+00:00,buy,4472.4248046875,4476.004450136183,0.06,21.117872692095844,tp
2026-08-12 18:50:00+00:00,2026-08-12 18:55:00+00:00,buy,4477.4248046875,4474.871912327166,0.06,-15.677354162005358,sl
2026-08-12 19:40:00+00:00,2026-08-12 19:45:00+00:00,sell,4471.6748046875,4469.331105663486,0.09,20.55329121612882,tp
2026-08-12 19:50:00+00:00,2026-08-12 19:55:00+00:00,sell,4469.97509765625,4471.926179480034,0.08,-16.088654590272636,sl
2026-08-12 20:20:00+00:00,2026-08-12 20:25:00+00:00,sell,4467.0751953125,4468.780804878184,0.09,-15.890486091159836,sl
2026-08-13 08:00:00+00:00,2026-08-13 08:10:00+00:00,sell,4426.27490234375,4422.217326212754,0.05,19.987880654977925,tp
2026-08-13 08:10:00+00:00,2026-08-13 08:20:00+00:00,sell,4422.0751953125,4424.891914915873,0.06,-17.26031762023682,sl
2026-08-13 08:50:00+00:00,2026-08-13 08:55:00+00:00,buy,4434.8251953125,4432.2473087151275,0.06,-15.827319584235156,sl
2026-08-13 09:20:00+00:00,2026-08-13 09:55:00+00:00,buy,4436.9248046875,4440.291905909912,0.06,19.842607334473215,tp
2026-08-13 10:00:00+00:00,2026-08-13 10:10:00+00:00,buy,4442.02490234375,4440.011365895003,0.08,-16.588291589975125,sl
2026-08-13 10:30:00+00:00,2026-08-13 10:40:00+00:00,buy,4444.9248046875,4447.635699649396,0.08,21.207159695167793,tp
2026-08-13 10:40:00+00:00,2026-08-13 10:50:00+00:00,buy,4446.72509765625,4449.423747997074,0.08,21.10920272659452,tp
2026-08-13 10:55:00+00:00,2026-08-13 11:00:00+00:00,buy,4450.22509765625,4448.344912329483,0.1,-19.401853267668777,sl
2026-08-13 11:15:00+00:00,2026-08-13 11:20:00+00:00,buy,4451.9248046875,4449.821668486254,0.08,-17.305089609970747,sl
2026-08-13 11:45:00+00:00,2026-08-13 11:55:00+00:00,sell,4440.77490234375,4442.993420255999,0.07,-15.949625385742294,sl
2026-08-13 13:35:00+00:00,2026-08-13 13:40:00+00:00,sell,4435.375,4439.957429382562,0.03,-13.92728814768514,sl
2026-08-13 14:00:00+00:00,2026-08-13 14:05:00+00:00,sell,4429.1748046875,4433.833804180305,0.03,-14.156998478416135,sl
2026-08-13 14:45:00+00:00,2026-08-13 15:05:00+00:00,buy,4438.72509765625,4433.35250440407,0.02,-10.86518650436039,sl
2026-08-13 15:35:00+00:00,2026-08-13 15:40:00+00:00,sell,4416.875,4421.9123122089995,0.03,-15.291936626998613,sl
2026-08-13 16:15:00+00:00,2026-08-13 16:25:00+00:00,sell,4412.375,4416.076886259455,0.04,-15.047545037820091,sl
2026-08-13 17:10:00+00:00,2026-08-13 17:15:00+00:00,buy,4429.52490234375,4426.798599707408,0.05,-13.931513181708215,sl
2026-08-13 17:35:00+00:00,2026-08-13 17:40:00+00:00,sell,4417.375,4413.509849253107,0.05,19.02575373446525,tp
2026-08-13 17:45:00+00:00,2026-08-13 17:50:00+00:00,sell,4413.77490234375,4416.588600051083,0.05,-14.368488536663609,sl
2026-08-13 19:10:00+00:00,2026-08-13 19:15:00+00:00,sell,4409.875,4406.475402259211,0.06,20.03758644473659,tp
2026-08-13 19:15:00+00:00,2026-08-13 19:20:00+00:00,sell,4402.97509765625,4405.536531906484,0.06,-15.72860550140409,sl
2026-08-14 07:45:00+00:00,2026-08-14 07:55:00+00:00,buy,4396.4248046875,4399.696722858553,0.06,19.271509026316053,tp
2026-08-14 07:55:00+00:00,2026-08-14 08:00:00+00:00,buy,4400.02490234375,4403.103388763063,0.07,21.12940493519007,tp
2026-08-14 09:15:00+00:00,2026-08-14 09:20:00+00:00,buy,4406.9248046875,4404.854157262357,0.09,-19.175826826285665,sl
2026-08-14 09:25:00+00:00,2026-08-14 09:30:00+00:00,buy,4408.22509765625,4406.027486715254,0.08,-18.060887527969026,sl
2026-08-14 10:00:00+00:00,2026-08-14 10:10:00+00:00,buy,4413.72509765625,4411.838627499536,0.08,-15.571761253708683,sl
2026-08-14 10:30:00+00:00,2026-08-14 10:50:00+00:00,sell,4407.375,4409.334027742712,0.08,-16.15222194169881,sl
2026-08-14 11:20:00+00:00,2026-08-14 11:25:00+00:00,buy,4411.9248046875,4410.023446980969,0.08,-15.690861652245513,sl
2026-08-14 11:30:00+00:00,2026-08-14 11:35:00+00:00,buy,4413.22509765625,4416.167050516025,0.07,20.17367001842202,tp
2026-08-14 11:35:00+00:00,2026-08-14 11:50:00+00:00,buy,4418.125,4421.066014093054,0.07,20.167098651378257,tp
2026-08-14 11:55:00+00:00,2026-08-14 12:00:00+00:00,buy,4423.625,4426.814062621451,0.06,18.77437572870498,tp
2026-08-14 12:00:00+00:00,2026-08-14 12:05:00+00:00,buy,4425.625,4429.140175886508,0.06,20.731055319046064,tp
2026-08-14 12:05:00+00:00,2026-08-14 12:10:00+00:00,buy,4430.22509765625,4427.588877109323,0.07,-18.873543828487456,sl
2026-08-14 12:25:00+00:00,2026-08-14 12:30:00+00:00,buy,4435.9248046875,4440.0423650382445,0.05,20.287801753722487,tp
2026-08-14 12:30:00+00:00,2026-08-14 12:35:00+00:00,buy,4437.02490234375,4433.624660877208,0.05,-17.301207332709783,sl
2026-08-14 13:25:00+00:00,2026-08-14 13:30:00+00:00,buy,4443.02490234375,4447.802479120086,0.05,23.587883881679954,tp
2026-08-14 13:35:00+00:00,2026-08-14 13:45:00+00:00,buy,4448.8251953125,4445.188720698479,0.05,-18.482373070103495,sl
2026-08-14 14:50:00+00:00,2026-08-14 15:00:00+00:00,sell,4437.47509765625,4440.799114383903,0.05,-16.92008363826317,sl
2026-08-14 16:35:00+00:00,2026-08-14 16:40:00+00:00,sell,4440.27490234375,4443.182177738997,0.05,-14.836376976234352,sl
2026-08-14 17:30:00+00:00,2026-08-14 17:35:00+00:00,sell,4436.5751953125,4438.671257748679,0.07,-15.09243705325109,sl
2026-08-14 17:45:00+00:00,2026-08-14 18:00:00+00:00,sell,4434.6748046875,4436.711574407529,0.08,-16.774157760232338,sl
2026-08-14 18:40:00+00:00,2026-08-14 18:45:00+00:00,buy,4439.52490234375,4437.290338018534,0.07,-16.061950276509307,sl
2026-08-14 18:50:00+00:00,2026-08-14 19:05:00+00:00,sell,4430.77490234375,4433.152130485523,0.06,-14.62336885063938,sl
2026-08-14 20:05:00+00:00,2026-08-14 20:10:00+00:00,sell,4429.5751953125,4427.206414785019,0.09,20.779024747331242,tp
2026-08-14 20:10:00+00:00,2026-08-14 20:15:00+00:00,sell,4427.5751953125,4429.277061908933,0.09,-15.856799367899875,sl
2026-08-17 07:35:00+00:00,2026-08-17 07:50:00+00:00,buy,4463.72509765625,4461.103756587075,0.06,-16.08804641505172,sl
2026-08-17 08:45:00+00:00,2026-08-17 08:50:00+00:00,sell,4452.27490234375,4449.364702900065,0.07,19.951396105795613,tp
2026-08-17 08:50:00+00:00,2026-08-17 08:55:00+00:00,sell,4452.0751953125,4449.2096891279725,0.07,19.638543291692333,tp
2026-08-17 08:55:00+00:00,2026-08-17 09:00:00+00:00,sell,4449.6748046875,4451.807652705227,0.08,-17.542784141817247,sl
2026-08-17 10:30:00+00:00,2026-08-17 10:35:00+00:00,buy,4461.72509765625,4458.3604790830295,0.04,-13.698474292881874,sl
2026-08-17 12:05:00+00:00,2026-08-17 12:20:00+00:00,sell,4450.875,4453.080431077388,0.07,-15.858017541718183,sl
2026-08-17 12:30:00+00:00,2026-08-17 12:35:00+00:00,sell,4442.1748046875,4445.454950713376,0.04,-13.36058410350437,sl
2026-08-17 12:45:00+00:00,2026-08-17 12:50:00+00:00,sell,4434.375,4437.659267927807,0.04,-13.37707171122951,sl
2026-08-17 13:50:00+00:00,2026-08-17 13:55:00+00:00,buy,4451.52490234375,4457.39070169921,0.03,17.417398066379356,tp
2026-08-17 13:55:00+00:00,2026-08-17 14:00:00+00:00,buy,4458.02490234375,4464.903940170565,0.03,20.457113480444896,tp
2026-08-17 14:00:00+00:00,2026-08-17 14:10:00+00:00,buy,4465.4248046875,4460.757011651452,0.03,-14.183379108145054,sl
2026-08-17 14:20:00+00:00,2026-08-17 14:25:00+00:00,buy,4475.8251953125,4482.935636845725,0.03,21.15132459967419,tp
2026-08-17 14:25:00+00:00,2026-08-17 14:30:00+00:00,buy,4481.625,4476.455499232193,0.03,-15.688502303421664,sl
2026-08-17 15:30:00+00:00,2026-08-17 15:35:00+00:00,buy,4482.9248046875,4479.583842177401,0.04,-13.603850040397665,sl
2026-08-17 16:00:00+00:00,2026-08-17 16:05:00+00:00,buy,4485.125,4482.204208779672,0.05,-14.903956101641416,sl
2026-08-17 17:20:00+00:00,2026-08-17 17:25:00+00:00,sell,4476.6748046875,4473.741422829902,0.07,20.11367300318496,tp
2026-08-17 17:25:00+00:00,2026-08-17 17:30:00+00:00,sell,4474.0751953125,4476.295268198279,0.07,-15.960510200451537,sl
2026-08-17 17:40:00+00:00,2026-08-17 17:45:00+00:00,sell,4469.27490234375,4472.015325877655,0.05,-14.00211766952707,sl
2026-08-17 18:30:00+00:00,2026-08-17 18:35:00+00:00,sell,4463.1748046875,4458.692135629928,0.04,17.690676230287647,tp
2026-08-17 18:35:00+00:00,2026-08-17 18:40:00+00:00,sell,4456.47509765625,4459.518322070069,0.05,-15.516122069095946,sl
2026-08-17 19:20:00+00:00,2026-08-17 19:40:00+00:00,buy,4471.125,4474.870766469806,0.05,18.42883234902929,tp
2026-08-17 19:45:00+00:00,2026-08-17 19:50:00+00:00,buy,4475.625,4473.284994104209,0.06,-14.400035374748185,sl
2026-08-17 20:30:00+00:00,2026-08-17 20:45:00+00:00,sell,4471.47509765625,4473.005717704261,0.1,-15.9062004801086,sl
2026-08-18 07:25:00+00:00,2026-08-18 07:30:00+00:00,buy,4457.02490234375,4455.158336803253,0.08,-15.412524323972757,sl
2026-08-18 08:00:00+00:00,2026-08-18 08:05:00+00:00,sell,4451.47509765625,4448.678526200642,0.07,19.156000189253138,tp
2026-08-18 08:05:00+00:00,2026-08-18 08:10:00+00:00,sell,4450.0751953125,4447.0921315613905,0.07,20.461446257766585,tp
2026-08-18 08:10:00+00:00,2026-08-18 08:15:00+00:00,sell,4446.0751953125,4448.547957667308,0.07,-17.72933648365499,sl
2026-08-18 09:25:00+00:00,2026-08-18 09:30:00+00:00,sell,4445.375,4447.168690777988,0.09,-16.683217001888842,sl
2026-08-18 10:40:00+00:00,2026-08-18 11:00:00+00:00,buy,4454.22509765625,4452.365577810773,0.08,-15.356158763814602,sl
2026-08-18 11:25:00+00:00,2026-08-18 11:30:00+00:00,sell,4446.375,4448.182584389572,0.09,-16.80825950614966,sl
2026-08-18 11:35:00+00:00,2026-08-18 11:40:00+00:00,sell,4445.6748046875,4447.4609692887225,0.09,-16.615481411002328,sl
2026-08-18 12:00:00+00:00,2026-08-18 12:05:00+00:00,buy,4452.72509765625,4450.458879760673,0.07,-16.283525269039202,sl
2026-08-18 13:10:00+00:00,2026-08-18 13:15:00+00:00,sell,4444.875,4448.404523089359,0.04,-14.358092357435671,sl
2026-08-18 13:40:00+00:00,2026-08-18 13:45:00+00:00,buy,4458.9248046875,4453.973974563001,0.03,-15.032490373496039,sl
2026-08-18 14:40:00+00:00,2026-08-18 14:45:00+00:00,sell,4438.97509765625,4444.182524792157,0.02,-10.534854271813964,sl
2026-08-18 15:00:00+00:00,2026-08-18 15:05:00+00:00,sell,4422.47509765625,4429.329153332618,0.02,-13.828111352736522,sl
2026-08-18 15:15:00+00:00,2026-08-18 16:00:00+00:00,sell,4415.27490234375,4422.223462114782,0.02,-14.017119542063591,sl
2026-08-18 16:05:00+00:00,2026-08-18 16:25:00+00:00,buy,4423.4248046875,4419.262585145461,0.03,-12.666658626115968,sl
2026-08-18 17:45:00+00:00,2026-08-18 18:00:00+00:00,sell,4414.1748046875,4410.333713564611,0.05,18.90545561444669,tp
2026-08-18 18:05:00+00:00,2026-08-18 18:10:00+00:00,sell,4408.97509765625,4411.445510169706,0.06,-15.182475080734875,sl
2026-08-18 19:45:00+00:00,2026-08-18 19:50:00+00:00,sell,4404.1748046875,4400.089365588903,0.05,20.127195492984537,tp
2026-08-18 19:50:00+00:00,2026-08-18 19:55:00+00:00,sell,4400.6748046875,4396.514780906216,0.05,20.500118906417992,tp
2026-08-18 19:55:00+00:00,2026-08-18 20:10:00+00:00,sell,4400.27490234375,4395.630179910388,0.04,18.338889733449616,tp
2026-08-19 07:10:00+00:00,2026-08-19 07:15:00+00:00,buy,4406.72509765625,4403.879443107055,0.05,-14.528272745976938,sl
2026-08-19 07:30:00+00:00,2026-08-19 07:35:00+00:00,buy,4410.52490234375,4414.425702075506,0.05,19.203998658778982,tp
2026-08-19 07:35:00+00:00,2026-08-19 07:40:00+00:00,buy,4413.22509765625,4410.262048783457,0.05,-15.115244363962848,sl
2026-08-19 09:00:00+00:00,2026-08-19 09:05:00+00:00,sell,4409.5751953125,4411.94048898762,0.06,-14.551762050717443,sl
2026-08-19 09:50:00+00:00,2026-08-19 09:55:00+00:00,buy,4415.4248046875,4413.396688944931,0.07,-14.616810197981906,sl
2026-08-19 10:00:00+00:00,2026-08-19 10:05:00+00:00,buy,4416.625,4414.558525182526,0.07,-14.885323722318319,sl
2026-08-19 10:15:00+00:00,2026-08-19 10:20:00+00:00,buy,4418.52490234375,4421.557324591217,0.07,20.806955732271565,tp
2026-08-19 10:20:00+00:00,2026-08-19 10:30:00+00:00,buy,4423.125,4420.967742840352,0.07,-15.520800117535984,sl
2026-08-19 11:05:00+00:00,2026-08-19 11:10:00+00:00,buy,4425.72509765625,4428.057348807599,0.09,20.450260362139453,tp
2026-08-19 11:10:00+00:00,2026-08-19 11:15:00+00:00,buy,4425.9248046875,4428.325398914502,0.08,18.724753816018637,tp
2026-08-19 11:15:00+00:00,2026-08-19 11:20:00+00:00,buy,4428.52490234375,4426.564654498705,0.08,-16.16198276036128,sl
2026-08-19 11:45:00+00:00,2026-08-19 11:50:00+00:00,sell,4417.875,4420.053953697297,0.07,-15.672675881081815,sl
2026-08-19 12:35:00+00:00,2026-08-19 12:40:00+00:00,buy,4439.3251953125,4447.714953981492,0.02,16.659517337983633,tp
2026-08-19 12:40:00+00:00,2026-08-19 12:45:00+00:00,buy,4468.3251953125,4477.187641106876,0.02,17.604891588752142,tp
2026-08-19 12:45:00+00:00,2026-08-19 12:50:00+00:00,buy,4475.22509765625,4468.987351197277,0.02,-12.595492917945302,sl_and_tp_same_bar
2026-08-19 12:55:00+00:00,2026-08-19 13:00:00+00:00,buy,4486.125,4496.756594083359,0.02,21.143188166718463,tp
2026-08-19 13:00:00+00:00,2026-08-19 13:05:00+00:00,buy,4496.4248046875,4488.868868036559,0.02,-15.231873301881132,sl
2026-08-19 13:15:00+00:00,2026-08-19 13:35:00+00:00,buy,4513.72509765625,4505.554994574697,0.01,-8.230103081552953,sl
2026-08-19 14:10:00+00:00,2026-08-19 14:25:00+00:00,buy,4530.125,4540.091038451307,0.02,19.812076902614425,tp
2026-08-19 14:25:00+00:00,2026-08-19 14:30:00+00:00,buy,4536.9248046875,4546.38023968547,0.02,18.79086999593972,tp
2026-08-19 14:30:00+00:00,2026-08-19 14:40:00+00:00,buy,4544.52490234375,4553.626969446157,0.02,18.08413420481418,tp
2026-08-19 14:40:00+00:00,2026-08-19 14:45:00+00:00,buy,4548.22509765625,4542.183166740526,0.02,-12.203861831448302,sl
2026-08-19 15:50:00+00:00,2026-08-19 16:00:00+00:00,buy,4549.02490234375,4554.7348445432435,0.04,22.599768797974104,tp
2026-08-19 16:10:00+00:00,2026-08-19 16:20:00+00:00,buy,4555.52490234375,4552.160807324723,0.05,-17.120475095137227,sl
2026-08-19 17:20:00+00:00,2026-08-19 17:30:00+00:00,sell,4547.0751953125,4543.10807694902,0.06,23.44271018088024,tp
2026-08-19 18:05:00+00:00,2026-08-19 18:10:00+00:00,buy,4554.02490234375,4550.612801233868,0.05,-17.360505549411574,sl
2026-08-19 18:25:00+00:00,2026-08-19 18:30:00+00:00,sell,4539.375,4534.312481699232,0.04,20.010073203071226,tp
2026-08-19 18:30:00+00:00,2026-08-19 18:35:00+00:00,sell,4533.77490234375,4537.633150764749,0.04,-15.672993683996756,sl
2026-08-19 19:00:00+00:00,2026-08-19 19:05:00+00:00,buy,4553.4248046875,4558.104787510389,0.05,23.099914114443163,tp
2026-08-19 19:10:00+00:00,2026-08-19 19:30:00+00:00,buy,4563.72509765625,4568.695607236969,0.05,24.55254790359704,tp
2026-08-19 19:30:00+00:00,2026-08-19 19:35:00+00:00,buy,4565.3251953125,4562.2888807675645,0.07,-21.674201814548656,sl
2026-08-19 20:25:00+00:00,2026-08-19 20:30:00+00:00,buy,4576.4248046875,4581.137579446534,0.05,23.263873795169456,tp
2026-08-19 20:30:00+00:00,2026-08-19 20:50:00+00:00,buy,4576.8251953125,4581.612933436996,0.06,28.366428746977036,tp
2026-08-20 07:05:00+00:00,2026-08-20 07:25:00+00:00,sell,4545.375,4542.330143317403,0.07,20.8939967781799,tp
2026-08-20 07:25:00+00:00,2026-08-20 07:30:00+00:00,sell,4542.0751953125,4544.170723451039,0.08,-17.244225108308893,sl
2026-08-20 08:20:00+00:00,2026-08-20 08:25:00+00:00,buy,4553.625,4551.177348122162,0.06,-15.04591126702995,sl
2026-08-20 09:40:00+00:00,2026-08-20 09:45:00+00:00,sell,4542.6748046875,4545.201043418017,0.06,-15.517432383104605,sl
2026-08-20 10:00:00+00:00,2026-08-20 10:05:00+00:00,sell,4538.97509765625,4541.5783368091725,0.06,-15.979434917534817,sl
2026-08-20 10:30:00+00:00,2026-08-20 10:35:00+00:00,buy,4550.4248046875,4547.865178516511,0.06,-15.717757025933096,sl
2026-08-20 11:15:00+00:00,2026-08-20 11:20:00+00:00,sell,4541.5751953125,4543.963944627578,0.06,-14.692495890466816,sl_and_tp_same_bar
2026-08-20 11:45:00+00:00,2026-08-20 11:50:00+00:00,sell,4530.6748046875,4525.630591951802,0.04,19.936850942792955,tp
2026-08-20 11:50:00+00:00,2026-08-20 11:55:00+00:00,sell,4527.47509765625,4522.292125004062,0.04,20.49189060875302,tp
2026-08-20 11:55:00+00:00,2026-08-20 12:00:00+00:00,sell,4523.1748046875,4517.95559687852,0.04,20.636831235920692,tp
2026-08-20 12:05:00+00:00,2026-08-20 12:10:00+00:00,sell,4513.27490234375,4517.495675858191,0.03,-12.842320543323403,sl
2026-08-20 12:50:00+00:00,2026-08-20 13:00:00+00:00,buy,4526.4248046875,4533.034849842431,0.03,19.650135464792875,tp
2026-08-20 13:00:00+00:00,2026-08-20 13:25:00+00:00,buy,4529.9248046875,4525.167061416864,0.03,-14.453229811907185,sl
2026-08-20 13:45:00+00:00,2026-08-20 13:50:00+00:00,buy,4541.8251953125,4536.865801530637,0.03,-15.058181345588018,sl
2026-08-20 14:30:00+00:00,2026-08-20 14:35:00+00:00,buy,4547.72509765625,4554.548310855783,0.03,20.289639598598406,tp
2026-08-20 14:40:00+00:00,2026-08-20 14:45:00+00:00,buy,4551.9248046875,4558.774649667788,0.03,20.36953494086476,tp
2026-08-20 14:45:00+00:00,2026-08-20 14:50:00+00:00,buy,4555.125,4562.220842212083,0.03,21.107526636248913,tp
2026-08-20 14:50:00+00:00,2026-08-20 14:55:00+00:00,buy,4563.9248046875,4570.753844500472,0.03,20.307119438916125,tp
2026-08-20 14:55:00+00:00,2026-08-20 15:00:00+00:00,buy,4565.72509765625,4572.466932160825,0.03,20.045503513725926,tp
2026-08-20 15:00:00+00:00,2026-08-20 15:05:00+00:00,buy,4571.9248046875,4580.379049539382,0.03,25.182734555646967,tp
2026-08-20 15:05:00+00:00,2026-08-20 15:10:00+00:00,buy,4591.625,4585.415095161968,0.03,-18.80971451409703,sl
2026-08-20 15:20:00+00:00,2026-08-20 15:25:00+00:00,buy,4596.02490234375,4588.816485563815,0.02,-14.5368335598697,sl
2026-08-20 17:35:00+00:00,2026-08-20 18:05:00+00:00,buy,4574.8251953125,4571.531831063669,0.06,-20.12018549298351,sl
2026-08-20 18:55:00+00:00,2026-08-20 19:00:00+00:00,buy,4581.22509765625,4578.634421636837,0.07,-18.554732135890774,sl
2026-08-20 19:10:00+00:00,2026-08-20 19:20:00+00:00,buy,4583.02490234375,4580.3848526389465,0.06,-16.200298228820756,sl
2026-08-20 19:55:00+00:00,2026-08-20 20:00:00+00:00,buy,4586.9248046875,4584.211060173528,0.06,-16.64246708383449,sl
2026-08-20 20:25:00+00:00,2026-08-20 20:30:00+00:00,sell,4577.6748046875,4574.881114751853,0.07,19.135829549531156,tp
2026-08-20 20:35:00+00:00,2026-08-20 20:50:00+00:00,sell,4574.0751953125,4576.056900189536,0.08,-16.333639016284433,sl
2026-08-21 08:20:00+00:00,2026-08-21 08:25:00+00:00,buy,4629.72509765625,4635.043989892368,0.04,21.035568944471162,tp
2026-08-21 08:25:00+00:00,2026-08-21 08:40:00+00:00,buy,4634.52490234375,4639.6579422817185,0.04,20.292159751874134,tp
2026-08-21 09:05:00+00:00,2026-08-21 09:10:00+00:00,buy,4643.02490234375,4648.112828442539,0.05,25.139630493942786,tp
2026-08-21 09:10:00+00:00,2026-08-21 09:15:00+00:00,buy,4652.9248046875,4658.097673973117,0.05,25.56434642808399,tp
2026-08-21 09:15:00+00:00,2026-08-21 09:20:00+00:00,buy,4657.02490234375,4653.118911200949,0.05,-19.829955714006065,sl
2026-08-21 10:15:00+00:00,2026-08-21 10:20:00+00:00,sell,4635.875,4639.535176661284,0.05,-18.600883306419565,sl
2026-08-21 10:35:00+00:00,2026-08-21 11:00:00+00:00,buy,4647.72509765625,4644.500474308297,0.06,-19.707740087716374,sl_and_tp_same_bar
2026-08-21 11:25:00+00:00,2026-08-21 11:30:00+00:00,buy,4655.02490234375,4651.740019427783,0.05,-16.724414579832956,sl
2026-08-21 12:20:00+00:00,2026-08-21 12:30:00+00:00,sell,4645.1748046875,4639.43156723627,0.04,22.732949804920064,tp
2026-08-21 12:30:00+00:00,2026-08-21 12:35:00+00:00,sell,4641.875,4636.203446178993,0.04,22.44621528402946,tp
2026-08-21 12:35:00+00:00,2026-08-21 12:40:00+00:00,sell,4634.875,4628.272355178044,0.04,26.170579287825387,tp
2026-08-21 12:40:00+00:00,2026-08-21 12:45:00+00:00,sell,4621.6748046875,4626.670872737408,0.04,-20.224272199631958,sl
2026-08-21 14:25:00+00:00,2026-08-21 14:30:00+00:00,buy,4654.125,4649.377503272119,0.04,-19.22998691152519,sl
2026-08-21 15:25:00+00:00,2026-08-21 15:40:00+00:00,buy,4659.9248046875,4666.478169580779,0.04,25.973459573114962,tp
2026-08-21 15:45:00+00:00,2026-08-21 16:00:00+00:00,buy,4667.3251953125,4672.92093832427,0.05,27.678715058848137,tp
2026-08-21 16:00:00+00:00,2026-08-21 16:05:00+00:00,buy,4672.22509765625,4668.439804150389,0.05,-19.22646752930432,sl
2026-08-21 16:50:00+00:00,2026-08-21 16:55:00+00:00,buy,4681.3251953125,4685.920210046694,0.06,27.210088405162097,tp
2026-08-21 16:55:00+00:00,2026-08-21 17:05:00+00:00,buy,4684.9248046875,4689.358530998801,0.07,30.616084179108004,tp
2026-08-21 17:10:00+00:00,2026-08-21 17:15:00+00:00,buy,4688.9248046875,4685.305349473983,0.06,-22.076731281099782,sl
2026-08-21 19:35:00+00:00,2026-08-21 19:40:00+00:00,sell,4674.27490234375,4676.313989115044,0.11,-23.08995448423426,sl
2026-08-21 20:20:00+00:00,2026-08-21 20:35:00+00:00,sell,4670.1748046875,4667.141067484329,0.1,29.73737203170858,tp
2026-08-21 20:40:00+00:00,2026-08-21 20:45:00+00:00,sell,4665.875,4663.268907937924,0.12,30.55310474490878,tp
2026-08-21 20:45:00+00:00,2026-08-21 20:50:00+00:00,sell,4665.47509765625,4662.585162921201,0.12,33.95921682058659,tp
2026-08-21 20:50:00+00:00,2026-08-21 20:55:00+00:00,sell,4663.375,4665.521962291362,0.13,-28.690509787704542,sl
2026-08-23 22:10:00+00:00,2026-08-23 22:15:00+00:00,buy,4675.52490234375,4671.978220458794,0.04,-14.42672753982537,sl
2026-08-24 07:45:00+00:00,2026-08-24 07:55:00+00:00,sell,4690.97509765625,4694.971822954603,0.04,-16.226901193413358,sl
2026-08-24 08:30:00+00:00,2026-08-24 08:35:00+00:00,sell,4684.875,4689.184471060161,0.03,-13.108413180482493,sl
2026-08-24 10:00:00+00:00,2026-08-24 10:05:00+00:00,buy,4702.52490234375,4706.633583907304,0.05,20.24340781776773,tp
2026-08-24 10:05:00+00:00,2026-08-24 10:10:00+00:00,buy,4706.02490234375,4703.133775218142,0.05,-14.75563562804182,sl
2026-08-24 11:10:00+00:00,2026-08-24 11:15:00+00:00,sell,4697.27490234375,4700.351379374493,0.05,-15.682385153716314,sl
2026-08-24 11:35:00+00:00,2026-08-24 11:40:00+00:00,buy,4709.22509765625,4715.950598874699,0.03,19.996503655346096,tp
2026-08-24 11:40:00+00:00,2026-08-24 11:45:00+00:00,buy,4718.625,4713.50193262934,0.03,-15.549202111978666,sl
2026-08-24 13:10:00+00:00,2026-08-24 13:20:00+00:00,buy,4731.3251953125,4726.299277161476,0.03,-15.257754453071065,sl
2026-08-24 13:35:00+00:00,2026-08-24 13:40:00+00:00,buy,4737.3251953125,4731.971962103754,0.02,-10.826466417492265,sl
2026-08-24 13:45:00+00:00,2026-08-24 13:50:00+00:00,sell,4715.6748046875,4722.620145512903,0.02,-14.010681650806072,sl
2026-08-24 15:45:00+00:00,2026-08-24 15:50:00+00:00,sell,4717.47509765625,4709.261933832526,0.02,16.306327647448487,tp
2026-08-24 15:50:00+00:00,2026-08-24 15:55:00+00:00,sell,4703.375,4709.037605764818,0.02,-11.445211529636362,sl
2026-08-24 16:55:00+00:00,2026-08-24 17:00:00+00:00,sell,4709.375,4703.508172783424,0.03,17.420481649727954,tp
2026-08-24 17:00:00+00:00,2026-08-24 17:05:00+00:00,sell,4701.97509765625,4706.050050082771,0.03,-12.404857279563366,sl
2026-08-24 17:25:00+00:00,2026-08-24 17:35:00+00:00,sell,4692.875,4698.3826507170415,0.02,-11.135301434083084,sl
2026-08-24 19:25:00+00:00,2026-08-24 19:45:00+00:00,buy,4698.72509765625,4703.104060551243,0.05,21.594814474962913,tp
2026-08-24 19:50:00+00:00,2026-08-24 19:55:00+00:00,buy,4711.3251953125,4708.207514424593,0.05,-15.888404439536135,sl
2026-08-24 20:35:00+00:00,2026-08-24 20:45:00+00:00,sell,4704.6748046875,4706.689180008265,0.08,-16.595002566119074,sl
2026-08-25 07:30:00+00:00,2026-08-25 07:40:00+00:00,sell,4690.97509765625,4694.078880641215,0.05,-15.818914924823549,sl
2026-08-25 07:55:00+00:00,2026-08-25 08:00:00+00:00,sell,4687.5751953125,4683.424348228903,0.05,20.454235417985,tp
2026-08-25 08:00:00+00:00,2026-08-25 08:05:00+00:00,sell,4685.97509765625,4681.686375235883,0.05,21.143612101834332,tp
2026-08-25 08:05:00+00:00,2026-08-25 08:15:00+00:00,sell,4681.77490234375,4685.170053075518,0.05,-17.275753658839495,sl
2026-08-25 08:25:00+00:00,2026-08-25 08:30:00+00:00,buy,4699.8251953125,4695.123422163364,0.03,-14.285319447407964,sl
2026-08-25 09:35:00+00:00,2026-08-25 09:40:00+00:00,buy,4692.3251953125,4688.202410028651,0.03,-12.548355851547676,sl
2026-08-25 09:50:00+00:00,2026-08-25 09:55:00+00:00,buy,4696.4248046875,4692.444406860224,0.03,-12.121193481827213,sl
2026-08-25 12:05:00+00:00,2026-08-25 12:10:00+00:00,sell,4692.77490234375,4695.586762098959,0.05,-14.35929877604649,sl
2026-08-25 12:25:00+00:00,2026-08-25 12:30:00+00:00,sell,4689.1748046875,4692.401460758175,0.04,-13.14662428269934,sl
2026-08-25 12:40:00+00:00,2026-08-25 12:45:00+00:00,sell,4685.5751953125,4689.181703850859,0.04,-14.666034153435467,sl
2026-08-25 13:15:00+00:00,2026-08-25 13:20:00+00:00,sell,4677.97509765625,4671.704911075516,0.03,18.630559742201804,tp
2026-08-25 13:25:00+00:00,2026-08-25 13:30:00+00:00,sell,4669.6748046875,4674.811734111445,0.03,-15.590788271834462,sl
2026-08-25 13:50:00+00:00,2026-08-25 13:55:00+00:00,sell,4661.375,4667.155582154943,0.02,-11.681164309885498,sl
2026-08-25 14:35:00+00:00,2026-08-25 14:40:00+00:00,buy,4685.8251953125,4694.029311747763,0.02,16.28823287052626,tp
2026-08-25 14:40:00+00:00,2026-08-25 15:00:00+00:00,buy,4692.8251953125,4687.327816927682,0.02,-11.114756769636296,sl
2026-08-25 15:35:00+00:00,2026-08-25 15:40:00+00:00,buy,4705.3251953125,4712.372581244982,0.03,20.96215779744609,tp
2026-08-25 15:40:00+00:00,2026-08-25 15:45:00+00:00,buy,4712.8251953125,4708.164157919566,0.03,-14.163112178802912,sl
2026-08-25 16:25:00+00:00,2026-08-25 16:35:00+00:00,sell,4696.97509765625,4700.402762062217,0.04,-13.950657623869338,sl
2026-08-25 17:10:00+00:00,2026-08-25 17:15:00+00:00,sell,4693.27490234375,4696.480944996323,0.04,-13.06417061029264,sl
2026-08-25 18:00:00+00:00,2026-08-25 18:05:00+00:00,buy,4705.9248046875,4703.086407589244,0.05,-14.491985491279411,sl
2026-08-25 19:00:00+00:00,2026-08-25 19:05:00+00:00,buy,4711.52490234375,4714.430168234824,0.07,19.916861237518862,tp
2026-08-25 19:10:00+00:00,2026-08-25 19:15:00+00:00,buy,4716.22509765625,4719.544175755407,0.06,19.554468594943174,tp
2026-08-25 19:15:00+00:00,2026-08-25 19:20:00+00:00,buy,4719.4248046875,4723.100707529686,0.06,21.69541705311407,tp
2026-08-25 19:20:00+00:00,2026-08-25 19:25:00+00:00,buy,4724.02490234375,4721.383825146043,0.06,-16.206463186242544,sl
2026-08-25 20:10:00+00:00,2026-08-25 20:15:00+00:00,buy,4725.52490234375,4722.746192383107,0.05,-14.193549803215138,sl
2026-08-25 20:55:00+00:00,2026-08-25 22:00:00+00:00,sell,4716.47509765625,4718.352477794524,0.08,-15.499041106192163,sl_and_tp_same_bar
2026-08-26 07:05:00+00:00,2026-08-26 07:10:00+00:00,buy,4695.625,4692.691983281024,0.05,-14.965083594882163,sl
2026-08-26 08:15:00+00:00,2026-08-26 08:20:00+00:00,sell,4681.1748046875,4677.472520491483,0.05,18.21142098008495,tp
2026-08-26 08:20:00+00:00,2026-08-26 08:25:00+00:00,sell,4680.6748046875,4683.403155695199,0.05,-13.941755038493103,sl
2026-08-26 09:20:00+00:00,2026-08-26 09:25:00+00:00,sell,4676.77490234375,4673.599187380419,0.06,18.694289779987812,tp
2026-08-26 09:25:00+00:00,2026-08-26 09:30:00+00:00,sell,4674.0751953125,4676.443290694092,0.07,-16.996667671143697,sl
2026-08-26 10:30:00+00:00,2026-08-26 10:35:00+00:00,sell,4671.0751953125,4673.522368914709,0.06,-15.043041613252498,sl
2026-08-26 12:00:00+00:00,2026-08-26 12:05:00+00:00,buy,4680.72509765625,4684.210924227522,0.06,20.554959427631402,tp
2026-08-26 12:05:00+00:00,2026-08-26 12:10:00+00:00,buy,4683.4248046875,4680.989525897709,0.06,-14.971672738743436,sl
2026-08-26 12:30:00+00:00,2026-08-26 12:35:00+00:00,buy,4686.72509765625,4682.544409072245,0.03,-12.722065752015332,sl
2026-08-26 13:10:00+00:00,2026-08-26 13:15:00+00:00,sell,4663.97509765625,4669.143889642186,0.03,-15.686375957807904,sl_and_tp_same_bar
2026-08-26 13:50:00+00:00,2026-08-26 14:00:00+00:00,buy,4680.8251953125,4688.246996530028,0.03,22.0854036525837,tp
2026-08-26 14:00:00+00:00,2026-08-26 14:05:00+00:00,buy,4686.8251953125,4681.4785300014455,0.02,-10.813330622108987,sl
2026-08-26 14:55:00+00:00,2026-08-26 15:00:00+00:00,sell,4663.375,4656.383704450866,0.03,20.793886647400832,tp
2026-08-26 15:00:00+00:00,2026-08-26 15:05:00+00:00,sell,4658.375,4650.820590732417,0.02,14.988818535165484,tp
2026-08-26 15:05:00+00:00,2026-08-26 15:10:00+00:00,sell,4653.1748046875,4645.288340093095,0.02,15.65292918880994,tp
2026-08-26 15:10:00+00:00,2026-08-26 15:15:00+00:00,sell,4652.77490234375,4644.516633028599,0.02,16.39653863030151,tp
2026-08-26 15:15:00+00:00,2026-08-26 15:20:00+00:00,sell,4643.875,4649.739643277921,0.03,-17.77392983376165,sl
2026-08-26 15:50:00+00:00,2026-08-26 15:55:00+00:00,buy,4663.8251953125,4659.314888955239,0.03,-13.710919071781682,sl
2026-08-26 16:40:00+00:00,2026-08-26 16:45:00+00:00,sell,4642.27490234375,4645.956857876081,0.04,-14.967822129323613,sl
2026-08-26 17:30:00+00:00,2026-08-26 17:55:00+00:00,buy,4653.3251953125,4650.426357447562,0.05,-14.794189324691434,sl
2026-08-26 18:05:00+00:00,2026-08-26 18:10:00+00:00,buy,4658.4248046875,4655.713617977826,0.05,-13.855933548368558,sl
2026-08-26 20:15:00+00:00,2026-08-26 20:20:00+00:00,sell,4646.27490234375,4643.707225308069,0.08,20.061416285450395,tp
2026-08-26 20:20:00+00:00,2026-08-26 20:25:00+00:00,sell,4643.6748046875,4645.803581453949,0.07,-15.321437365142557,sl
2026-08-27 07:25:00+00:00,2026-08-27 07:30:00+00:00,sell,4650.27490234375,4653.294589899751,0.05,-15.398437780006862,sl
2026-08-27 08:05:00+00:00,2026-08-27 08:10:00+00:00,buy,4659.22509765625,4656.310853359511,0.05,-14.87122148369308,sl
2026-08-27 08:45:00+00:00,2026-08-27 08:50:00+00:00,sell,4649.0751953125,4651.447620132316,0.06,-14.594548918895597,sl
2026-08-27 09:40:00+00:00,2026-08-27 09:55:00+00:00,sell,4637.6748046875,4632.940413463432,0.04,18.69756489627049,tp
2026-08-27 10:05:00+00:00,2026-08-27 10:10:00+00:00,sell,4624.875,4628.816428648196,0.03,-12.004285944588155,sl
2026-08-27 10:45:00+00:00,2026-08-27 10:55:00+00:00,buy,4638.72509765625,4643.096405581702,0.05,21.556539627260644,tp
2026-08-27 10:55:00+00:00,2026-08-27 11:20:00+00:00,buy,4642.02490234375,4645.908347935534,0.05,19.117227958920193,tp
2026-08-27 11:25:00+00:00,2026-08-27 11:30:00+00:00,buy,4649.9248046875,4647.497969279616,0.06,-14.921012447304165,sl
2026-08-27 12:40:00+00:00,2026-08-27 12:45:00+00:00,sell,4642.77490234375,4638.833947293586,0.05,19.404775250820602,tp
2026-08-27 12:45:00+00:00,2026-08-27 12:50:00+00:00,sell,4640.875,4636.876172289858,0.05,19.694138550709976,tp
2026-08-27 12:50:00+00:00,2026-08-27 12:55:00+00:00,sell,4636.6748046875,4639.550429447804,0.06,-17.613748561824977,sl
2026-08-27 13:35:00+00:00,2026-08-27 13:40:00+00:00,sell,4628.27490234375,4632.648343966543,0.03,-13.300324868377793,sl
2026-08-27 14:35:00+00:00,2026-08-27 14:40:00+00:00,buy,4639.52490234375,4646.189693429643,0.03,19.81437325767849,tp
2026-08-27 14:40:00+00:00,2026-08-27 14:45:00+00:00,buy,4643.02490234375,4650.152376232773,0.03,21.20242166707005,tp
2026-08-27 14:45:00+00:00,2026-08-27 14:55:00+00:00,buy,4649.02490234375,4644.237591909258,0.03,-14.541931303475103,sl
2026-08-27 15:40:00+00:00,2026-08-27 15:50:00+00:00,buy,4653.8251953125,4659.106519232275,0.04,20.88529567909951,tp
2026-08-27 15:50:00+00:00,2026-08-27 15:55:00+00:00,buy,4658.72509765625,4663.9328710601585,0.05,25.73886701954252,tp
2026-08-27 15:55:00+00:00,2026-08-27 16:05:00+00:00,buy,4663.625,4660.154857658297,0.05,-17.6507117085137,sl
2026-08-27 16:55:00+00:00,2026-08-27 17:00:00+00:00,buy,4670.625,4667.847802998256,0.06,-17.02318201046306,sl
2026-08-27 18:05:00+00:00,2026-08-27 18:10:00+00:00,sell,4656.6748046875,4659.326532505061,0.06,-16.270366905363844,sl
2026-08-27 18:30:00+00:00,2026-08-27 18:35:00+00:00,sell,4655.1748046875,4657.491805974799,0.07,-16.63900901109166,sl
2026-08-27 18:55:00+00:00,2026-08-27 19:00:00+00:00,buy,4663.02490234375,4665.953071658912,0.07,20.07718520613715,tp
2026-08-27 19:00:00+00:00,2026-08-27 19:05:00+00:00,buy,4664.8251953125,4668.126275385641,0.07,22.68756051198587,tp
2026-08-27 19:05:00+00:00,2026-08-27 19:15:00+00:00,buy,4667.8251953125,4665.272674568852,0.07,-18.287645205533337,sl
2026-08-27 20:55:00+00:00,2026-08-27 22:00:00+00:00,sell,4654.47509765625,4656.11344457903,0.11,-18.681816150583618,sl
2026-08-28 08:45:00+00:00,2026-08-28 08:50:00+00:00,sell,4656.97509765625,4659.39719684675,0.06,-14.892595143002254,sl
2026-08-28 09:55:00+00:00,2026-08-28 10:00:00+00:00,buy,4660.9248046875,4658.9558807824815,0.08,-16.231391240148223,sl
2026-08-28 10:15:00+00:00,2026-08-28 10:20:00+00:00,buy,4662.52490234375,4660.476551805424,0.07,-14.758453768284127,sl
2026-08-28 10:50:00+00:00,2026-08-28 10:55:00+00:00,sell,4654.0751953125,4651.199061973548,0.07,19.712933372664413,tp
2026-08-28 10:55:00+00:00,2026-08-28 11:00:00+00:00,sell,4651.0751953125,4653.126175651395,0.07,-14.776862372264915,sl
2026-08-28 11:10:00+00:00,2026-08-28 11:15:00+00:00,sell,4648.375,4650.558337006904,0.07,-15.703359048330569,sl
2026-08-28 11:40:00+00:00,2026-08-28 11:45:00+00:00,sell,4645.97509765625,4648.219239655677,0.07,-16.128993995986022,sl
2026-08-28 12:25:00+00:00,2026-08-28 12:30:00+00:00,buy,4654.22509765625,4651.631749235638,0.06,-15.920090523669714,sl
2026-08-28 12:40:00+00:00,2026-08-28 12:45:00+00:00,sell,4641.5751953125,4644.570613470951,0.05,-15.277090792253876,sl
2026-08-28 13:50:00+00:00,2026-08-28 13:55:00+00:00,buy,4662.3251953125,4658.689150403682,0.04,-14.784179635271576,sl_and_tp_same_bar
2026-08-28 14:05:00+00:00,2026-08-28 14:10:00+00:00,sell,4630.5751953125,4614.53966829834,0.01,15.975527014159924,tp
2026-08-28 14:10:00+00:00,2026-08-28 14:15:00+00:00,sell,4625.375,4607.690245077311,0.01,17.624754922688627,tp
2026-08-28 14:15:00+00:00,2026-08-28 14:20:00+00:00,sell,4597.5751953125,4609.766291559497,0.01,-12.251096246997404,sl
2026-08-28 15:05:00+00:00,2026-08-28 15:10:00+00:00,buy,4633.3251953125,4623.773403505782,0.01,-9.61179180671803,sl
2026-08-28 15:45:00+00:00,2026-08-28 15:55:00+00:00,sell,4591.47509765625,4578.621032020783,0.01,12.794065635467122,tp
2026-08-28 16:00:00+00:00,2026-08-28 16:05:00+00:00,sell,4575.77490234375,4563.318668092029,0.01,12.39623425172107,tp
2026-08-28 16:05:00+00:00,2026-08-28 16:10:00+00:00,sell,4571.47509765625,4559.1843495860085,0.01,12.230748070241534,tp
2026-08-28 16:10:00+00:00,2026-08-28 16:15:00+00:00,sell,4559.5751953125,4546.69585688079,0.01,12.819338431709584,tp
2026-08-28 16:15:00+00:00,2026-08-28 16:20:00+00:00,sell,4548.97509765625,4535.1656475779355,0.01,13.749450078314512,tp
2026-08-28 16:20:00+00:00,2026-08-28 16:25:00+00:00,sell,4533.0751953125,4518.735625036294,0.01,14.279570276206359,tp
2026-08-28 16:25:00+00:00,2026-08-28 16:30:00+00:00,sell,4519.5751953125,4529.401486958197,0.01,-9.886291645696984,sl
2026-08-28 17:45:00+00:00,2026-08-28 17:50:00+00:00,sell,4517.1748046875,4523.721156955544,0.02,-13.212704536087694,sl
2026-08-28 18:25:00+00:00,2026-08-28 18:40:00+00:00,sell,4503.47509765625,4495.209663956732,0.02,16.41086739903665,tp
2026-08-28 19:40:00+00:00,2026-08-28 19:45:00+00:00,buy,4516.22509765625,4512.676457610391,0.04,-14.434560183437716,sl
2026-08-30 22:10:00+00:00,2026-08-30 22:20:00+00:00,buy,4506.4248046875,4515.116503112508,0.02,17.26339685001665,tp
2026-08-31 07:25:00+00:00,2026-08-31 07:30:00+00:00,buy,4495.52490234375,4492.3272329886395,0.04,-13.03067742044208,sl
2026-08-31 08:15:00+00:00,2026-08-31 08:50:00+00:00,sell,4488.875,4484.390508218922,0.04,17.6979671243114,tp
2026-08-31 09:15:00+00:00,2026-08-31 09:20:00+00:00,buy,4493.4248046875,4490.811014941061,0.06,-16.042738478632018,sl
2026-08-31 10:00:00+00:00,2026-08-31 10:05:00+00:00,buy,4496.02490234375,4498.911178285699,0.07,19.783931593642667,tp
2026-08-31 10:05:00+00:00,2026-08-31 10:10:00+00:00,buy,4498.22509765625,4501.501881858023,0.06,19.30070521063739,tp
2026-08-31 10:10:00+00:00,2026-08-31 10:15:00+00:00,buy,4499.02490234375,4502.5200684436195,0.06,20.61099659921696,tp
2026-08-31 10:15:00+00:00,2026-08-31 10:20:00+00:00,buy,4502.52490234375,4499.828250819381,0.07,-19.29656067058561,sl
2026-08-31 10:55:00+00:00,2026-08-31 11:10:00+00:00,buy,4504.8251953125,4507.8216809800715,0.08,23.491885340572043,tp
2026-08-31 11:10:00+00:00,2026-08-31 11:15:00+00:00,buy,4507.625,4505.342621043994,0.08,-18.73903164804913,sl
2026-08-31 11:30:00+00:00,2026-08-31 11:35:00+00:00,buy,4514.22509765625,4511.620653733195,0.06,-15.98666353833265,sl
2026-08-31 12:30:00+00:00,2026-08-31 12:35:00+00:00,sell,4498.27490234375,4493.615026040956,0.05,22.99938151397073,tp
2026-08-31 12:35:00+00:00,2026-08-31 12:40:00+00:00,sell,4497.375,4492.705118922995,0.05,23.04940538502451,tp
2026-08-31 12:40:00+00:00,2026-08-31 12:45:00+00:00,sell,4492.875,4488.388401243679,0.06,26.559592537924473,tp
2026-08-31 12:45:00+00:00,2026-08-31 12:55:00+00:00,sell,4491.27490234375,4486.803183421605,0.06,26.470313532867877,tp
2026-08-31 12:55:00+00:00,2026-08-31 13:00:00+00:00,sell,4487.97509765625,4491.069596469302,0.07,-22.081491691365887,sl
2026-08-31 13:50:00+00:00,2026-08-31 13:55:00+00:00,sell,4476.27490234375,4469.90173749917,0.04,25.252659378320242,tp
2026-08-31 13:55:00+00:00,2026-08-31 14:00:00+00:00,sell,4474.875,4468.276245415947,0.05,32.69377292026293,tp
2026-08-31 14:00:00+00:00,2026-08-31 14:05:00+00:00,sell,4469.1748046875,4473.800617231897,0.05,-23.429062721986885,sl
2026-08-31 14:40:00+00:00,2026-08-31 14:45:00+00:00,buy,4484.02490234375,4479.24182168092,0.04,-19.372322651319553,sl
2026-08-31 16:30:00+00:00,2026-08-31 16:35:00+00:00,buy,4488.72509765625,4485.486240878978,0.07,-23.09199744090613,sl
2026-08-31 17:50:00+00:00,2026-08-31 17:55:00+00:00,buy,4488.52490234375,4485.937040091196,0.08,-21.182898020434077,sl
2026-08-31 18:30:00+00:00,2026-08-31 18:45:00+00:00,sell,4478.77490234375,4480.963486585714,0.09,-20.23725817767812,sl
2026-08-31 19:25:00+00:00,2026-08-31 19:35:00+00:00,buy,4488.72509765625,4491.845154049689,0.08,24.480451147511776,tp
2026-08-31 19:35:00+00:00,2026-08-31 19:45:00+00:00,buy,4490.02490234375,4493.158854944544,0.08,24.591620806353166,tp
2026-08-31 19:45:00+00:00,2026-08-31 19:50:00+00:00,buy,4492.3251953125,4496.007273009041,0.08,28.976621572324365,tp
2026-08-31 19:50:00+00:00,2026-08-31 19:55:00+00:00,buy,4498.22509765625,4501.999564993252,0.08,29.715738696012995,tp
2026-08-31 19:55:00+00:00,2026-08-31 20:00:00+00:00,buy,4499.52490234375,4503.475475858735,0.09,35.01516163486573,tp
2026-08-31 20:00:00+00:00,2026-08-31 20:10:00+00:00,buy,4502.4248046875,4499.673036691342,0.1,-28.117679961583782,sl
2026-09-01 07:25:00+00:00,2026-09-01 07:30:00+00:00,sell,4475.375,4471.597332697476,0.05,18.58833651261848,tp
2026-09-01 07:30:00+00:00,2026-09-01 07:35:00+00:00,sell,4474.1748046875,4469.789504744063,0.05,21.626499717183105,tp
2026-09-01 07:40:00+00:00,2026-09-01 07:45:00+00:00,sell,4461.375,4465.459824267973,0.04,-16.57929707189236,sl
2026-09-01 08:10:00+00:00,2026-09-01 08:15:00+00:00,sell,4444.875,4451.09219743572,0.02,-12.554394871439507,sl
2026-09-01 08:25:00+00:00,2026-09-01 08:30:00+00:00,sell,4434.27490234375,4425.264575367766,0.02,17.900653951967687,tp
2026-09-01 08:30:00+00:00,2026-09-01 08:35:00+00:00,sell,4431.97509765625,4422.850802558314,0.02,18.128590195871656,tp
2026-09-01 08:35:00+00:00,2026-09-01 08:40:00+00:00,sell,4423.5751953125,4429.620248105196,0.03,-18.315158378087908,sl
2026-09-01 10:15:00+00:00,2026-09-01 10:20:00+00:00,buy,4427.125,4433.009529509465,0.04,23.298118037860842,tp
2026-09-01 10:20:00+00:00,2026-09-01 10:45:00+00:00,buy,4429.72509765625,4425.711909425781,0.04,-16.292752921874342,sl
2026-09-01 11:45:00+00:00,2026-09-01 11:50:00+00:00,buy,4432.9248046875,4430.098431100198,0.06,-17.31824152381465,sl
2026-09-01 12:05:00+00:00,2026-09-01 12:10:00+00:00,sell,4420.0751953125,4415.722633241563,0.05,21.462810354684915,tp
2026-09-01 12:10:00+00:00,2026-09-01 12:15:00+00:00,sell,4419.1748046875,4422.326840550708,0.05,-16.060179316039285,sl
2026-09-01 12:35:00+00:00,2026-09-01 12:40:00+00:00,sell,4407.1748046875,4411.326927790124,0.04,-16.848492410494362,sl
2026-09-01 13:05:00+00:00,2026-09-01 13:10:00+00:00,sell,4387.6748046875,4379.274083917089,0.02,16.68144154082154,tp
2026-09-01 13:10:00+00:00,2026-09-01 13:25:00+00:00,sell,4380.0751953125,4385.910151688182,0.02,-11.78991275136388,sl
2026-09-01 14:00:00+00:00,2026-09-01 14:05:00+00:00,buy,4414.3251953125,4407.78718776654,0.02,-13.196015091919543,sl
2026-09-01 14:25:00+00:00,2026-09-01 14:30:00+00:00,buy,4422.3251953125,4416.529277687217,0.02,-11.711835250566873,sl
2026-09-01 15:05:00+00:00,2026-09-01 15:10:00+00:00,sell,4405.6748046875,4410.251946472035,0.03,-13.911425353606027,sl
2026-09-01 15:45:00+00:00,2026-09-01 16:10:00+00:00,buy,4419.3251953125,4415.58722374253,0.04,-15.191886279879546,sl
2026-09-01 16:20:00+00:00,2026-09-01 16:25:00+00:00,sell,4406.97509765625,4402.304179727846,0.04,18.443671713617515,tp
2026-09-01 16:25:00+00:00,2026-09-01 16:30:00+00:00,sell,4406.375,4401.587561232884,0.04,18.909755068465312,tp
2026-09-01 16:30:00+00:00,2026-09-01 16:35:00+00:00,sell,4400.875,4396.022553068498,0.04,19.169787726006472,tp
2026-09-01 16:35:00+00:00,2026-09-01 16:40:00+00:00,sell,4397.0751953125,4400.75605353959,0.04,-14.963432908358518,sl
2026-09-01 17:10:00+00:00,2026-09-01 17:25:00+00:00,sell,4394.47509765625,4397.584476433037,0.05,-15.84689388393399,sl
2026-09-01 18:05:00+00:00,2026-09-01 18:10:00+00:00,sell,4387.27490234375,4383.369668731411,0.05,19.22616806169317,tp
2026-09-01 18:10:00+00:00,2026-09-01 18:15:00+00:00,sell,4384.47509765625,4387.184692701712,0.06,-16.61757027277359,sl
2026-09-01 18:35:00+00:00,2026-09-01 18:40:00+00:00,sell,4381.47509765625,4377.675008865023,0.05,18.700443956133494,tp
2026-09-01 18:40:00+00:00,2026-09-01 18:50:00+00:00,sell,4377.47509765625,4380.067926735625,0.06,-15.916974476252435,sl
2026-09-01 19:40:00+00:00,2026-09-01 19:45:00+00:00,sell,4370.375,4373.346109479392,0.05,-15.155547396959992,sl
2026-09-02 07:20:00+00:00,2026-09-02 07:25:00+00:00,buy,4374.625,4371.360314550855,0.04,-13.298741796579852,sl
2026-09-02 08:55:00+00:00,2026-09-02 09:05:00+00:00,sell,4360.97509765625,4364.275851627046,0.04,-13.44301588318398,sl
2026-09-02 09:25:00+00:00,2026-09-02 09:40:00+00:00,sell,4355.77490234375,4358.798648219708,0.05,-15.418729379792058,sl
2026-09-02 10:05:00+00:00,2026-09-02 10:10:00+00:00,sell,4351.6748046875,4354.143634746307,0.06,-15.172980352840895,sl
2026-09-02 11:15:00+00:00,2026-09-02 11:20:00+00:00,buy,4370.02490234375,4366.53076462938,0.04,-14.216550857478287,sl
2026-09-02 11:35:00+00:00,2026-09-02 11:40:00+00:00,buy,4377.22509765625,4373.688376856205,0.04,-14.386883200181037,sl
2026-09-02 12:05:00+00:00,2026-09-02 12:10:00+00:00,buy,4381.9248046875,4378.250299315101,0.04,-14.938021489595704,sl
2026-09-02 12:25:00+00:00,2026-09-02 12:30:00+00:00,buy,4385.9248046875,4381.537927621688,0.03,-13.340631197435577,sl
2026-09-02 13:25:00+00:00,2026-09-02 13:30:00+00:00,buy,4394.9248046875,4401.590794393986,0.03,19.817969119456684,tp
2026-09-02 13:30:00+00:00,2026-09-02 13:35:00+00:00,buy,4405.4248046875,4412.529352537288,0.03,21.133643549364315,tp
2026-09-02 13:35:00+00:00,2026-09-02 13:40:00+00:00,buy,4412.22509765625,4419.085705792732,0.03,20.40182440944711,tp
2026-09-02 13:40:00+00:00,2026-09-02 13:45:00+00:00,buy,4414.52490234375,4422.314096062035,0.02,15.458387436569756,tp
2026-09-02 13:45:00+00:00,2026-09-02 13:50:00+00:00,buy,4425.8251953125,4420.239542240546,0.02,-11.291306143907713,sl
2026-09-02 14:00:00+00:00,2026-09-02 14:05:00+00:00,buy,4433.02490234375,4441.5417472718145,0.02,16.913689856129057,tp
2026-09-02 14:10:00+00:00,2026-09-02 14:15:00+00:00,buy,4437.9248046875,4431.755676169355,0.02,-12.458257036290087,sl
2026-09-02 14:55:00+00:00,2026-09-02 15:15:00+00:00,sell,4423.875,4417.53667784826,0.03,18.83496645521911,tp
2026-09-02 15:15:00+00:00,2026-09-02 15:20:00+00:00,sell,4419.0751953125,4413.375786627484,0.03,16.918226055049054,tp
2026-09-02 15:20:00+00:00,2026-09-02 15:30:00+00:00,sell,4416.5751953125,4420.553417031899,0.03,-12.114665158196367,sl
2026-09-02 16:45:00+00:00,2026-09-02 16:50:00+00:00,sell,4411.375,4413.745130491907,0.06,-14.580782951440924,sl
2026-09-02 17:45:00+00:00,2026-09-02 18:00:00+00:00,buy,4423.02490234375,4420.163079583576,0.05,-14.609113800868545,sl
2026-09-02 19:15:00+00:00,2026-09-02 19:25:00+00:00,buy,4425.8251953125,4428.862408602067,0.07,20.840493026970837,tp
2026-09-02 19:30:00+00:00,2026-09-02 19:40:00+00:00,buy,4427.8251953125,4430.69925456583,0.07,19.69841477331291,tp
2026-09-02 19:40:00+00:00,2026-09-02 19:45:00+00:00,buy,4430.4248046875,4433.478044696807,0.07,20.952680065149327,tp
2026-09-02 19:45:00+00:00,2026-09-02 19:50:00+00:00,buy,4434.72509765625,4432.451789018928,0.07,-16.33316046125303,sl
2026-09-02 20:00:00+00:00,2026-09-02 20:05:00+00:00,buy,4437.52490234375,4435.160564411451,0.06,-14.546027593796097,sl
2026-09-03 08:05:00+00:00,2026-09-03 08:10:00+00:00,buy,4483.3251953125,4479.278377648108,0.03,-12.320452993175131,sl
2026-09-03 09:45:00+00:00,2026-09-03 10:05:00+00:00,sell,4476.0751953125,4471.873701826417,0.05,20.70746743041327,tp
2026-09-03 10:15:00+00:00,2026-09-03 10:20:00+00:00,sell,4470.47509765625,4466.877585282905,0.06,21.225074240070754,tp
2026-09-03 10:20:00+00:00,2026-09-03 10:35:00+00:00,sell,4468.375,4471.0107849268215,0.06,-16.17470956092926,sl
2026-09-03 11:10:00+00:00,2026-09-03 11:15:00+00:00,buy,4476.8251953125,4479.969168275953,0.07,21.587810744171367,tp
2026-09-03 11:15:00+00:00,2026-09-03 11:25:00+00:00,buy,4478.8251953125,4476.34743194056,0.07,-17.76434360357682,sl
2026-09-03 11:50:00+00:00,2026-09-03 11:55:00+00:00,buy,4485.125,4488.88273628771,0.06,22.18641772626019,tp
2026-09-03 12:00:00+00:00,2026-09-03 12:05:00+00:00,buy,4490.125,4494.639557773464,0.05,22.272788867319104,tp
2026-09-03 12:05:00+00:00,2026-09-03 12:10:00+00:00,buy,4494.3251953125,4491.191554119777,0.06,-19.161847156339135,sl
2026-09-03 12:35:00+00:00,2026-09-03 12:40:00+00:00,buy,4513.9248046875,4522.74164740032,0.03,26.270528138460868,tp
2026-09-03 12:40:00+00:00,2026-09-03 12:45:00+00:00,buy,4522.9248046875,4516.577430113148,0.03,-19.222123723056647,sl
2026-09-03 12:55:00+00:00,2026-09-03 13:10:00+00:00,buy,4538.3251953125,4531.918880409025,0.02,-12.932629806949189,sl
2026-09-03 13:40:00+00:00,2026-09-03 13:45:00+00:00,sell,4522.77490234375,4515.364147142046,0.03,22.052265605111934,tp
2026-09-03 13:45:00+00:00,2026-09-03 13:50:00+00:00,sell,4517.0751953125,4508.881160596024,0.03,24.402104149429142,tp
2026-09-03 13:50:00+00:00,2026-09-03 13:55:00+00:00,sell,4504.97509765625,4510.482627610492,0.03,-16.702589862726818,sl
2026-09-03 15:00:00+00:00,2026-09-03 15:05:00+00:00,buy,4532.125,4541.114979406765,0.03,26.789938220295262,tp
2026-09-03 15:05:00+00:00,2026-09-03 15:15:00+00:00,buy,4545.625,4554.275683975447,0.03,25.772051926339664,tp
2026-09-03 15:15:00+00:00,2026-09-03 15:35:00+00:00,buy,4551.4248046875,4545.523597609795,0.03,-17.883621233115882,sl
2026-09-03 17:30:00+00:00,2026-09-03 17:50:00+00:00,buy,4540.625,4538.13812388067,0.09,-22.921885073971715,sl
2026-09-03 18:15:00+00:00,2026-09-03 18:20:00+00:00,sell,4530.97509765625,4533.2516504265795,0.09,-21.0289749329659,sl
2026-09-03 18:30:00+00:00,2026-09-03 18:35:00+00:00,sell,4527.27490234375,4529.868785072595,0.07,-18.577179101912336,sl
2026-09-03 19:05:00+00:00,2026-09-03 19:10:00+00:00,sell,4522.27490234375,4524.479365447076,0.08,-18.115704826607253,sl
2026-09-03 19:50:00+00:00,2026-09-03 19:55:00+00:00,buy,4527.22509765625,4525.164399812279,0.08,-16.965582751767652,sl
2026-09-03 20:05:00+00:00,2026-09-03 22:00:00+00:00,sell,4519.47509765625,4521.66666960044,0.07,-15.761003609332803,sl
2026-09-04 07:30:00+00:00,2026-09-04 07:35:00+00:00,buy,4519.72509765625,4523.001644003055,0.06,19.29927808082961,tp
2026-09-04 07:35:00+00:00,2026-09-04 07:40:00+00:00,buy,4521.72509765625,4524.800057615148,0.07,21.104719712286244,tp
2026-09-04 07:40:00+00:00,2026-09-04 07:45:00+00:00,buy,4522.02490234375,4526.185212693545,0.06,24.601862098767597,tp
2026-09-04 07:45:00+00:00,2026-09-04 07:50:00+00:00,buy,4532.8251953125,4529.720253846507,0.06,-18.98964879595711,sl
2026-09-04 08:50:00+00:00,2026-09-04 08:55:00+00:00,sell,4521.6748046875,4524.036972960545,0.08,-19.377346184363414,sl
2026-09-04 09:15:00+00:00,2026-09-04 09:20:00+00:00,sell,4516.27490234375,4512.796927019533,0.07,23.92582726952158,tp
2026-09-04 09:20:00+00:00,2026-09-04 09:30:00+00:00,sell,4513.0751953125,4515.585898763715,0.07,-17.994924158503565,sl
2026-09-04 10:15:00+00:00,2026-09-04 10:20:00+00:00,buy,4519.02490234375,4516.832645804987,0.08,-18.01805231010483,sl
2026-09-04 11:20:00+00:00,2026-09-04 11:35:00+00:00,sell,4512.97509765625,4514.988657981161,0.08,-16.588482599287527,sl
2026-09-04 12:30:00+00:00,2026-09-04 12:35:00+00:00,buy,4521.02490234375,4510.031685995917,0.01,-11.053216347833368,sl
2026-09-04 12:40:00+00:00,2026-09-04 12:50:00+00:00,sell,4438.1748046875,4449.168110452651,0.01,-11.053305765150581,sl
2026-09-04 13:30:00+00:00,2026-09-04 13:45:00+00:00,buy,4459.8251953125,4472.413686176199,0.01,12.528490863699007,tp
2026-09-04 13:45:00+00:00,2026-09-04 13:55:00+00:00,buy,4470.72509765625,4461.792017819482,0.01,-8.99307983676823,sl
2026-09-04 14:35:00+00:00,2026-09-04 14:40:00+00:00,buy,4486.52490234375,4479.174179961815,0.02,-14.821444763870312,sl
2026-09-04 15:20:00+00:00,2026-09-04 15:25:00+00:00,buy,4495.22509765625,4489.053825762803,0.02,-12.462543786893656,sl
2026-09-04 16:10:00+00:00,2026-09-04 16:15:00+00:00,sell,4480.97509765625,4485.335814795235,0.03,-13.26215141695473,sl
2026-09-04 17:05:00+00:00,2026-09-04 17:10:00+00:00,sell,4478.47509765625,4481.606306045866,0.05,-15.95604194808202,sl
2026-09-04 17:30:00+00:00,2026-09-04 17:35:00+00:00,sell,4475.77490234375,4470.738309814498,0.04,19.906370117006883,tp
2026-09-04 17:35:00+00:00,2026-09-04 17:40:00+00:00,sell,4471.47509765625,4466.682694026732,0.04,18.929614518072196,tp
2026-09-04 17:40:00+00:00,2026-09-04 17:45:00+00:00,sell,4469.5751953125,4464.382468937751,0.04,20.53090549899731,tp
2026-09-04 17:45:00+00:00,2026-09-04 17:50:00+00:00,sell,4464.375,4467.988479752633,0.04,-14.693919010531536,sl
2026-09-04 18:30:00+00:00,2026-09-04 18:35:00+00:00,buy,4472.72509765625,4469.988447597235,0.05,-13.983250295075596,sl
2026-09-04 19:15:00+00:00,2026-09-04 19:20:00+00:00,buy,4476.625,4474.324616980383,0.06,-14.162298117700047,sl
2026-09-04 19:25:00+00:00,2026-09-04 19:30:00+00:00,buy,4478.3251953125,4481.768716691684,0.06,20.301128275103693,tp
2026-09-04 19:30:00+00:00,2026-09-04 19:55:00+00:00,buy,4482.9248046875,4480.393968897582,0.06,-15.545014739505277,sl
2026-09-04 20:25:00+00:00,2026-09-04 20:55:00+00:00,sell,4477.1748046875,4476.70009765625,0.09,3.732363281246726,eod_flat
