entry_time,exit_time,side,entry,exit,lots,pnl,reason
2026-06-26 07:05:00+00:00,2026-06-26 07:25:00+00:00,sell,4045.074951171875,4048.7940417572418,0.04,-15.11636234146703,sl
2026-06-26 07:30:00+00:00,2026-06-26 07:40:00+00:00,sell,4053.074951171875,4048.32183475438,0.04,18.772465669980885,tp
2026-06-26 07:40:00+00:00,2026-06-26 07:45:00+00:00,sell,4051.77490234375,4047.1598949012755,0.04,18.22002976989803,tp
2026-06-26 07:45:00+00:00,2026-06-26 08:00:00+00:00,sell,4046.574951171875,4042.1719447217306,0.05,21.715032250722015,tp
2026-06-26 08:00:00+00:00,2026-06-26 08:05:00+00:00,sell,4045.97509765625,4041.763932640315,0.06,24.9069900956098,tp
2026-06-26 08:05:00+00:00,2026-06-26 08:10:00+00:00,sell,4042.074951171875,4045.1532987713595,0.06,-18.830085596906756,sl
2026-06-26 08:15:00+00:00,2026-06-26 08:20:00+00:00,sell,4046.27490234375,4049.1861945406963,0.06,-17.827753181677835,sl
2026-06-26 08:25:00+00:00,2026-06-26 08:30:00+00:00,sell,4046.375,4049.2792238820953,0.06,-17.785343292571596,sl
2026-06-26 08:35:00+00:00,2026-06-26 08:45:00+00:00,sell,4049.574951171875,4052.200264401649,0.06,-16.111879378643025,sl
2026-06-26 08:50:00+00:00,2026-06-26 08:55:00+00:00,sell,4048.574951171875,4045.1304274384584,0.06,20.30714240049987,tp
2026-06-26 08:55:00+00:00,2026-06-26 09:00:00+00:00,sell,4047.675048828125,4050.1024403185434,0.07,-17.41174043292851,sl
2026-06-26 09:05:00+00:00,2026-06-26 09:10:00+00:00,sell,4049.175048828125,4051.8757860753726,0.05,-13.803686236238082,sl
2026-06-26 09:15:00+00:00,2026-06-26 09:20:00+00:00,sell,4054.97509765625,4058.3488953344604,0.04,-13.735190712841577,sl
2026-06-26 09:25:00+00:00,2026-06-26 09:35:00+00:00,sell,4063.574951171875,4066.9278870703142,0.04,-13.65174359375691,sl
2026-06-26 09:40:00+00:00,2026-06-26 09:45:00+00:00,sell,4066.574951171875,4061.773094325988,0.04,18.96742738354784,tp
2026-06-26 09:45:00+00:00,2026-06-26 09:50:00+00:00,sell,4063.47509765625,4066.782722149846,0.04,-13.47049797438398,sl
2026-06-26 09:55:00+00:00,2026-06-26 10:00:00+00:00,sell,4065.47509765625,4060.8111122111736,0.04,18.415941780305513,tp
2026-06-26 10:00:00+00:00,2026-06-26 10:05:00+00:00,sell,4062.175048828125,4065.427018196391,0.04,-13.247877473064582,sl
2026-06-26 10:10:00+00:00,2026-06-26 10:15:00+00:00,sell,4065.27490234375,4061.1160611263367,0.05,20.494206087066413,tp
2026-06-26 10:15:00+00:00,2026-06-26 10:20:00+00:00,sell,4066.574951171875,4062.171282924075,0.04,17.37467299119977,tp
2026-06-26 10:20:00+00:00,2026-06-26 10:25:00+00:00,sell,4060.074951171875,4063.1365150483816,0.05,-15.607819382533126,sl
2026-06-26 10:30:00+00:00,2026-06-26 10:35:00+00:00,sell,4063.175048828125,4066.4043934384235,0.04,-13.15737844119416,sl
2026-06-26 10:40:00+00:00,2026-06-26 10:50:00+00:00,sell,4064.574951171875,4067.697240932638,0.04,-12.729159043052496,sl
2026-06-26 10:55:00+00:00,2026-06-26 11:10:00+00:00,sell,4068.27490234375,4064.078020486588,0.05,20.684409285811125,tp
2026-06-26 11:10:00+00:00,2026-06-26 11:15:00+00:00,sell,4068.074951171875,4063.9803808661027,0.05,20.17285152886161,tp
2026-06-26 11:15:00+00:00,2026-06-26 11:20:00+00:00,sell,4062.47509765625,4065.6780716106964,0.05,-16.314869772232033,sl
2026-06-26 11:25:00+00:00,2026-06-26 11:30:00+00:00,sell,4067.375,4070.224149134812,0.05,-14.545745674058981,sl
2026-06-26 11:35:00+00:00,2026-06-26 11:40:00+00:00,sell,4068.074951171875,4064.0451708810288,0.05,19.848901454231235,tp
2026-06-26 11:40:00+00:00,2026-06-26 11:50:00+00:00,sell,4063.574951171875,4059.607129867725,0.05,19.5391065207511,tp
2026-06-26 11:50:00+00:00,2026-06-26 12:10:00+00:00,sell,4061.074951171875,4063.7533896371847,0.06,-16.430630791858093,sl
2026-06-26 12:15:00+00:00,2026-06-26 12:20:00+00:00,sell,4063.675048828125,4059.912568888359,0.05,18.512399698829267,tp
2026-06-26 12:20:00+00:00,2026-06-26 12:25:00+00:00,sell,4059.175048828125,4061.9541366301287,0.06,-17.034526812022122,sl
2026-06-26 12:30:00+00:00,2026-06-26 12:40:00+00:00,sell,4060.97509765625,4056.989819539951,0.05,19.62639058149507,tp
2026-06-26 12:40:00+00:00,2026-06-26 12:45:00+00:00,sell,4058.97509765625,4054.670411937091,0.05,21.223428595794484,tp
2026-06-26 12:45:00+00:00,2026-06-26 12:50:00+00:00,sell,4054.675048828125,4057.775418892945,0.05,-15.801850324098996,sl
2026-06-26 12:55:00+00:00,2026-06-26 13:00:00+00:00,sell,4060.675048828125,4064.6972807809784,0.04,-16.328927811413667,sl
2026-06-26 13:05:00+00:00,2026-06-26 13:10:00+00:00,sell,4066.875,4059.701901869577,0.03,21.33929439126934,tp
2026-06-26 13:10:00+00:00,2026-06-26 13:15:00+00:00,sell,4059.574951171875,4064.500633997925,0.03,-14.957048478149936,sl
2026-06-26 13:20:00+00:00,2026-06-26 13:25:00+00:00,sell,4065.27490234375,4070.4398852740665,0.03,-15.674948790949365,sl
2026-06-26 13:30:00+00:00,2026-06-26 13:35:00+00:00,sell,4071.074951171875,4063.823183684968,0.03,21.575302460720486,tp
2026-06-26 13:35:00+00:00,2026-06-26 13:40:00+00:00,sell,4065.47509765625,4070.406233888268,0.03,-14.973408696054484,sl
2026-06-26 13:45:00+00:00,2026-06-26 13:50:00+00:00,sell,4077.175048828125,4082.5974533930907,0.02,-10.96480912993149,sl
2026-06-26 13:55:00+00:00,2026-06-26 14:00:00+00:00,sell,4079.675048828125,4085.548059871505,0.02,-11.866022086759694,sl
2026-06-26 14:05:00+00:00,2026-06-26 14:10:00+00:00,sell,4092.47509765625,4098.358548607305,0.02,-11.886901902110475,sl
2026-06-26 14:15:00+00:00,2026-06-26 14:20:00+00:00,sell,4097.77490234375,4103.773443523376,0.02,-12.11708235925209,sl
2026-06-26 14:25:00+00:00,2026-06-26 14:30:00+00:00,sell,4104.27490234375,4096.353570687621,0.02,15.722663312258083,tp
2026-06-26 14:30:00+00:00,2026-06-26 14:35:00+00:00,sell,4099.77490234375,4092.2544031896887,0.02,14.920998308122654,tp
2026-06-26 14:35:00+00:00,2026-06-26 14:45:00+00:00,sell,4095.574951171875,4100.5733467768605,0.03,-15.175186814956469,sl
2026-06-26 14:50:00+00:00,2026-06-26 14:55:00+00:00,sell,4103.5751953125,4096.7161929046815,0.03,20.39700722345544,tp
2026-06-26 14:55:00+00:00,2026-06-26 15:00:00+00:00,sell,4102.97509765625,4095.739307288224,0.03,21.527371104077538,tp
2026-06-26 15:00:00+00:00,2026-06-26 15:30:00+00:00,sell,4095.77490234375,4100.472783914026,0.03,-14.273644710827902,sl
2026-06-26 15:35:00+00:00,2026-06-26 15:40:00+00:00,sell,4097.0751953125,4101.519168872908,0.03,-13.511920681224801,sl
2026-06-26 15:45:00+00:00,2026-06-26 15:50:00+00:00,sell,4110.375,4104.516315830273,0.03,17.396052509180954,tp
2026-06-26 15:50:00+00:00,2026-06-26 15:55:00+00:00,sell,4110.47509765625,4103.926249761236,0.03,19.466543685041252,tp
2026-06-26 15:55:00+00:00,2026-06-26 16:00:00+00:00,sell,4101.375,4105.876001006008,0.03,-13.683003018023264,sl
2026-06-26 16:05:00+00:00,2026-06-26 16:20:00+00:00,sell,4106.47509765625,4100.930646939481,0.04,21.937802867074208,tp
2026-06-26 16:20:00+00:00,2026-06-26 16:25:00+00:00,sell,4105.875,4100.582201469289,0.04,20.93119412284228,tp
2026-06-26 16:25:00+00:00,2026-06-26 16:30:00+00:00,sell,4100.6748046875,4104.250088283022,0.05,-18.17641797760898,sl
2026-06-26 16:35:00+00:00,2026-06-26 16:40:00+00:00,sell,4103.47509765625,4098.493524232379,0.05,24.607867119354704,tp
2026-06-26 16:40:00+00:00,2026-06-26 17:05:00+00:00,sell,4100.0751953125,4103.462652144904,0.05,-17.237284162017932,sl
2026-06-26 17:10:00+00:00,2026-06-26 17:15:00+00:00,sell,4102.0751953125,4098.41961294059,0.07,25.169076603369906,tp
2026-06-26 17:15:00+00:00,2026-06-26 17:30:00+00:00,sell,4098.5751953125,4095.0757023089277,0.08,27.515944028578378,tp
2026-06-26 17:30:00+00:00,2026-06-26 17:35:00+00:00,sell,4096.6748046875,4092.644171196198,0.07,27.794434439114486,tp
2026-06-26 17:35:00+00:00,2026-06-26 17:55:00+00:00,sell,4093.074951171875,4089.0463904273297,0.08,31.74848595636242,tp
2026-06-26 17:55:00+00:00,2026-06-26 18:05:00+00:00,sell,4089.97509765625,4092.387415484017,0.1,-24.72317827766856,sl
2026-06-26 18:10:00+00:00,2026-06-26 18:15:00+00:00,sell,4092.175048828125,4088.9690334800234,0.1,31.46015348101573,tp
2026-06-26 18:15:00+00:00,2026-06-26 18:20:00+00:00,sell,4091.375,4088.21711417227,0.11,34.07674410502827,tp
2026-06-26 18:20:00+00:00,2026-06-26 18:45:00+00:00,sell,4088.97509765625,4085.846941657634,0.12,36.8178719833916,tp
2026-06-26 18:45:00+00:00,2026-06-26 18:50:00+00:00,sell,4087.074951171875,4084.242120977239,0.15,41.592452919536846,tp
2026-06-26 18:50:00+00:00,2026-06-26 18:55:00+00:00,sell,4084.27490234375,4086.2928748069007,0.17,-35.32553187356236,sl
2026-06-26 19:15:00+00:00,2026-06-26 19:20:00+00:00,sell,4084.27490234375,4081.4358143019776,0.15,41.68632062658535,tp
2026-06-26 19:20:00+00:00,2026-06-26 19:30:00+00:00,sell,4082.47509765625,4084.608677951913,0.16,-35.097284730604734,sl
2026-06-26 19:35:00+00:00,2026-06-26 19:50:00+00:00,sell,4084.574951171875,4086.738495972628,0.15,-33.353172011291825,sl
2026-06-26 19:55:00+00:00,2026-06-26 20:05:00+00:00,sell,4087.675048828125,4084.764826671655,0.14,39.903110190578595,tp
2026-06-26 20:05:00+00:00,2026-06-26 20:10:00+00:00,sell,4085.77490234375,4082.7401308354597,0.14,41.646801116064275,tp
2026-06-26 20:10:00+00:00,2026-06-26 20:15:00+00:00,sell,4080.675048828125,4082.9137024009706,0.15,-34.47980359268367,sl
2026-06-26 20:20:00+00:00,2026-06-26 20:25:00+00:00,sell,4082.27490234375,4084.4749493606873,0.15,-33.90070525405999,sl
2026-06-26 20:30:00+00:00,2026-06-26 20:35:00+00:00,sell,4086.27490234375,4083.2596000223757,0.14,41.3742324992401,tp
2026-06-26 20:35:00+00:00,2026-06-26 20:45:00+00:00,sell,4083.375,4085.538400803044,0.15,-33.351012045662536,sl
2026-06-26 20:50:00+00:00,2026-06-26 20:55:00+00:00,sell,4089.77490234375,4092.4520595375666,0.11,-30.108729131982418,sl
2026-06-28 22:10:00+00:00,2026-06-28 22:15:00+00:00,sell,4089.675048828125,4084.395057842883,0.04,20.879963940967865,tp
2026-06-29 07:30:00+00:00,2026-06-29 07:35:00+00:00,sell,4080.77490234375,4076.9132391783714,0.05,19.008315826892794,tp
2026-06-29 07:35:00+00:00,2026-06-29 07:50:00+00:00,sell,4077.175048828125,4079.779450306316,0.06,-15.986408869145961,sl
2026-06-29 07:55:00+00:00,2026-06-29 08:00:00+00:00,sell,4079.074951171875,4075.2905867166246,0.05,18.621822276251986,tp
2026-06-29 08:10:00+00:00,2026-06-29 08:30:00+00:00,sell,4077.875,4080.3942338787,0.06,-15.475403272200637,sl
2026-06-29 08:35:00+00:00,2026-06-29 08:40:00+00:00,sell,4077.675048828125,4074.185332467722,0.06,20.578298162416687,tp
2026-06-29 08:45:00+00:00,2026-06-29 08:50:00+00:00,buy,4069.72509765625,4066.9073874292076,0.06,-17.266261362254554,sl
2026-06-29 08:55:00+00:00,2026-06-29 09:00:00+00:00,buy,4065.824951171875,4062.6502338930077,0.05,-16.1735863943366,sl
2026-06-29 09:05:00+00:00,2026-06-29 09:25:00+00:00,buy,4063.72509765625,4060.445954976512,0.04,-13.356570718952062,sl
2026-06-29 09:30:00+00:00,2026-06-29 09:35:00+00:00,buy,4061.72509765625,4058.3078231362656,0.04,-13.909098079937612,sl
2026-06-29 09:40:00+00:00,2026-06-29 09:45:00+00:00,buy,4057.52490234375,4054.2880982667953,0.04,-13.187216307818963,sl
2026-06-29 09:50:00+00:00,2026-06-29 09:55:00+00:00,buy,4053.824951171875,4050.24529550199,0.04,-14.558622679540568,sl
2026-06-29 10:00:00+00:00,2026-06-29 10:10:00+00:00,buy,4046.625,4052.470618434945,0.03,17.356855304835626,tp
2026-06-29 10:10:00+00:00,2026-06-29 10:15:00+00:00,buy,4046.52490234375,4052.1084826123174,0.04,22.09432107426961,tp
2026-06-29 10:15:00+00:00,2026-06-29 10:30:00+00:00,buy,4052.52490234375,4048.613623240661,0.04,-15.885116412355492,sl
2026-06-29 10:35:00+00:00,2026-06-29 11:20:00+00:00,buy,4047.925048828125,4044.3130473932783,0.04,-14.688005739386645,sl
2026-06-29 11:25:00+00:00,2026-06-29 11:30:00+00:00,buy,4043.52490234375,4047.3857267149265,0.05,19.004121855882385,tp
2026-06-29 11:30:00+00:00,2026-06-29 11:45:00+00:00,buy,4046.52490234375,4050.910260027936,0.05,21.626788420930733,tp
2026-06-29 11:45:00+00:00,2026-06-29 11:55:00+00:00,buy,4049.925048828125,4053.9412022344122,0.05,19.780767031436152,tp
2026-06-29 11:55:00+00:00,2026-06-29 12:00:00+00:00,buy,4052.625,4056.6072690706533,0.05,19.61134535326637,tp
2026-06-29 12:00:00+00:00,2026-06-29 12:05:00+00:00,buy,4053.625,4058.247621475816,0.05,22.813107379078883,tp
2026-06-29 12:05:00+00:00,2026-06-29 12:10:00+00:00,buy,4060.425048828125,4064.9186482477903,0.06,26.601596517991894,tp
2026-06-29 12:20:00+00:00,2026-06-29 12:25:00+00:00,buy,4058.22509765625,4054.671667846218,0.05,-18.067149050159788,sl
2026-06-29 12:30:00+00:00,2026-06-29 12:35:00+00:00,buy,4052.72509765625,4057.618777664094,0.05,24.16840003922034,tp
2026-06-29 12:35:00+00:00,2026-06-29 13:00:00+00:00,buy,4058.02490234375,4062.741436735965,0.06,27.939206353291084,tp
2026-06-29 13:00:00+00:00,2026-06-29 13:05:00+00:00,buy,4057.925048828125,4062.676105952722,0.06,28.146342747582494,tp
2026-06-29 13:25:00+00:00,2026-06-29 13:30:00+00:00,buy,4058.02490234375,4054.63491728525,0.07,-24.149895409499027,sl
2026-06-29 13:35:00+00:00,2026-06-29 13:40:00+00:00,buy,4057.324951171875,4053.3710663876573,0.05,-20.069423921088674,sl
2026-06-29 13:45:00+00:00,2026-06-29 13:50:00+00:00,buy,4052.52490234375,4048.469595116243,0.05,-20.576536137535005,sl
2026-06-29 13:55:00+00:00,2026-06-29 14:00:00+00:00,buy,4046.22509765625,4042.293048404673,0.05,-19.960246257885775,sl
2026-06-29 14:05:00+00:00,2026-06-29 14:10:00+00:00,buy,4041.125,4036.0993944649263,0.03,-15.25681660522121,sl
2026-06-29 14:15:00+00:00,2026-06-29 14:20:00+00:00,buy,4022.425048828125,4031.40219265285,0.02,17.834287649449724,tp
2026-06-29 14:20:00+00:00,2026-06-29 14:25:00+00:00,buy,4031.925048828125,4040.34857347622,0.03,25.09057394428448,tp
2026-06-29 14:25:00+00:00,2026-06-29 14:55:00+00:00,buy,4034.52490234375,4042.804629564807,0.03,24.65918166317062,tp
2026-06-29 14:55:00+00:00,2026-06-29 15:00:00+00:00,buy,4040.52490234375,4035.8402469519187,0.04,-18.978621567325025,sl
2026-06-29 15:05:00+00:00,2026-06-29 15:15:00+00:00,buy,4035.22509765625,4041.316502757088,0.05,30.15702550419037,tp
2026-06-29 15:15:00+00:00,2026-06-29 15:20:00+00:00,buy,4035.824951171875,4031.699690751937,0.05,-20.926302099690293,sl
2026-06-29 15:25:00+00:00,2026-06-29 15:30:00+00:00,buy,4032.425048828125,4038.2965753075055,0.05,29.057632396902317,tp
2026-06-29 15:30:00+00:00,2026-06-29 15:35:00+00:00,buy,4038.72509765625,4034.831453537608,0.06,-23.72186471185192,sl
2026-06-29 15:40:00+00:00,2026-06-29 15:50:00+00:00,buy,4037.125,4042.3004100038784,0.06,30.692460023270215,tp
2026-06-29 15:50:00+00:00,2026-06-29 16:15:00+00:00,buy,4041.22509765625,4037.7296851746783,0.07,-24.88788737100224,sl
2026-06-29 16:20:00+00:00,2026-06-29 16:30:00+00:00,buy,4039.72509765625,4037.018359655268,0.08,-22.13390400785691,sl
2026-06-29 16:35:00+00:00,2026-06-29 16:45:00+00:00,buy,4034.22509765625,4037.797399118695,0.08,28.098411699560092,tp
2026-06-29 16:45:00+00:00,2026-06-29 16:50:00+00:00,buy,4035.72509765625,4039.28197092832,0.09,31.471859448628912,tp
2026-06-29 16:50:00+00:00,2026-06-29 16:55:00+00:00,buy,4040.824951171875,4038.356650520929,0.1,-25.28300650945821,sl
2026-06-29 17:00:00+00:00,2026-06-29 17:05:00+00:00,buy,4038.625,4041.7745113115243,0.1,30.89511311524293,tp
2026-06-29 17:05:00+00:00,2026-06-29 17:10:00+00:00,buy,4040.324951171875,4043.853837537696,0.1,34.68886365821108,tp
2026-06-29 17:10:00+00:00,2026-06-29 17:20:00+00:00,buy,4045.125,4042.5368734678036,0.11,-29.12939185416022,sl
2026-06-29 17:25:00+00:00,2026-06-29 17:30:00+00:00,buy,4041.425048828125,4038.9038808804903,0.1,-25.811679476346946,sl
2026-06-29 17:35:00+00:00,2026-06-29 17:45:00+00:00,buy,4038.125,4035.7815488700267,0.1,-24.03451129973346,sl
2026-06-29 17:50:00+00:00,2026-06-29 17:55:00+00:00,buy,4036.324951171875,4034.20691010598,0.11,-23.958451724843744,sl
2026-06-29 18:00:00+00:00,2026-06-29 18:10:00+00:00,buy,4035.824951171875,4038.6494382467417,0.1,27.64487074866738,tp
2026-06-29 18:10:00+00:00,2026-06-29 18:25:00+00:00,buy,4037.52490234375,4035.645110719826,0.12,-23.277499487089443,sl
2026-06-29 18:30:00+00:00,2026-06-29 18:40:00+00:00,buy,4035.824951171875,4034.0261461476352,0.12,-22.305660290877057,sl
2026-06-29 18:45:00+00:00,2026-06-29 18:50:00+00:00,buy,4035.52490234375,4033.639509540054,0.11,-21.399320840656546,sl
2026-06-29 18:55:00+00:00,2026-06-29 19:00:00+00:00,buy,4032.02490234375,4029.9392663323074,0.09,-19.31072410298342,sl
2026-06-29 19:05:00+00:00,2026-06-29 19:10:00+00:00,buy,4024.324951171875,4022.2035482830024,0.08,-17.451223110980646,sl
2026-06-29 19:15:00+00:00,2026-06-29 19:20:00+00:00,buy,4022.324951171875,4025.3900208225045,0.07,21.035487554406775,tp
2026-06-29 19:20:00+00:00,2026-06-29 19:25:00+00:00,buy,4023.22509765625,4026.356836405546,0.07,21.502171245071242,tp
2026-06-29 19:25:00+00:00,2026-06-29 19:30:00+00:00,buy,4026.22509765625,4029.5705928535563,0.07,22.998466381143846,tp
2026-06-29 19:30:00+00:00,2026-06-29 19:45:00+00:00,buy,4031.625,4029.230840622112,0.08,-19.63327502310538,sl
2026-06-29 19:50:00+00:00,2026-06-29 19:55:00+00:00,buy,4029.72509765625,4027.625416374312,0.09,-19.43713153744242,sl
2026-06-29 20:00:00+00:00,2026-06-29 20:05:00+00:00,buy,4030.72509765625,4028.6598209899,0.08,-17.002213330801606,sl
2026-06-29 20:10:00+00:00,2026-06-29 20:25:00+00:00,buy,4029.125,4031.652449340963,0.09,22.20704406866613,tp
2026-06-29 20:25:00+00:00,2026-06-29 20:35:00+00:00,buy,4031.02490234375,4029.399267929987,0.11,-18.541978551390603,sl
2026-06-29 20:40:00+00:00,2026-06-29 20:50:00+00:00,buy,4029.52490234375,4031.3866379593774,0.12,21.620827387528408,tp
2026-06-29 20:50:00+00:00,2026-06-29 20:55:00+00:00,buy,4029.425048828125,4031.272302164488,0.13,23.234293372717474,tp
2026-06-29 20:55:00+00:00,2026-06-29 22:00:00+00:00,buy,4031.324951171875,4033.1012198185977,0.15,25.74402970083984,tp
2026-06-29 22:00:00+00:00,2026-06-29 22:05:00+00:00,buy,4032.625,4031.025493132588,0.14,-23.233096143767256,sl_and_tp_same_bar
2026-06-30 07:05:00+00:00,2026-06-30 07:20:00+00:00,sell,4040.875,4045.8273739926954,0.03,-15.03712197808607,sl
2026-06-30 07:25:00+00:00,2026-06-30 08:00:00+00:00,sell,4044.97509765625,4049.2376793381923,0.03,-12.967745045826796,sl
2026-06-30 08:05:00+00:00,2026-06-30 08:10:00+00:00,sell,4049.574951171875,4044.1081168908595,0.04,21.627337124062034,tp
2026-06-30 08:10:00+00:00,2026-06-30 08:15:00+00:00,sell,4041.175048828125,4035.673792451245,0.04,21.76502550752026,tp
2026-06-30 08:15:00+00:00,2026-06-30 08:35:00+00:00,sell,4038.074951171875,4032.879868171287,0.04,20.540332002352226,tp
2026-06-30 08:35:00+00:00,2026-06-30 08:40:00+00:00,sell,4036.77490234375,4031.9783017360396,0.05,23.68300303855194,tp
2026-06-30 08:40:00+00:00,2026-06-30 08:50:00+00:00,sell,4032.875,4028.230618666026,0.06,27.506288003842783,tp
2026-06-30 08:50:00+00:00,2026-06-30 09:05:00+00:00,sell,4032.47509765625,4035.7093810941324,0.06,-19.76570062729421,sl
2026-06-30 09:10:00+00:00,2026-06-30 09:20:00+00:00,sell,4032.675048828125,4035.4568487882298,0.07,-19.892599720733347,sl
2026-06-30 09:25:00+00:00,2026-06-30 09:30:00+00:00,sell,4033.074951171875,4029.358017074372,0.07,25.598538682520104,tp
2026-06-30 09:30:00+00:00,2026-06-30 09:35:00+00:00,sell,4031.375,4027.450323782164,0.07,27.052733524851266,tp
2026-06-30 09:35:00+00:00,2026-06-30 09:40:00+00:00,sell,4026.875,4029.739812925861,0.07,-20.47369048102603,sl
2026-06-30 09:45:00+00:00,2026-06-30 09:50:00+00:00,sell,4032.574951171875,4035.1327952070214,0.08,-20.94275228117156,sl
2026-06-30 09:55:00+00:00,2026-06-30 10:00:00+00:00,sell,4035.675048828125,4038.2700477749404,0.07,-18.584992627707763,sl
2026-06-30 10:05:00+00:00,2026-06-30 10:15:00+00:00,sell,4038.574951171875,4041.139190919011,0.07,-18.3696782299525,sl
2026-06-30 10:20:00+00:00,2026-06-30 10:25:00+00:00,sell,4038.074951171875,4040.4400691862975,0.07,-16.97582610095735,sl
2026-06-30 10:30:00+00:00,2026-06-30 10:55:00+00:00,sell,4041.875,4044.168425187083,0.07,-16.473976309580323,sl
2026-06-30 11:00:00+00:00,2026-06-30 11:05:00+00:00,sell,4043.77490234375,4045.954144022424,0.07,-15.674691750717031,sl
2026-06-30 11:10:00+00:00,2026-06-30 11:15:00+00:00,sell,4044.875,4047.025630416426,0.07,-15.474412914981187,sl
2026-06-30 11:20:00+00:00,2026-06-30 11:25:00+00:00,sell,4044.574951171875,4046.8432840596574,0.07,-16.298330214477048,sl
2026-06-30 11:30:00+00:00,2026-06-30 11:35:00+00:00,sell,4045.875,4042.59235992039,0.06,19.33584047765875,tp
2026-06-30 11:35:00+00:00,2026-06-30 11:40:00+00:00,sell,4044.875,4047.2568469939133,0.06,-14.651081963479882,sl
2026-06-30 11:45:00+00:00,2026-06-30 11:50:00+00:00,sell,4048.675048828125,4044.9725454858158,0.06,21.85502005385537,tp
2026-06-30 11:50:00+00:00,2026-06-30 12:05:00+00:00,sell,4046.77490234375,4043.1627327804154,0.06,21.313017380007878,tp
2026-06-30 12:05:00+00:00,2026-06-30 12:10:00+00:00,sell,4045.47509765625,4041.951672668582,0.06,20.780549926008135,tp
2026-06-30 12:10:00+00:00,2026-06-30 12:15:00+00:00,sell,4042.175048828125,4038.850062927354,0.06,19.589915404626154,tp
2026-06-30 12:15:00+00:00,2026-06-30 12:20:00+00:00,sell,4040.074951171875,4036.753957531832,0.07,22.826955480301496,tp
2026-06-30 12:20:00+00:00,2026-06-30 12:25:00+00:00,sell,4039.27490234375,4035.309380381754,0.06,23.433131771974914,tp
2026-06-30 12:25:00+00:00,2026-06-30 12:30:00+00:00,sell,4031.27490234375,4034.059311126653,0.07,-19.910861480321206,sl
2026-06-30 12:35:00+00:00,2026-06-30 12:40:00+00:00,sell,4029.77490234375,4032.8883409129085,0.06,-19.040631414950766,sl
2026-06-30 12:45:00+00:00,2026-06-30 12:50:00+00:00,sell,4031.97509765625,4027.7275336912485,0.06,25.12538379000911,tp
2026-06-30 13:05:00+00:00,2026-06-30 13:10:00+00:00,sell,4028.97509765625,4032.691005203062,0.05,-18.879537734060523,sl
2026-06-30 13:15:00+00:00,2026-06-30 13:20:00+00:00,sell,4037.47509765625,4041.2497942553,0.04,-15.338786396200012,sl
2026-06-30 13:25:00+00:00,2026-06-30 13:30:00+00:00,sell,4033.27490234375,4037.5305672510644,0.04,-17.262659629257758,sl
2026-06-30 13:35:00+00:00,2026-06-30 13:40:00+00:00,sell,4036.074951171875,4040.703081146702,0.03,-14.064389924481183,sl_and_tp_same_bar
2026-06-30 13:45:00+00:00,2026-06-30 13:50:00+00:00,sell,4039.375,4044.254611375537,0.03,-14.818834126611073,sl
2026-06-30 13:55:00+00:00,2026-06-30 14:05:00+00:00,sell,4042.875,4047.5925669540143,0.03,-14.33270086204282,sl
2026-06-30 14:10:00+00:00,2026-06-30 14:15:00+00:00,sell,4057.375,4063.3097320510187,0.02,-11.989464102037454,sl
2026-06-30 14:20:00+00:00,2026-06-30 14:25:00+00:00,sell,4063.675048828125,4069.8971442700567,0.02,-12.564190883863484,sl
2026-06-30 14:30:00+00:00,2026-06-30 14:35:00+00:00,sell,4068.875,4060.266599942715,0.02,17.096800114570105,tp
2026-06-30 14:35:00+00:00,2026-06-30 14:50:00+00:00,sell,4066.27490234375,4057.7389439086865,0.02,16.951916870127096,tp
2026-06-30 14:50:00+00:00,2026-06-30 15:00:00+00:00,sell,4058.47509765625,4050.9771738141785,0.03,22.31377152621446,tp
2026-06-30 15:00:00+00:00,2026-06-30 15:15:00+00:00,sell,4051.97509765625,4044.9208508749416,0.03,20.98274034392518,tp
2026-06-30 15:15:00+00:00,2026-06-30 15:20:00+00:00,sell,4050.27490234375,4043.372833274647,0.03,20.52620720730949,tp
2026-06-30 15:20:00+00:00,2026-06-30 15:45:00+00:00,sell,4041.27490234375,4046.0199866947873,0.03,-14.415253053112046,sl
2026-06-30 15:50:00+00:00,2026-06-30 16:00:00+00:00,sell,4046.875,4041.9163160053013,0.05,24.493419973493655,tp
2026-06-30 16:00:00+00:00,2026-06-30 16:45:00+00:00,sell,4043.675048828125,4047.083789329822,0.05,-17.343702508485695,sl
2026-06-30 16:50:00+00:00,2026-06-30 16:55:00+00:00,sell,4045.675048828125,4042.59239078727,0.08,24.181264326841774,tp
2026-06-30 16:55:00+00:00,2026-06-30 17:00:00+00:00,sell,4045.77490234375,4042.4239261823004,0.08,26.32780929159664,tp
2026-06-30 17:00:00+00:00,2026-06-30 17:05:00+00:00,sell,4040.675048828125,4037.367536154869,0.09,29.22761405930438,tp
2026-06-30 17:05:00+00:00,2026-06-30 17:10:00+00:00,sell,4041.074951171875,4037.505106855053,0.09,31.588598851399148,tp
2026-06-30 17:10:00+00:00,2026-06-30 17:15:00+00:00,sell,4036.77490234375,4039.2747012823584,0.1,-25.597989386083647,sl
2026-06-30 17:20:00+00:00,2026-06-30 17:25:00+00:00,sell,4040.875,4037.2931881177096,0.09,31.696306940613304,tp
2026-06-30 17:25:00+00:00,2026-06-30 17:30:00+00:00,sell,4037.97509765625,4040.62579556324,0.09,-24.396281162909908,sl
2026-06-30 17:35:00+00:00,2026-06-30 17:40:00+00:00,sell,4041.875,4044.349887052917,0.09,-22.81398347625285,sl
2026-06-30 17:45:00+00:00,2026-06-30 17:50:00+00:00,sell,4043.77490234375,4046.0883986711356,0.1,-23.734963273855648,sl
2026-06-30 17:55:00+00:00,2026-06-30 18:05:00+00:00,sell,4045.875,4047.9670135435417,0.1,-21.520135435417252,sl
2026-06-30 18:10:00+00:00,2026-06-30 18:30:00+00:00,sell,4047.47509765625,4045.1370248501366,0.11,25.058800867246955,tp
2026-06-30 18:30:00+00:00,2026-06-30 18:40:00+00:00,sell,4046.375,4044.2775003895954,0.13,26.487494935259946,tp
2026-06-30 18:40:00+00:00,2026-06-30 18:45:00+00:00,sell,4044.675048828125,4046.3017522210016,0.14,-23.6138475002725,sl
2026-06-30 18:50:00+00:00,2026-06-30 18:55:00+00:00,sell,4046.375,4044.2872859221507,0.14,28.38799708989078,tp
2026-06-30 18:55:00+00:00,2026-06-30 19:00:00+00:00,sell,4046.47509765625,4044.262412122114,0.14,30.137597477906787,tp
2026-06-30 19:00:00+00:00,2026-06-30 19:05:00+00:00,sell,4042.875,4040.6260175891653,0.15,32.83473616252113,tp
2026-06-30 19:05:00+00:00,2026-06-30 19:10:00+00:00,sell,4041.47509765625,4039.1826462335266,0.16,35.719222763574216,tp
2026-06-30 19:10:00+00:00,2026-06-30 19:20:00+00:00,sell,4039.97509765625,4037.6689672305147,0.18,40.430347663235736,tp
2026-06-30 19:20:00+00:00,2026-06-30 19:25:00+00:00,sell,4038.47509765625,4036.20604858092,0.19,41.97193243126627,tp
2026-06-30 19:25:00+00:00,2026-06-30 19:30:00+00:00,sell,4036.675048828125,4038.31927327651,0.22,-37.49293786447226,sl
2026-06-30 19:35:00+00:00,2026-06-30 19:50:00+00:00,sell,4036.47509765625,4034.3708424079446,0.21,42.92936021441414,tp
2026-06-30 19:50:00+00:00,2026-06-30 19:55:00+00:00,sell,4034.77490234375,4032.371318127529,0.2,46.871684324422674,tp
2026-06-30 20:10:00+00:00,2026-06-30 20:15:00+00:00,sell,4033.97509765625,4035.887126250009,0.21,-41.412600468934905,sl
2026-06-30 20:20:00+00:00,2026-06-30 20:25:00+00:00,sell,4032.375,4029.846608591657,0.19,46.899436758515876,tp
2026-06-30 22:00:00+00:00,2026-06-30 22:05:00+00:00,buy,4025.125,4027.876231057856,0.2,53.824621157117505,tp
2026-07-01 07:05:00+00:00,2026-07-01 07:10:00+00:00,buy,3979.125,3975.994608985853,0.05,-15.951955070734403,sl
2026-07-01 07:15:00+00:00,2026-07-01 07:20:00+00:00,buy,3974.22509765625,3979.187767235314,0.04,19.610678316255655,tp
2026-07-01 07:20:00+00:00,2026-07-01 07:25:00+00:00,buy,3982.925048828125,3979.484510310916,0.04,-14.002154068836026,sl
2026-07-01 07:30:00+00:00,2026-07-01 07:35:00+00:00,buy,3977.52490234375,3982.413819229389,0.04,19.315667542555968,tp
2026-07-01 07:35:00+00:00,2026-07-01 07:40:00+00:00,buy,3976.52490234375,3981.5613028373455,0.04,19.905601974381863,tp
2026-07-01 07:40:00+00:00,2026-07-01 07:50:00+00:00,buy,3982.425048828125,3987.1572567298663,0.05,23.36103950870638,tp
2026-07-01 07:50:00+00:00,2026-07-01 07:55:00+00:00,buy,3984.02490234375,3988.4593907145995,0.06,26.24693022509713,tp
2026-07-01 07:55:00+00:00,2026-07-01 08:00:00+00:00,buy,3984.125,3988.8155507286947,0.06,27.783304372168132,tp
2026-07-01 08:05:00+00:00,2026-07-01 08:15:00+00:00,buy,3984.625,3989.123435533442,0.07,31.06904873409265,tp
2026-07-01 08:20:00+00:00,2026-07-01 08:30:00+00:00,sell,3995.47509765625,3990.540546476916,0.07,34.121858255337955,tp
2026-07-01 09:40:00+00:00,2026-07-01 09:45:00+00:00,sell,3995.47509765625,3997.8388195758516,0.12,-29.084663035219563,sl
2026-07-01 09:50:00+00:00,2026-07-01 10:00:00+00:00,sell,3998.375,4000.6844729189174,0.11,-26.064202108091795,sl
2026-07-01 10:05:00+00:00,2026-07-01 10:10:00+00:00,sell,4001.175048828125,3998.0619159761586,0.11,33.584461371630226,tp
2026-07-01 10:10:00+00:00,2026-07-01 10:15:00+00:00,sell,4000.77490234375,3997.5055029605874,0.11,35.303393214789,tp
2026-07-01 10:15:00+00:00,2026-07-01 10:25:00+00:00,sell,3997.675048828125,4000.017253454369,0.12,-28.8264555149278,sl
2026-07-01 10:30:00+00:00,2026-07-01 10:35:00+00:00,sell,4000.27490234375,4002.791816877717,0.11,-28.346059873635713,sl
2026-07-01 10:40:00+00:00,2026-07-01 10:50:00+00:00,sell,4002.77490234375,4005.3279698853744,0.1,-26.130675416243868,sl
2026-07-01 10:55:00+00:00,2026-07-01 11:00:00+00:00,sell,4007.175048828125,4009.748580088045,0.09,-23.701781339279513,sl
2026-07-01 11:05:00+00:00,2026-07-01 11:10:00+00:00,sell,4020.074951171875,4023.112122290437,0.07,-21.6801978299349,sl
2026-07-01 11:15:00+00:00,2026-07-01 11:20:00+00:00,sell,4029.574951171875,4033.3161225481504,0.05,-19.005856881376804,sl
2026-07-01 11:25:00+00:00,2026-07-01 11:30:00+00:00,sell,4037.97509765625,4041.899444677486,0.04,-15.937388084943668,sl
2026-07-01 11:35:00+00:00,2026-07-01 11:40:00+00:00,sell,4038.175048828125,4041.7303235594923,0.05,-18.076373656836314,sl
2026-07-01 11:45:00+00:00,2026-07-01 11:50:00+00:00,sell,4043.175048828125,4046.9587147305188,0.04,-15.374663609575,sl
2026-07-01 11:55:00+00:00,2026-07-01 12:00:00+00:00,sell,4045.97509765625,4040.945983161428,0.04,19.87645797928759,tp
2026-07-01 12:00:00+00:00,2026-07-01 12:05:00+00:00,sell,4044.375,4038.7970949117794,0.04,22.07162035288253,tp
2026-07-01 12:05:00+00:00,2026-07-01 12:15:00+00:00,sell,4037.675048828125,4041.3510762818746,0.05,-18.68013726874806,sl
2026-07-01 12:20:00+00:00,2026-07-01 12:30:00+00:00,sell,4041.574951171875,4045.1777203823694,0.04,-14.651076841977774,sl
2026-07-01 12:35:00+00:00,2026-07-01 12:40:00+00:00,sell,4042.77490234375,4037.4832160284777,0.04,20.926745261089092,tp
2026-07-01 12:40:00+00:00,2026-07-01 12:45:00+00:00,sell,4037.875,4041.761633169657,0.04,-15.786532678628864,sl
2026-07-01 12:50:00+00:00,2026-07-01 13:00:00+00:00,sell,4039.97509765625,4035.0356120455194,0.04,19.517942442922287,tp
2026-07-01 13:00:00+00:00,2026-07-01 13:05:00+00:00,sell,4036.675048828125,4031.5424363200927,0.04,20.290450032129012,tp
2026-07-01 13:05:00+00:00,2026-07-01 13:10:00+00:00,sell,4035.97509765625,4030.367523586789,0.04,22.19029627784381,tp
2026-07-01 13:10:00+00:00,2026-07-01 13:15:00+00:00,sell,4031.47509765625,4035.5762554692997,0.05,-20.805789065248337,sl
2026-07-01 13:20:00+00:00,2026-07-01 13:25:00+00:00,sell,4038.574951171875,4044.277948422288,0.03,-17.28899175123859,sl
2026-07-01 13:30:00+00:00,2026-07-01 13:35:00+00:00,sell,4061.074951171875,4067.134169019824,0.02,-12.238435695898369,sl
2026-07-01 13:40:00+00:00,2026-07-01 13:45:00+00:00,sell,4084.77490234375,4093.664355919682,0.01,-8.94945357593184,sl
2026-07-01 13:50:00+00:00,2026-07-01 14:00:00+00:00,sell,4104.6748046875,4114.017549817867,0.01,-9.402745130366894,sl
2026-07-01 14:05:00+00:00,2026-07-01 14:10:00+00:00,sell,4099.875,4108.643077348567,0.01,-8.828077348567204,sl
2026-07-01 14:15:00+00:00,2026-07-01 14:20:00+00:00,sell,4107.47509765625,4115.370941378618,0.02,-15.911687444736453,sl
2026-07-01 14:25:00+00:00,2026-07-01 14:35:00+00:00,sell,4119.375,4127.092509250079,0.02,-15.555018500158548,sl
2026-07-01 14:40:00+00:00,2026-07-01 14:45:00+00:00,sell,4120.6748046875,4109.253487304617,0.02,22.722634765765978,tp
2026-07-01 14:45:00+00:00,2026-07-01 15:10:00+00:00,sell,4107.6748046875,4096.760984570252,0.02,21.707640234496356,tp
2026-07-01 15:10:00+00:00,2026-07-01 15:15:00+00:00,sell,4098.375,4104.110314093879,0.02,-11.590628187758847,sl
2026-07-01 15:20:00+00:00,2026-07-01 15:30:00+00:00,sell,4100.77490234375,4092.426155495896,0.02,16.577493695707634,tp
2026-07-01 15:30:00+00:00,2026-07-01 16:05:00+00:00,sell,4097.6748046875,4102.942135950527,0.03,-15.98199378908037,sl
2026-07-01 16:10:00+00:00,2026-07-01 16:30:00+00:00,sell,4098.47509765625,4093.3655915366317,0.04,20.198024478473382,tp
2026-07-01 16:30:00+00:00,2026-07-01 16:35:00+00:00,sell,4095.77490234375,4091.042148192801,0.05,23.363770754744746,tp
2026-07-01 16:35:00+00:00,2026-07-01 16:50:00+00:00,sell,4090.875,4086.273969840011,0.05,22.705150799945113,tp
2026-07-01 16:50:00+00:00,2026-07-01 17:05:00+00:00,sell,4086.875,4082.5824467217094,0.06,25.395319669743586,tp
2026-07-01 17:05:00+00:00,2026-07-01 18:15:00+00:00,sell,4084.875,4080.9459153351672,0.07,27.083592653829403,tp
2026-07-01 18:15:00+00:00,2026-07-01 18:20:00+00:00,sell,4082.675048828125,4079.7179040159504,0.11,31.868592933921118,tp
2026-07-01 18:20:00+00:00,2026-07-01 18:25:00+00:00,sell,4080.47509765625,4077.5209172044483,0.12,34.730165421620114,tp
2026-07-01 18:25:00+00:00,2026-07-01 18:30:00+00:00,sell,4079.375,4076.207382801147,0.12,37.29140638623474,tp
2026-07-01 18:35:00+00:00,2026-07-01 18:45:00+00:00,sell,4078.175048828125,4075.042933324806,0.13,39.93750154314441,tp
2026-07-01 18:45:00+00:00,2026-07-01 18:50:00+00:00,sell,4076.375,4073.48156193341,0.16,45.33500906544126,tp
2026-07-01 18:50:00+00:00,2026-07-01 18:55:00+00:00,sell,4075.375,4072.3200262016635,0.17,50.914554571720586,tp
2026-07-01 19:00:00+00:00,2026-07-01 19:05:00+00:00,sell,4075.375,4077.773415351982,0.17,-41.79306098369127,sl
2026-07-01 19:10:00+00:00,2026-07-01 19:15:00+00:00,sell,4080.875,4077.580251515934,0.16,51.75597574505722,tp
2026-07-01 19:15:00+00:00,2026-07-01 19:20:00+00:00,sell,4079.074951171875,4075.648180871101,0.17,57.23509511315841,tp
2026-07-01 19:20:00+00:00,2026-07-01 19:25:00+00:00,sell,4075.47509765625,4071.8138791507877,0.17,61.22071459285961,tp
2026-07-01 19:30:00+00:00,2026-07-01 19:40:00+00:00,sell,4072.675048828125,4069.0953948364527,0.19,66.87342584177428,tp
2026-07-01 20:05:00+00:00,2026-07-01 20:10:00+00:00,buy,4043.625,4049.1371584157605,0.13,70.87805940488644,tp
2026-07-01 20:45:00+00:00,2026-07-01 20:55:00+00:00,buy,4047.625,4045.251447289313,0.22,-53.53815963511199,sl
2026-07-01 22:00:00+00:00,2026-07-01 22:05:00+00:00,buy,4049.324951171875,4052.845593182599,0.2,69.21284021447609,tp
2026-07-02 07:05:00+00:00,2026-07-02 07:10:00+00:00,sell,4081.97509765625,4085.4186229440147,0.05,-17.517626438823573,sl
2026-07-02 07:15:00+00:00,2026-07-02 07:20:00+00:00,sell,4079.675048828125,4074.84602075391,0.05,23.845140371074375,tp
2026-07-02 07:20:00+00:00,2026-07-02 07:35:00+00:00,sell,4076.97509765625,4080.4104328005187,0.05,-17.4766757213436,sl
2026-07-02 07:40:00+00:00,2026-07-02 07:45:00+00:00,sell,4083.47509765625,4086.855918036744,0.05,-17.20410190246894,sl
2026-07-02 07:50:00+00:00,2026-07-02 07:55:00+00:00,sell,4082.875,4077.984582345269,0.05,24.152088273656044,tp
2026-07-02 07:55:00+00:00,2026-07-02 08:00:00+00:00,sell,4078.675048828125,4074.021371105483,0.05,22.968388613209935,tp
2026-07-02 08:05:00+00:00,2026-07-02 08:10:00+00:00,sell,4078.175048828125,4081.5691917736385,0.05,-17.27071472756761,sl
2026-07-02 08:15:00+00:00,2026-07-02 08:20:00+00:00,sell,4082.27490234375,4085.6266211006027,0.05,-17.058593784263667,sl
2026-07-02 08:25:00+00:00,2026-07-02 08:45:00+00:00,sell,4087.574951171875,4090.6483710554944,0.05,-15.667099418097042,sl
2026-07-02 08:50:00+00:00,2026-07-02 08:55:00+00:00,sell,4088.675048828125,4091.7655129010172,0.05,-15.75232036446123,sl
2026-07-02 09:00:00+00:00,2026-07-02 09:05:00+00:00,sell,4088.27490234375,4084.287613602875,0.06,23.563732445250608,tp
2026-07-02 09:05:00+00:00,2026-07-02 09:10:00+00:00,sell,4087.77490234375,4083.5919246277,0.05,20.61488858025059,tp
2026-07-02 09:10:00+00:00,2026-07-02 09:20:00+00:00,sell,4083.875,4079.9904134533813,0.06,22.947519279712324,tp
2026-07-02 09:20:00+00:00,2026-07-02 09:25:00+00:00,sell,4083.675048828125,4079.7788061657484,0.06,23.017455974259647,tp
2026-07-02 09:25:00+00:00,2026-07-02 09:30:00+00:00,sell,4079.97509765625,4076.399014822815,0.08,28.12866266748053,tp
2026-07-02 09:30:00+00:00,2026-07-02 09:40:00+00:00,sell,4079.875,4082.5304151336236,0.08,-21.723321068988735,sl
2026-07-02 09:45:00+00:00,2026-07-02 09:55:00+00:00,sell,4081.47509765625,4077.744755304802,0.07,25.692396460137008,tp
2026-07-02 10:25:00+00:00,2026-07-02 10:35:00+00:00,sell,4079.574951171875,4076.412325759819,0.1,31.026254120560587,tp
2026-07-02 10:35:00+00:00,2026-07-02 10:40:00+00:00,sell,4078.074951171875,4080.2995324893195,0.11,-25.130394491889692,sl
2026-07-02 11:00:00+00:00,2026-07-02 11:05:00+00:00,sell,4078.97509765625,4075.2395359050843,0.08,29.404494009325862,tp
2026-07-02 11:40:00+00:00,2026-07-02 11:45:00+00:00,sell,4078.875,4081.486376823755,0.09,-24.042391413795976,sl
2026-07-02 11:50:00+00:00,2026-07-02 11:55:00+00:00,sell,4083.375,4080.0082778150277,0.09,29.760499664750988,tp
2026-07-02 11:55:00+00:00,2026-07-02 12:00:00+00:00,sell,4082.47509765625,4078.877932569899,0.1,35.37165086351197,tp
2026-07-02 12:10:00+00:00,2026-07-02 12:15:00+00:00,sell,4082.074951171875,4077.482386381543,0.08,36.26051832265468,tp
2026-07-02 12:35:00+00:00,2026-07-02 12:40:00+00:00,sell,4140.375,4148.659017072278,0.03,-25.032051216835207,sl
2026-07-02 12:45:00+00:00,2026-07-02 12:50:00+00:00,sell,4145.5751953125,4133.7132808694,0.03,35.405743329301295,tp
2026-07-02 12:50:00+00:00,2026-07-02 12:55:00+00:00,sell,4137.77490234375,4126.11923144098,0.03,34.787012708309994,tp
2026-07-02 12:55:00+00:00,2026-07-02 13:00:00+00:00,sell,4133.47509765625,4141.198699698683,0.04,-31.13440816973365,sl
2026-07-02 13:05:00+00:00,2026-07-02 13:15:00+00:00,sell,4139.97509765625,4128.663017740524,0.04,45.008319662903666,tp
2026-07-02 13:15:00+00:00,2026-07-02 13:20:00+00:00,sell,4136.6748046875,4126.088443134133,0.04,42.105446213468674,tp
2026-07-02 13:20:00+00:00,2026-07-02 13:30:00+00:00,sell,4131.47509765625,4138.388884331529,0.05,-34.86893337639485,sl
2026-07-02 13:35:00+00:00,2026-07-02 13:40:00+00:00,sell,4140.77490234375,4148.154366657813,0.04,-29.757857256250862,sl
2026-07-02 13:45:00+00:00,2026-07-02 13:50:00+00:00,sell,4147.47509765625,4154.600428282702,0.04,-28.741322505806455,sl
2026-07-02 13:55:00+00:00,2026-07-02 14:20:00+00:00,sell,4146.47509765625,4136.476238171281,0.04,39.75543793987686,tp
2026-07-02 14:20:00+00:00,2026-07-02 14:25:00+00:00,sell,4143.375,4134.489486614986,0.05,44.12756692506919,tp
2026-07-02 14:25:00+00:00,2026-07-02 14:55:00+00:00,sell,4136.1748046875,4142.3138869002305,0.06,-37.194493276383,sl
2026-07-02 15:00:00+00:00,2026-07-02 15:05:00+00:00,sell,4141.77490234375,4135.019411003925,0.07,46.86843937877719,tp
2026-07-02 15:05:00+00:00,2026-07-02 16:20:00+00:00,sell,4140.375,4132.964895786735,0.07,51.450729492856304,tp
2026-07-02 16:20:00+00:00,2026-07-02 16:25:00+00:00,sell,4135.875,4130.65848042769,0.11,56.72171529541069,tp
2026-07-02 16:25:00+00:00,2026-07-02 16:30:00+00:00,sell,4129.875,4124.830683037331,0.13,64.79612051469368,tp
2026-07-02 16:30:00+00:00,2026-07-02 16:35:00+00:00,sell,4128.47509765625,4122.38002295527,0.12,72.42089641176179,tp
2026-07-02 16:40:00+00:00,2026-07-02 16:45:00+00:00,sell,4123.0751953125,4127.623626584064,0.12,-55.30117525877242,sl
2026-07-02 16:50:00+00:00,2026-07-02 17:25:00+00:00,sell,4130.47509765625,4124.440376809037,0.12,71.6966501665568,tp
2026-07-02 17:25:00+00:00,2026-07-02 17:35:00+00:00,sell,4127.97509765625,4123.028281572051,0.15,73.30224126298307,tp
2026-07-02 17:35:00+00:00,2026-07-02 17:40:00+00:00,sell,4124.47509765625,4119.717803366896,0.16,75.15670862966276,tp
2026-07-02 17:40:00+00:00,2026-07-02 18:00:00+00:00,sell,4121.875,4125.1168967699605,0.17,-56.13224508932811,sl
2026-07-02 18:05:00+00:00,2026-07-02 18:10:00+00:00,sell,4126.77490234375,4130.3723551247,0.15,-54.86179171425501,sl
2026-07-02 18:15:00+00:00,2026-07-02 18:25:00+00:00,sell,4132.6748046875,4136.158372345747,0.15,-53.15351487370517,sl
2026-07-02 18:30:00+00:00,2026-07-02 18:35:00+00:00,sell,4135.97509765625,4139.153114352041,0.17,-55.04628382843978,sl
2026-07-02 18:40:00+00:00,2026-07-02 18:45:00+00:00,sell,4137.6748046875,4133.663256137326,0.18,71.12787390312762,tp
2026-07-02 18:45:00+00:00,2026-07-02 18:50:00+00:00,sell,4134.27490234375,4136.9738925477395,0.2,-55.179804079790486,sl
2026-07-02 18:55:00+00:00,2026-07-02 19:00:00+00:00,sell,4134.0751953125,4136.529274517107,0.22,-55.309742501360525,sl
2026-07-02 19:05:00+00:00,2026-07-02 19:10:00+00:00,sell,4131.27490234375,4127.602181439892,0.19,68.64169717330456,tp
2026-07-02 19:10:00+00:00,2026-07-02 19:15:00+00:00,sell,4129.5751953125,4125.9408489145735,0.21,75.06127435645634,tp
2026-07-02 19:15:00+00:00,2026-07-02 19:20:00+00:00,sell,4127.27490234375,4123.769790413463,0.22,75.79246246631527,tp
2026-07-02 19:20:00+00:00,2026-07-02 19:30:00+00:00,sell,4124.875,4127.401382379166,0.22,-56.90041234164375,sl
2026-07-02 19:35:00+00:00,2026-07-02 19:45:00+00:00,sell,4126.47509765625,4128.907636075554,0.23,-57.32838364400039,sl
2026-07-02 19:50:00+00:00,2026-07-02 19:55:00+00:00,sell,4128.875,4131.47413906047,0.21,-55.841920269878536,sl
2026-07-02 20:00:00+00:00,2026-07-02 20:20:00+00:00,sell,4134.0751953125,4136.764710109586,0.2,-54.990295941726075,sl
2026-07-02 20:25:00+00:00,2026-07-02 20:45:00+00:00,sell,4136.47509765625,4133.618541926358,0.24,67.117337517399,tp
2026-07-02 20:45:00+00:00,2026-07-02 20:55:00+00:00,sell,4133.6748046875,4135.384620092827,0.33,-58.40390837580387,sl
2026-07-02 22:00:00+00:00,2026-07-02 22:05:00+00:00,sell,4137.875,4139.718210993113,0.28,-53.28990780715657,sl
2026-07-06 07:05:00+00:00,2026-07-06 07:10:00+00:00,buy,4164.52490234375,4175.999698708188,0.02,22.829592728875358,tp
2026-07-06 07:10:00+00:00,2026-07-06 07:30:00+00:00,buy,4160.625,4173.98510997418,0.02,26.600219948359953,tp
2026-07-06 07:30:00+00:00,2026-07-06 07:35:00+00:00,buy,4164.9248046875,4176.504990358717,0.02,23.04037134243379,tp
2026-07-06 07:35:00+00:00,2026-07-06 07:55:00+00:00,buy,4168.4248046875,4180.880275498388,0.02,24.790941621776145,tp
2026-07-06 08:15:00+00:00,2026-07-06 08:20:00+00:00,buy,4169.72509765625,4177.825188067929,0.04,32.16036164671619,tp
2026-07-06 08:20:00+00:00,2026-07-06 08:25:00+00:00,buy,4168.02490234375,4177.704290596372,0.04,38.47755301048688,tp
2026-07-06 08:25:00+00:00,2026-07-06 08:45:00+00:00,buy,4166.4248046875,4158.90707828043,0.04,-30.310905628279432,sl_and_tp_same_bar
2026-07-06 08:50:00+00:00,2026-07-06 09:10:00+00:00,buy,4160.4248046875,4173.081159119292,0.03,37.789063295377055,tp
2026-07-06 09:10:00+00:00,2026-07-06 09:15:00+00:00,buy,4160.8251953125,4171.880796658192,0.04,43.982405382766736,tp
2026-07-06 09:15:00+00:00,2026-07-06 09:30:00+00:00,buy,4161.22509765625,4152.256210281517,0.03,-27.08666212419819,sl
2026-07-06 09:35:00+00:00,2026-07-06 09:40:00+00:00,buy,4149.8251953125,4163.296348863576,0.03,40.23346065322796,tp
2026-07-06 09:40:00+00:00,2026-07-06 10:00:00+00:00,buy,4153.4248046875,4169.355090890099,0.03,47.61085860779651,tp
2026-07-06 10:00:00+00:00,2026-07-06 10:05:00+00:00,buy,4155.625,4169.262948769946,0.04,54.31179507978391,tp
2026-07-06 10:05:00+00:00,2026-07-06 10:25:00+00:00,buy,4155.9248046875,4171.639646746454,0.04,62.61936823581505,tp
2026-07-06 10:25:00+00:00,2026-07-06 10:30:00+00:00,buy,4162.9248046875,4175.816084182926,0.05,64.15639747712903,tp
2026-07-06 10:30:00+00:00,2026-07-06 10:50:00+00:00,buy,4161.125,4175.448763843952,0.05,71.31881921976147,tp
2026-07-06 11:10:00+00:00,2026-07-06 11:15:00+00:00,buy,4165.02490234375,4174.206230771749,0.08,72.97062742399022,tp
2026-07-06 12:25:00+00:00,2026-07-06 12:30:00+00:00,buy,4159.02490234375,4168.040870026737,0.09,80.60370914688424,tp
2026-07-06 12:30:00+00:00,2026-07-06 12:35:00+00:00,buy,4157.625,4169.358148554423,0.07,81.7120398809594,tp
2026-07-06 12:35:00+00:00,2026-07-06 12:40:00+00:00,buy,4155.3251953125,4145.396828404667,0.05,-49.941834539165754,sl
2026-07-06 12:45:00+00:00,2026-07-06 12:55:00+00:00,buy,4145.22509765625,4157.963657966158,0.06,76.07136185944968,tp
2026-07-06 12:55:00+00:00,2026-07-06 13:20:00+00:00,buy,4151.72509765625,4166.1868341709705,0.05,72.00868257360271,tp
2026-07-06 13:20:00+00:00,2026-07-06 13:45:00+00:00,buy,4151.8251953125,4165.355230459257,0.06,80.82021088054047,tp
2026-07-06 13:55:00+00:00,2026-07-06 14:05:00+00:00,buy,4157.8251953125,4149.865246793482,0.07,-56.13963963312829,sl
2026-07-06 14:10:00+00:00,2026-07-06 14:35:00+00:00,buy,4148.52490234375,4162.508460443487,0.06,83.54134859842146,tp
2026-07-06 14:35:00+00:00,2026-07-06 14:40:00+00:00,buy,4153.3251953125,4143.935637340513,0.06,-56.69734783192449,sl
2026-07-06 14:45:00+00:00,2026-07-06 15:00:00+00:00,buy,4142.3251953125,4154.45742021094,0.06,72.43334939063847,tp
2026-07-06 15:00:00+00:00,2026-07-06 15:20:00+00:00,buy,4150.72509765625,4163.8868101146745,0.06,78.6102747505471,tp
2026-07-07 07:05:00+00:00,2026-07-07 07:15:00+00:00,buy,4138.3251953125,4141.781870937009,0.08,27.17340499607555,tp
2026-07-07 07:15:00+00:00,2026-07-07 07:20:00+00:00,buy,4140.8251953125,4138.304022115523,0.08,-20.649385575813067,sl
2026-07-07 07:25:00+00:00,2026-07-07 07:40:00+00:00,buy,4138.625,4142.204457999844,0.07,24.63620599890608,tp
2026-07-07 07:40:00+00:00,2026-07-07 07:45:00+00:00,buy,4140.3251953125,4137.924154439223,0.09,-22.14936785949707,sl_and_tp_same_bar
2026-07-07 07:50:00+00:00,2026-07-07 07:55:00+00:00,buy,4138.3251953125,4135.858081035738,0.08,-20.216914214096033,sl
2026-07-07 08:00:00+00:00,2026-07-07 08:05:00+00:00,buy,4135.52490234375,4139.063528178902,0.07,24.350380846062837,tp
2026-07-07 08:05:00+00:00,2026-07-07 08:10:00+00:00,buy,4139.3251953125,4142.771314265465,0.08,27.08895162371802,tp
2026-07-07 08:10:00+00:00,2026-07-07 08:15:00+00:00,buy,4142.125,4146.246981477986,0.07,28.43387034590258,tp
2026-07-07 08:30:00+00:00,2026-07-07 08:35:00+00:00,sell,4149.97509765625,4146.082603765343,0.09,34.492445018160616,tp
2026-07-07 08:50:00+00:00,2026-07-07 08:55:00+00:00,buy,4139.625,4136.558873643897,0.09,-28.135137204929414,sl
2026-07-07 09:00:00+00:00,2026-07-07 09:15:00+00:00,buy,4137.02490234375,4141.101571371627,0.08,32.133352223015685,tp
2026-07-07 09:15:00+00:00,2026-07-07 09:25:00+00:00,buy,4138.625,4136.03618789376,0.11,-29.136933168638425,sl
2026-07-07 09:30:00+00:00,2026-07-07 09:35:00+00:00,buy,4132.72509765625,4137.088429809959,0.08,34.42665722967242,tp
2026-07-07 09:35:00+00:00,2026-07-07 09:40:00+00:00,buy,4138.625,4143.001899585298,0.09,38.852096267681155,tp
2026-07-07 09:50:00+00:00,2026-07-07 09:55:00+00:00,buy,4138.4248046875,4142.79740947634,0.1,43.126047888403626,tp
2026-07-07 10:25:00+00:00,2026-07-07 11:00:00+00:00,sell,4148.47509765625,4145.1086819136,0.14,46.28982039710187,tp
2026-07-07 11:20:00+00:00,2026-07-07 11:25:00+00:00,sell,4151.875,4154.399887644136,0.15,-38.77331466203341,sl
2026-07-07 11:30:00+00:00,2026-07-07 11:35:00+00:00,sell,4153.97509765625,4156.454703368679,0.14,-35.55447997399992,sl
2026-07-07 11:40:00+00:00,2026-07-07 11:45:00+00:00,sell,4156.6748046875,4159.286752804557,0.13,-34.73532552174336,sl
2026-07-07 11:50:00+00:00,2026-07-07 11:55:00+00:00,sell,4160.97509765625,4163.787798582229,0.11,-31.59971018576667,sl
2026-07-07 12:00:00+00:00,2026-07-07 12:05:00+00:00,sell,4168.47509765625,4171.59964614343,0.09,-28.66093638461738,sl
2026-07-07 12:10:00+00:00,2026-07-07 12:15:00+00:00,sell,4180.77490234375,4184.845698624121,0.06,-24.784777682224885,sl
2026-07-07 12:20:00+00:00,2026-07-07 12:25:00+00:00,sell,4180.5751953125,4174.645824732449,0.05,29.346852900254998,tp
2026-07-07 12:25:00+00:00,2026-07-07 12:30:00+00:00,sell,4175.375,4179.526088592085,0.06,-25.266531552511296,sl
2026-07-07 12:35:00+00:00,2026-07-07 12:45:00+00:00,sell,4175.47509765625,4179.382048990416,0.06,-23.801708004993415,sl
2026-07-07 12:50:00+00:00,2026-07-07 12:55:00+00:00,sell,4176.97509765625,4180.606496096965,0.06,-22.14839064429121,sl
2026-07-07 13:00:00+00:00,2026-07-07 13:05:00+00:00,sell,4183.97509765625,4177.8215319755445,0.04,24.37426272282188,tp
2026-07-07 13:05:00+00:00,2026-07-07 13:10:00+00:00,sell,4177.375,4181.55960791413,0.05,-21.223039570648144,sl
2026-07-07 13:15:00+00:00,2026-07-07 13:25:00+00:00,sell,4182.375,4176.311776645914,0.04,24.012893416345616,tp
2026-07-07 13:25:00+00:00,2026-07-07 13:30:00+00:00,sell,4176.97509765625,4181.119860910778,0.05,-21.023816272638943,sl
2026-07-07 13:35:00+00:00,2026-07-07 13:40:00+00:00,sell,4180.27490234375,4184.910902125762,0.04,-18.783999128047288,sl
2026-07-07 13:45:00+00:00,2026-07-07 13:50:00+00:00,sell,4189.27490234375,4181.875907693517,0.03,22.016983950700087,tp
2026-07-07 13:50:00+00:00,2026-07-07 13:55:00+00:00,sell,4184.5751953125,4176.943423386464,0.03,22.715315778107943,tp
2026-07-07 13:55:00+00:00,2026-07-07 14:00:00+00:00,sell,4176.97509765625,4168.961526830769,0.04,31.814283301924444,tp
2026-07-07 14:00:00+00:00,2026-07-07 14:35:00+00:00,sell,4169.5751953125,4161.3387789825,0.04,32.70566531999953,tp
2026-07-07 14:50:00+00:00,2026-07-07 15:05:00+00:00,sell,4167.0751953125,4160.750417029262,0.06,37.58866969942632,tp
2026-07-07 15:30:00+00:00,2026-07-07 15:40:00+00:00,buy,4154.125,4159.058315693909,0.08,38.986525551273665,tp
2026-07-07 15:50:00+00:00,2026-07-07 15:55:00+00:00,buy,4152.9248046875,4149.536237089216,0.1,-34.48567598283771,sl
2026-07-07 16:00:00+00:00,2026-07-07 16:15:00+00:00,buy,4150.52490234375,4154.9104450149,0.1,43.25542671149778,tp
2026-07-07 16:15:00+00:00,2026-07-07 16:20:00+00:00,buy,4152.3251953125,4156.3725917946995,0.12,47.84875778639369,tp
2026-07-07 16:20:00+00:00,2026-07-07 16:45:00+00:00,buy,4155.72509765625,4152.885356251257,0.13,-37.696638264911854,sl
2026-07-07 17:15:00+00:00,2026-07-07 17:20:00+00:00,buy,4154.3251953125,4157.008974239015,0.18,47.228020677262904,tp
2026-07-07 17:20:00+00:00,2026-07-07 17:25:00+00:00,buy,4154.4248046875,4157.262068038396,0.19,52.768003667026605,tp
2026-07-07 17:50:00+00:00,2026-07-07 18:00:00+00:00,buy,4156.625,4154.864545985515,0.26,-47.33180437660536,sl
2026-07-07 18:05:00+00:00,2026-07-07 18:10:00+00:00,buy,4154.02490234375,4152.376786172135,0.25,-42.70290429036686,sl
2026-07-07 18:15:00+00:00,2026-07-07 18:20:00+00:00,buy,4153.8251953125,4152.210592915821,0.23,-38.515855123626245,sl
2026-07-07 18:25:00+00:00,2026-07-07 18:30:00+00:00,buy,4154.625,4152.908614442883,0.2,-35.52771114234129,sl
2026-07-07 18:35:00+00:00,2026-07-07 18:45:00+00:00,buy,4150.625,4148.6455285634875,0.16,-32.63154298420064,sl_and_tp_same_bar
2026-07-07 18:50:00+00:00,2026-07-07 18:55:00+00:00,buy,4146.22509765625,4143.098720886596,0.09,-28.6773909268832,sl
2026-07-07 19:00:00+00:00,2026-07-07 19:05:00+00:00,buy,4138.02490234375,4134.4801781326,0.07,-25.233069478052972,sl
2026-07-07 19:10:00+00:00,2026-07-07 19:15:00+00:00,buy,4122.02490234375,4117.6566584501525,0.05,-22.141219467987685,sl
2026-07-07 19:20:00+00:00,2026-07-07 19:25:00+00:00,buy,4109.4248046875,4116.654104265954,0.04,28.67719831381488,tp
2026-07-07 19:25:00+00:00,2026-07-07 19:30:00+00:00,buy,4112.3251953125,4119.629956770076,0.04,28.979045830304823,tp
2026-07-07 19:30:00+00:00,2026-07-07 19:35:00+00:00,buy,4114.4248046875,4121.938931284066,0.05,37.270632982829014,tp
2026-07-07 19:35:00+00:00,2026-07-07 20:15:00+00:00,buy,4123.625,4118.646282410873,0.05,-25.193587945634864,sl
2026-07-07 20:20:00+00:00,2026-07-07 20:35:00+00:00,buy,4119.9248046875,4116.7482646844155,0.08,-25.892320024675865,sl
2026-07-07 20:40:00+00:00,2026-07-07 22:00:00+00:00,buy,4115.625,4113.010433455926,0.09,-24.071098896662114,sl
2026-07-08 07:35:00+00:00,2026-07-08 07:40:00+00:00,sell,4134.875,4137.736893673889,0.07,-20.45325571722599,sl
2026-07-08 07:45:00+00:00,2026-07-08 07:50:00+00:00,sell,4138.77490234375,4134.562733908669,0.06,24.9130106104882,tp
2026-07-08 07:50:00+00:00,2026-07-08 07:55:00+00:00,sell,4135.375,4131.069108970846,0.06,25.47534617492296,tp
2026-07-08 08:20:00+00:00,2026-07-08 08:25:00+00:00,buy,4098.9248046875,4092.67878842761,0.03,-18.918048779669952,sl
2026-07-08 08:30:00+00:00,2026-07-08 08:35:00+00:00,buy,4099.625,4092.9280590717385,0.03,-20.27082278478445,sl
2026-07-08 08:40:00+00:00,2026-07-08 08:50:00+00:00,buy,4077.925048828125,4071.1486021732585,0.02,-13.672893309733007,sl
2026-07-08 08:55:00+00:00,2026-07-08 09:00:00+00:00,buy,4074.125,4067.3177873032523,0.02,-13.734425393495366,sl
2026-07-08 09:05:00+00:00,2026-07-08 09:40:00+00:00,buy,4066.22509765625,4060.1780733487485,0.03,-18.321072922504463,sl
2026-07-08 09:45:00+00:00,2026-07-08 09:55:00+00:00,buy,4058.72509765625,4053.88027073008,0.04,-19.619307704679375,sl
2026-07-08 10:00:00+00:00,2026-07-08 10:15:00+00:00,buy,4053.625,4059.7976052912145,0.04,24.450421164857982,tp
2026-07-08 10:15:00+00:00,2026-07-08 10:20:00+00:00,buy,4054.72509765625,4060.6331937374403,0.04,23.392384324761007,tp
2026-07-08 10:20:00+00:00,2026-07-08 10:30:00+00:00,buy,4061.125,4066.900694989115,0.04,22.862779956459928,tp
2026-07-08 10:30:00+00:00,2026-07-08 10:35:00+00:00,buy,4060.72509765625,4066.3073978821017,0.05,27.61150112925834,tp
2026-07-08 10:35:00+00:00,2026-07-08 11:00:00+00:00,buy,4064.925048828125,4061.094489774022,0.05,-19.452795270515526,sl
2026-07-08 11:05:00+00:00,2026-07-08 11:10:00+00:00,buy,4063.824951171875,4060.219314349242,0.05,-18.328184113165936,sl
2026-07-08 11:15:00+00:00,2026-07-08 11:30:00+00:00,buy,4060.52490234375,4057.127437560861,0.05,-17.28732391444537,sl
2026-07-08 11:35:00+00:00,2026-07-08 11:40:00+00:00,buy,4058.02490234375,4054.6055340631938,0.05,-17.39684140278114,sl_and_tp_same_bar
2026-07-08 11:45:00+00:00,2026-07-08 11:50:00+00:00,buy,4074.625,4069.385567286632,0.03,-15.898298140103797,sl
2026-07-08 11:55:00+00:00,2026-07-08 12:05:00+00:00,buy,4072.625,4079.361465935186,0.04,26.705863740744245,tp
2026-07-08 12:05:00+00:00,2026-07-08 12:10:00+00:00,buy,4074.824951171875,4081.3848795524286,0.04,25.999713522214517,tp
2026-07-08 12:10:00+00:00,2026-07-08 12:15:00+00:00,buy,4079.324951171875,4085.56956162773,0.04,24.738441823419418,tp
2026-07-08 12:15:00+00:00,2026-07-08 12:20:00+00:00,buy,4082.324951171875,4077.807720078631,0.04,-18.308924372975742,sl
2026-07-08 12:25:00+00:00,2026-07-08 12:30:00+00:00,buy,4077.02490234375,4083.6821155213047,0.04,26.38885271021878,tp
2026-07-08 12:30:00+00:00,2026-07-08 12:40:00+00:00,buy,4081.02490234375,4087.4738262903393,0.04,25.555695786357102,tp
2026-07-08 12:40:00+00:00,2026-07-08 12:45:00+00:00,buy,4083.125,4089.4049465386324,0.05,31.09973269316215,tp
2026-07-08 13:00:00+00:00,2026-07-08 13:05:00+00:00,buy,4082.625,4089.811087199345,0.05,35.63043599672456,tp
2026-07-08 13:10:00+00:00,2026-07-08 13:20:00+00:00,buy,4084.824951171875,4079.7632484624714,0.05,-25.60851354701781,sl
2026-07-08 13:25:00+00:00,2026-07-08 13:30:00+00:00,buy,4082.125,4089.230793278221,0.05,35.22896639110486,tp
2026-07-08 13:30:00+00:00,2026-07-08 13:35:00+00:00,buy,4077.625,4085.3866875077915,0.05,38.50843753895761,tp
2026-07-08 13:45:00+00:00,2026-07-08 14:00:00+00:00,buy,4084.02490234375,4078.5241733963103,0.05,-27.803644737198557,sl
2026-07-08 14:05:00+00:00,2026-07-08 14:10:00+00:00,buy,4077.22509765625,4072.320081010126,0.06,-29.790099876743042,sl
2026-07-08 14:15:00+00:00,2026-07-08 14:25:00+00:00,buy,4068.324951171875,4075.6550401087993,0.05,36.350444684621564,tp
2026-07-08 14:25:00+00:00,2026-07-08 14:30:00+00:00,buy,4071.625,4066.5712223059363,0.06,-30.6826661643821,sl
2026-07-08 14:35:00+00:00,2026-07-08 14:40:00+00:00,buy,4066.125,4060.558205934792,0.05,-28.133970326039435,sl
2026-07-08 14:45:00+00:00,2026-07-08 14:50:00+00:00,buy,4046.925048828125,4055.3295098551343,0.04,33.37784410803739,tp
2026-07-08 14:50:00+00:00,2026-07-08 14:55:00+00:00,buy,4046.324951171875,4055.0081565879914,0.04,34.49282166446552,tp
2026-07-08 14:55:00+00:00,2026-07-08 15:00:00+00:00,buy,4055.125,4049.478822460966,0.05,-28.530887695169714,sl
2026-07-08 15:05:00+00:00,2026-07-08 15:15:00+00:00,buy,4048.125,4042.9031189227644,0.05,-26.40940538617797,sl
2026-07-08 15:20:00+00:00,2026-07-08 15:25:00+00:00,buy,4042.72509765625,4037.4274169351484,0.05,-26.78840360550821,sl
2026-07-08 15:30:00+00:00,2026-07-08 15:35:00+00:00,buy,4042.125,4036.8667498486507,0.04,-21.273000605397318,sl
2026-07-08 15:40:00+00:00,2026-07-08 15:50:00+00:00,buy,4039.52490234375,4046.6049794153123,0.04,28.080308286249203,tp
2026-07-08 15:50:00+00:00,2026-07-08 16:05:00+00:00,buy,4044.22509765625,4050.6111161792373,0.05,31.63009261493671,tp
2026-07-08 16:05:00+00:00,2026-07-08 16:10:00+00:00,buy,4046.925048828125,4052.3985084721303,0.07,37.89421750803702,tp
2026-07-08 16:10:00+00:00,2026-07-08 16:25:00+00:00,buy,4049.72509765625,4054.9800842956383,0.08,41.55989311510668,tp
2026-07-08 16:25:00+00:00,2026-07-08 16:30:00+00:00,buy,4048.72509765625,4053.776937147644,0.09,44.92655542254439,tp
2026-07-08 16:30:00+00:00,2026-07-08 16:35:00+00:00,buy,4053.72509765625,4050.1210270265,0.1,-36.64070629749913,sl
2026-07-08 16:40:00+00:00,2026-07-08 16:45:00+00:00,buy,4054.824951171875,4061.247721659518,0.07,44.53939341350095,tp
2026-07-08 16:45:00+00:00,2026-07-08 16:50:00+00:00,buy,4066.52490234375,4072.782625047624,0.08,49.58178163099321,tp
2026-07-08 18:45:00+00:00,2026-07-08 18:50:00+00:00,sell,4089.675048828125,4093.5658825560445,0.11,-43.45917100711418,sl
2026-07-08 18:55:00+00:00,2026-07-08 19:00:00+00:00,sell,4095.574951171875,4099.315695623346,0.1,-38.007444514710734,sl
2026-07-08 19:05:00+00:00,2026-07-08 19:30:00+00:00,sell,4097.47509765625,4101.074316717854,0.1,-36.592190616043446,sl
2026-07-08 19:35:00+00:00,2026-07-08 19:45:00+00:00,sell,4096.6748046875,4092.7694492641394,0.12,46.14426508032673,tp
2026-07-08 19:45:00+00:00,2026-07-08 19:50:00+00:00,sell,4093.77490234375,4089.7382591660366,0.13,51.69636131027366,tp
2026-07-08 19:50:00+00:00,2026-07-08 19:55:00+00:00,sell,4089.074951171875,4091.964456118998,0.14,-41.293069259721825,sl
2026-07-08 20:00:00+00:00,2026-07-08 20:05:00+00:00,sell,4090.375,4093.1492576741725,0.14,-39.67960743841545,sl
2026-07-08 20:10:00+00:00,2026-07-08 20:15:00+00:00,sell,4090.77490234375,4086.959861093349,0.12,45.06049500481211,tp
2026-07-08 20:15:00+00:00,2026-07-08 20:20:00+00:00,sell,4088.875,4085.129321020486,0.14,51.599505713198745,tp
2026-07-08 20:20:00+00:00,2026-07-08 20:35:00+00:00,sell,4086.375,4082.8334291292126,0.17,59.186704803385496,tp
2026-07-08 20:55:00+00:00,2026-07-08 22:00:00+00:00,sell,4089.675048828125,4086.1763598629836,0.19,65.33509033768574,tp
2026-07-08 22:00:00+00:00,2026-07-08 22:05:00+00:00,sell,4087.47509765625,4083.499567219794,0.19,74.395078292668,tp
2026-07-09 07:05:00+00:00,2026-07-09 07:25:00+00:00,sell,4115.5751953125,4118.808584280761,0.06,-19.76033380956811,sl
2026-07-09 07:30:00+00:00,2026-07-09 08:15:00+00:00,sell,4118.47509765625,4121.516243814117,0.06,-18.6068769472016,sl
2026-07-09 08:20:00+00:00,2026-07-09 08:25:00+00:00,sell,4119.0751953125,4122.171444013995,0.06,-18.937492208969488,sl
2026-07-09 08:30:00+00:00,2026-07-09 08:45:00+00:00,sell,4124.0751953125,4119.861334535899,0.06,24.923164659605973,tp
2026-07-09 08:45:00+00:00,2026-07-09 08:50:00+00:00,sell,4122.97509765625,4118.877570405897,0.07,28.262690752470082,tp
2026-07-09 08:50:00+00:00,2026-07-09 09:20:00+00:00,sell,4118.77490234375,4121.499584755065,0.07,-19.4927768792076,sl
2026-07-09 09:25:00+00:00,2026-07-09 09:30:00+00:00,sell,4116.6748046875,4118.973106070457,0.09,-21.224712446613957,sl
2026-07-09 09:35:00+00:00,2026-07-09 10:00:00+00:00,sell,4115.6748046875,4117.974596545699,0.09,-21.238126723787936,sl
2026-07-09 10:05:00+00:00,2026-07-09 10:10:00+00:00,sell,4118.875,4115.740279453392,0.09,27.672484919473355,tp
2026-07-09 10:10:00+00:00,2026-07-09 10:30:00+00:00,sell,4116.5751953125,4113.491080734607,0.09,27.217031201038445,tp
2026-07-09 10:30:00+00:00,2026-07-09 10:45:00+00:00,sell,4113.0751953125,4110.540064713074,0.11,27.226436593689723,tp
2026-07-09 10:45:00+00:00,2026-07-09 10:50:00+00:00,sell,4112.6748046875,4110.157780846879,0.12,29.484286087449874,tp
2026-07-09 10:50:00+00:00,2026-07-09 10:55:00+00:00,sell,4109.875,4106.918292879795,0.11,31.86377832225011,tp
2026-07-09 10:55:00+00:00,2026-07-09 11:00:00+00:00,sell,4106.27490234375,4108.636459860424,0.11,-26.63713268341522,sl
2026-07-09 11:05:00+00:00,2026-07-09 11:10:00+00:00,sell,4112.1748046875,4114.639411013913,0.1,-25.246063264126498,sl
2026-07-09 11:15:00+00:00,2026-07-09 11:20:00+00:00,sell,4114.375,4111.093656820159,0.09,28.992088618571835,tp
2026-07-09 11:20:00+00:00,2026-07-09 11:25:00+00:00,sell,4113.97509765625,4110.415921848304,0.09,31.49258227151673,tp
2026-07-09 11:25:00+00:00,2026-07-09 11:30:00+00:00,sell,4109.375,4111.828634911258,0.11,-27.64998402383495,sl
2026-07-09 11:35:00+00:00,2026-07-09 11:40:00+00:00,sell,4110.47509765625,4113.06647892015,0.1,-26.513812639000754,sl
2026-07-09 11:45:00+00:00,2026-07-09 11:55:00+00:00,sell,4115.875,4118.461047204885,0.09,-23.814424843967608,sl
2026-07-09 12:00:00+00:00,2026-07-09 12:05:00+00:00,sell,4118.5751953125,4121.091024017984,0.08,-20.60662964386982,sl
2026-07-09 12:10:00+00:00,2026-07-09 12:15:00+00:00,sell,4125.375,4120.732766585572,0.06,27.493400486568717,tp
2026-07-09 12:15:00+00:00,2026-07-09 12:20:00+00:00,sell,4122.6748046875,4117.948202394996,0.06,27.99961375502484,tp
2026-07-09 12:20:00+00:00,2026-07-09 12:30:00+00:00,sell,4117.5751953125,4120.8073667412245,0.07,-23.045200001071795,sl
2026-07-09 12:35:00+00:00,2026-07-09 12:40:00+00:00,sell,4125.5751953125,4129.181803346066,0.06,-21.999648201395175,sl
2026-07-09 12:45:00+00:00,2026-07-09 12:55:00+00:00,sell,4122.77490234375,4117.614868750933,0.05,25.50016796408472,tp
2026-07-09 12:55:00+00:00,2026-07-09 13:05:00+00:00,sell,4121.27490234375,4124.76366731319,0.06,-21.292589816640756,sl
2026-07-09 13:10:00+00:00,2026-07-09 13:15:00+00:00,sell,4126.27490234375,4129.95370785219,0.05,-18.694027542199184,sl
2026-07-09 13:20:00+00:00,2026-07-09 13:25:00+00:00,sell,4130.27490234375,4134.169991606201,0.05,-19.775446312253553,sl
2026-07-09 13:30:00+00:00,2026-07-09 13:50:00+00:00,sell,4135.97509765625,4130.2500692226395,0.05,28.32514216805266,tp
2026-07-09 13:50:00+00:00,2026-07-09 14:00:00+00:00,sell,4133.375,4137.567994108572,0.04,-17.01197643428735,sl
2026-07-09 14:05:00+00:00,2026-07-09 14:10:00+00:00,sell,4141.1748046875,4134.006379231819,0.04,28.43370182272498,tp
2026-07-09 14:10:00+00:00,2026-07-09 14:15:00+00:00,sell,4136.1748046875,4129.126824240493,0.04,27.951921788027686,tp
2026-07-09 14:15:00+00:00,2026-07-09 14:20:00+00:00,sell,4131.97509765625,4125.091502883427,0.04,27.29437909129207,tp
2026-07-09 14:20:00+00:00,2026-07-09 14:25:00+00:00,sell,4126.77490234375,4131.717281406936,0.05,-25.011895315931543,sl
2026-07-09 14:30:00+00:00,2026-07-09 14:50:00+00:00,sell,4134.5751953125,4128.28857974506,0.05,31.13307783720047,tp
2026-07-09 14:50:00+00:00,2026-07-09 14:55:00+00:00,sell,4128.97509765625,4132.996006144868,0.06,-24.485450931709565,sl
2026-07-09 15:00:00+00:00,2026-07-09 15:40:00+00:00,sell,4137.5751953125,4141.2739085911735,0.06,-22.552279672040967,sl
2026-07-09 15:45:00+00:00,2026-07-09 15:50:00+00:00,sell,4140.0751953125,4136.273507227257,0.08,29.933504681942868,tp
2026-07-09 15:50:00+00:00,2026-07-09 16:15:00+00:00,sell,4139.0751953125,4141.900940615918,0.08,-23.08596242734755,sl
2026-07-09 16:20:00+00:00,2026-07-09 16:25:00+00:00,sell,4139.375,4141.843728475732,0.09,-22.758556281587552,sl
2026-07-09 16:30:00+00:00,2026-07-09 16:35:00+00:00,sell,4142.1748046875,4144.84846299955,0.07,-19.135608184350463,sl
2026-07-09 16:40:00+00:00,2026-07-09 16:55:00+00:00,sell,4142.375,4138.872523353841,0.08,27.53981316927413,tp
2026-07-09 16:55:00+00:00,2026-07-09 17:00:00+00:00,sell,4142.77490234375,4139.26149288767,0.08,27.627275648639188,tp
2026-07-09 17:00:00+00:00,2026-07-09 17:25:00+00:00,sell,4137.6748046875,4140.1339890051795,0.09,-22.672658859115508,sl
2026-07-09 17:30:00+00:00,2026-07-09 17:35:00+00:00,sell,4141.5751953125,4144.073291339246,0.08,-20.464768213966163,sl
2026-07-09 17:40:00+00:00,2026-07-09 17:45:00+00:00,sell,4143.1748046875,4145.583018689256,0.08,-19.745712014050223,sl
2026-07-09 17:50:00+00:00,2026-07-09 18:00:00+00:00,sell,4146.1748046875,4142.739371860105,0.08,27.00346261915867,tp
2026-07-09 18:00:00+00:00,2026-07-09 18:05:00+00:00,sell,4145.77490234375,4142.228055280479,0.08,27.894776506170746,tp
2026-07-09 18:05:00+00:00,2026-07-09 18:10:00+00:00,sell,4141.0751953125,4137.693904420165,0.09,29.891618031011568,tp
2026-07-09 18:10:00+00:00,2026-07-09 18:15:00+00:00,sell,4140.375,4137.029202841226,0.1,32.85797158774076,tp
2026-07-09 18:15:00+00:00,2026-07-09 18:20:00+00:00,sell,4138.27490234375,4135.115842983229,0.12,37.18871232624704,tp
2026-07-09 18:20:00+00:00,2026-07-09 18:25:00+00:00,sell,4136.77490234375,4133.609694127133,0.13,40.36770681602658,tp
2026-07-09 18:25:00+00:00,2026-07-09 18:35:00+00:00,sell,4134.27490234375,4131.2844237122645,0.16,46.88765810376848,tp
2026-07-09 18:35:00+00:00,2026-07-09 19:00:00+00:00,sell,4133.97509765625,4136.059597858942,0.19,-40.74550385114311,sl
2026-07-09 19:05:00+00:00,2026-07-09 19:20:00+00:00,sell,4134.27490234375,4131.792558957409,0.19,46.024524340482785,tp
2026-07-09 19:20:00+00:00,2026-07-09 19:25:00+00:00,sell,4133.6748046875,4131.469730867516,0.24,51.48177167961927,tp
2026-07-09 19:25:00+00:00,2026-07-09 19:40:00+00:00,sell,4131.27490234375,4129.200505033097,0.29,58.417522008930746,tp
2026-07-09 19:40:00+00:00,2026-07-09 19:45:00+00:00,sell,4130.0751953125,4131.692221973939,0.31,-51.9878265046094,sl
2026-07-09 19:50:00+00:00,2026-07-09 20:00:00+00:00,sell,4131.6748046875,4133.327977282648,0.28,-47.96883266414778,sl
2026-07-09 20:05:00+00:00,2026-07-09 20:30:00+00:00,sell,4131.6748046875,4133.2208844549,0.27,-43.364153719811945,sl
2026-07-09 20:35:00+00:00,2026-07-09 22:00:00+00:00,sell,4133.375,4134.750840105716,0.28,-40.20352296004029,sl
2026-07-10 07:05:00+00:00,2026-07-10 07:10:00+00:00,buy,4121.4248046875,4119.257172248365,0.09,-20.048691952211847,sl
2026-07-10 07:15:00+00:00,2026-07-10 07:20:00+00:00,buy,4120.52490234375,4123.768459631425,0.08,25.468458301398204,tp
2026-07-10 07:20:00+00:00,2026-07-10 07:25:00+00:00,buy,4123.4248046875,4121.12153495601,0.09,-21.26942758341196,sl
2026-07-10 07:30:00+00:00,2026-07-10 07:35:00+00:00,buy,4121.8251953125,4119.66351802668,0.09,-19.995095572377103,sl
2026-07-10 07:40:00+00:00,2026-07-10 07:45:00+00:00,buy,4120.52490234375,4118.09361838379,0.08,-19.930271679677826,sl
2026-07-10 07:50:00+00:00,2026-07-10 07:55:00+00:00,buy,4114.22509765625,4117.472100761554,0.08,25.496024842435435,tp
2026-07-10 07:55:00+00:00,2026-07-10 08:00:00+00:00,buy,4117.02490234375,4114.615618257907,0.08,-19.754272686743644,sl
2026-07-10 08:05:00+00:00,2026-07-10 08:20:00+00:00,buy,4114.02490234375,4117.429493924216,0.08,26.756732643730647,tp
2026-07-10 08:20:00+00:00,2026-07-10 08:25:00+00:00,buy,4116.22509765625,4113.941802130182,0.09,-21.089659734614578,sl
2026-07-10 08:30:00+00:00,2026-07-10 08:35:00+00:00,buy,4112.8251953125,4110.580937540975,0.09,-20.738319943721798,sl
2026-07-10 08:40:00+00:00,2026-07-10 08:45:00+00:00,buy,4111.625,4109.426597773832,0.09,-20.325620035509054,sl
2026-07-10 08:50:00+00:00,2026-07-10 09:00:00+00:00,buy,4104.8251953125,4108.215458956065,0.08,26.642109148520394,tp
2026-07-10 09:00:00+00:00,2026-07-10 09:15:00+00:00,buy,4106.625,4110.165146549917,0.08,27.84117239933723,tp
2026-07-10 09:15:00+00:00,2026-07-10 09:40:00+00:00,buy,4109.625,4112.765485074494,0.09,27.724365670444932,tp
2026-07-10 09:40:00+00:00,2026-07-10 09:50:00+00:00,buy,4110.625,4113.480627000589,0.1,27.956270005892655,tp
2026-07-10 09:50:00+00:00,2026-07-10 10:00:00+00:00,buy,4112.9248046875,4115.548129714471,0.12,30.7599003236476,tp
2026-07-10 10:00:00+00:00,2026-07-10 10:05:00+00:00,buy,4113.9248046875,4116.622512308452,0.13,34.29019907238009,tp
2026-07-10 10:05:00+00:00,2026-07-10 10:10:00+00:00,buy,4117.52490234375,4115.5370124197,0.14,-28.67045893670351,sl
2026-07-10 10:15:00+00:00,2026-07-10 10:20:00+00:00,buy,4115.72509765625,4118.1317973873465,0.14,32.853796235351325,tp
2026-07-10 10:20:00+00:00,2026-07-10 10:25:00+00:00,buy,4116.4248046875,4119.177909298201,0.14,37.703464549808054,tp
2026-07-10 10:30:00+00:00,2026-07-10 10:35:00+00:00,buy,4118.8251953125,4116.644560556975,0.15,-33.6095213328721,sl
2026-07-10 10:40:00+00:00,2026-07-10 10:55:00+00:00,buy,4117.125,4115.122656561406,0.15,-30.93515157890888,sl
2026-07-10 11:00:00+00:00,2026-07-10 11:10:00+00:00,buy,4113.4248046875,4116.1955057955,0.13,35.23911440400181,tp
2026-07-10 11:10:00+00:00,2026-07-10 11:25:00+00:00,buy,4114.8251953125,4112.893949794717,0.15,-29.868682766749224,sl
2026-07-10 11:30:00+00:00,2026-07-10 11:35:00+00:00,buy,4108.9248046875,4106.576692058044,0.11,-26.4892389240205,sl
2026-07-10 11:40:00+00:00,2026-07-10 11:45:00+00:00,buy,4106.9248046875,4110.894945177104,0.08,31.28112391683273,tp
2026-07-10 11:45:00+00:00,2026-07-10 11:55:00+00:00,buy,4115.3251953125,4112.650129765729,0.1,-27.350655467712933,sl
2026-07-10 12:00:00+00:00,2026-07-10 12:10:00+00:00,buy,4111.52490234375,4114.7840978569475,0.1,31.991955131974827,tp
2026-07-10 12:10:00+00:00,2026-07-10 12:15:00+00:00,buy,4112.9248046875,4117.503352164635,0.08,36.14837981707708,tp
2026-07-10 12:25:00+00:00,2026-07-10 12:30:00+00:00,buy,4115.625,4112.22765031662,0.09,-31.116147150416545,sl
2026-07-10 12:35:00+00:00,2026-07-10 12:40:00+00:00,buy,4110.9248046875,4107.542427314206,0.08,-27.539018986350566,sl
2026-07-10 12:45:00+00:00,2026-07-10 12:50:00+00:00,buy,4106.8251953125,4111.462197257245,0.07,32.039013613214664,tp
2026-07-10 12:50:00+00:00,2026-07-10 13:15:00+00:00,buy,4110.52490234375,4115.138982414612,0.08,36.43264056689397,tp
2026-07-10 13:15:00+00:00,2026-07-10 13:20:00+00:00,buy,4113.3251953125,4109.9996827949135,0.09,-30.46961265827853,sl
2026-07-10 13:25:00+00:00,2026-07-10 13:30:00+00:00,buy,4105.625,4101.556826413874,0.07,-28.897215102883752,sl
2026-07-10 13:35:00+00:00,2026-07-10 13:40:00+00:00,buy,4098.52490234375,4105.091327787243,0.05,32.532127217466225,tp
2026-07-10 13:40:00+00:00,2026-07-10 13:50:00+00:00,buy,4106.22509765625,4112.775368196861,0.06,38.941623243663926,tp
2026-07-10 13:50:00+00:00,2026-07-10 14:20:00+00:00,buy,4109.8251953125,4115.907619872725,0.07,42.15697192157685,tp
2026-07-10 14:35:00+00:00,2026-07-10 14:40:00+00:00,buy,4099.52490234375,4108.683714340544,0.05,45.49405998396851,tp
2026-07-10 14:40:00+00:00,2026-07-10 14:45:00+00:00,buy,4105.02490234375,4113.749896178471,0.06,51.989963008327905,tp
2026-07-10 15:00:00+00:00,2026-07-10 15:15:00+00:00,buy,4102.02490234375,4110.298051614341,0.07,57.49204489413486,tp
2026-07-10 15:15:00+00:00,2026-07-10 15:20:00+00:00,buy,4107.02490234375,4113.932351320089,0.1,68.47448976338856,tp
2026-07-10 16:00:00+00:00,2026-07-10 16:10:00+00:00,sell,4122.27490234375,4117.640713631249,0.17,77.76120811251484,tp
2026-07-10 16:10:00+00:00,2026-07-10 16:25:00+00:00,sell,4120.5751953125,4123.712101452056,0.2,-63.93812279112463,sl
2026-07-10 16:30:00+00:00,2026-07-10 16:40:00+00:00,sell,4123.375,4119.608070969853,0.21,77.8455096330947,tp
2026-07-10 16:40:00+00:00,2026-07-10 16:45:00+00:00,sell,4121.47509765625,4117.8288382368,0.24,86.07022606679908,tp
2026-07-10 17:50:00+00:00,2026-07-10 17:55:00+00:00,buy,4112.4248046875,4110.796296779424,0.42,-70.91733213920226,sl
2026-07-10 18:00:00+00:00,2026-07-10 18:05:00+00:00,buy,4109.9248046875,4112.1849756806,0.39,85.80666873088299,tp
2026-07-10 18:05:00+00:00,2026-07-10 18:10:00+00:00,buy,4111.9248046875,4114.1189646002695,0.4,85.36639651077857,tp
2026-07-10 18:10:00+00:00,2026-07-10 18:15:00+00:00,buy,4112.72509765625,4111.084162033038,0.41,-69.73836055167517,sl
2026-07-10 18:20:00+00:00,2026-07-10 18:25:00+00:00,buy,4112.125,4114.249543979235,0.42,86.71084712785567,tp
2026-07-10 18:25:00+00:00,2026-07-10 18:30:00+00:00,buy,4111.72509765625,4110.0283689474145,0.4,-70.26914835342032,sl
2026-07-10 18:35:00+00:00,2026-07-10 18:40:00+00:00,buy,4112.02490234375,4110.240934967725,0.38,-70.07076028896634,sl
2026-07-10 18:45:00+00:00,2026-07-10 18:55:00+00:00,buy,4107.8251953125,4110.048478243655,0.4,86.53131724620616,tp
2026-07-10 18:55:00+00:00,2026-07-10 19:00:00+00:00,buy,4109.9248046875,4108.402020107251,0.45,-71.22530611121438,sl
2026-07-10 19:05:00+00:00,2026-07-10 19:10:00+00:00,buy,4106.8251953125,4109.204708387497,0.37,85.82198377488137,tp
2026-07-10 19:10:00+00:00,2026-07-10 19:45:00+00:00,buy,4109.8251953125,4112.230773310831,0.37,86.78638593824533,tp
2026-07-10 19:45:00+00:00,2026-07-10 19:50:00+00:00,buy,4111.22509765625,4113.146104856813,0.46,85.60633122587954,tp
2026-07-10 20:05:00+00:00,2026-07-10 20:30:00+00:00,sell,4121.5751953125,4119.028106380498,0.36,89.53520155208011,tp
2026-07-10 20:30:00+00:00,2026-07-10 20:40:00+00:00,sell,4119.5751953125,4121.0244842765005,0.48,-72.44587027202476,sl
2026-07-10 20:45:00+00:00,2026-07-10 20:50:00+00:00,sell,4119.875,4121.193205081714,0.53,-73.04486933084416,sl
2026-07-10 20:55:00+00:00,2026-07-12 22:10:00+00:00,sell,4127.1748046875,4123.412253264186,0.24,88.86123415953858,tp
2026-07-13 07:05:00+00:00,2026-07-13 07:10:00+00:00,buy,4061.425048828125,4066.505674114756,0.06,30.123751719785687,tp
2026-07-13 07:10:00+00:00,2026-07-13 07:55:00+00:00,buy,4066.425048828125,4071.6515907432054,0.06,30.999251490482166,tp
2026-07-13 08:10:00+00:00,2026-07-13 08:15:00+00:00,sell,4079.27490234375,4082.384848082513,0.08,-25.359565910105157,sl
2026-07-13 08:20:00+00:00,2026-07-13 08:25:00+00:00,sell,4083.47509765625,4086.6527941396153,0.08,-25.901571866922023,sl
2026-07-13 08:30:00+00:00,2026-07-13 08:50:00+00:00,sell,4082.175048828125,4085.334296408964,0.07,-22.534733065871865,sl
2026-07-13 08:55:00+00:00,2026-07-13 09:00:00+00:00,sell,4086.375,4082.588120580399,0.08,29.81503535680851,tp
2026-07-13 09:00:00+00:00,2026-07-13 09:30:00+00:00,sell,4082.675048828125,4079.0017650498876,0.09,32.51955400413677,tp
2026-07-13 09:30:00+00:00,2026-07-13 09:55:00+00:00,sell,4080.574951171875,4077.3727054825567,0.11,34.56470258250087,tp
2026-07-13 09:55:00+00:00,2026-07-13 10:00:00+00:00,sell,4079.27490234375,4076.300018387367,0.13,37.893491432980426,tp
2026-07-13 10:05:00+00:00,2026-07-13 10:10:00+00:00,sell,4077.97509765625,4075.2493731859554,0.16,42.65159152471373,tp
2026-07-13 10:45:00+00:00,2026-07-13 10:50:00+00:00,buy,4060.52490234375,4065.2437192064435,0.11,51.24698548962883,tp
2026-07-13 10:50:00+00:00,2026-07-13 10:55:00+00:00,buy,4062.425048828125,4067.2900351612093,0.12,57.65983599701147,tp
2026-07-13 10:55:00+00:00,2026-07-13 11:00:00+00:00,buy,4066.625,4071.2086782595065,0.14,63.33149563309158,tp
2026-07-13 11:00:00+00:00,2026-07-13 11:05:00+00:00,buy,4068.52490234375,4073.212768554072,0.16,74.04585936515564,tp
2026-07-13 11:20:00+00:00,2026-07-13 11:25:00+00:00,buy,4069.52490234375,4066.578123916448,0.2,-60.13556854603958,sl
2026-07-13 11:55:00+00:00,2026-07-13 12:10:00+00:00,buy,4064.324951171875,4061.2472746667745,0.17,-53.34050058670849,sl
2026-07-13 12:15:00+00:00,2026-07-13 12:20:00+00:00,buy,4063.72509765625,4068.2409747051524,0.15,66.83815573353658,tp
2026-07-13 12:20:00+00:00,2026-07-13 12:45:00+00:00,buy,4067.22509765625,4071.962191098632,0.16,74.83349507811276,tp
2026-07-13 13:20:00+00:00,2026-07-13 13:25:00+00:00,buy,4068.925048828125,4072.6735363040684,0.23,84.83521194669868,tp
2026-07-13 13:35:00+00:00,2026-07-13 13:40:00+00:00,buy,4066.324951171875,4063.1155983878707,0.21,-68.6564084640902,sl
2026-07-13 13:45:00+00:00,2026-07-13 13:50:00+00:00,buy,4062.22509765625,4058.605257572098,0.17,-62.55728143058744,sl
2026-07-13 13:55:00+00:00,2026-07-13 14:00:00+00:00,buy,4058.52490234375,4054.13167948957,0.13,-57.891897104337914,sl
2026-07-13 14:05:00+00:00,2026-07-13 14:10:00+00:00,buy,4047.925048828125,4042.956275936402,0.1,-50.287728917228925,sl
2026-07-13 14:15:00+00:00,2026-07-13 14:20:00+00:00,buy,4043.324951171875,4036.7366835436196,0.07,-46.53787339778767,sl
2026-07-13 14:25:00+00:00,2026-07-13 14:30:00+00:00,buy,4028.324951171875,4020.8039857088743,0.05,-37.9048273150036,sl
2026-07-13 14:35:00+00:00,2026-07-13 14:40:00+00:00,buy,4017.52490234375,4010.4340399341795,0.05,-35.75431204785245,sl
2026-07-13 14:45:00+00:00,2026-07-13 14:55:00+00:00,buy,4012.52490234375,4022.187324122074,0.05,48.01210889162094,tp
2026-07-13 14:55:00+00:00,2026-07-13 15:15:00+00:00,buy,4016.425048828125,4025.1627185905804,0.06,52.06601857473255,tp
2026-07-13 15:15:00+00:00,2026-07-13 15:50:00+00:00,buy,4022.22509765625,4017.484176060937,0.09,-43.2082943578171,sl
2026-07-13 15:55:00+00:00,2026-07-13 16:00:00+00:00,buy,4020.72509765625,4025.342101841922,0.13,59.241054413738055,tp
2026-07-13 16:00:00+00:00,2026-07-13 16:10:00+00:00,buy,4023.22509765625,4020.0002730156393,0.15,-49.27236960916016,sl
2026-07-13 16:15:00+00:00,2026-07-13 16:20:00+00:00,buy,4021.22509765625,4018.3584494533934,0.15,-43.899723042848926,sl
2026-07-13 16:25:00+00:00,2026-07-13 16:30:00+00:00,buy,4017.02490234375,4013.77982434291,0.12,-39.660936010078075,sl
2026-07-13 16:35:00+00:00,2026-07-13 16:45:00+00:00,buy,4002.324951171875,4007.9312624903214,0.09,49.91680186601749,tp
2026-07-13 16:45:00+00:00,2026-07-13 16:50:00+00:00,buy,4007.625,4003.725042935402,0.1,-39.59957064597857,sl
2026-07-13 16:55:00+00:00,2026-07-13 17:05:00+00:00,buy,3998.425048828125,4004.2347686834055,0.08,45.99775884224393,tp
2026-07-13 17:05:00+00:00,2026-07-13 17:15:00+00:00,buy,4001.824951171875,4007.3959836340077,0.1,55.110324621327344,tp
2026-07-13 17:15:00+00:00,2026-07-13 17:45:00+00:00,buy,4005.02490234375,4001.518075683545,0.13,-46.36874658266768,sl
2026-07-13 17:50:00+00:00,2026-07-13 17:55:00+00:00,buy,4003.22509765625,4000.478624402702,0.15,-42.097098803222615,sl
2026-07-13 18:00:00+00:00,2026-07-13 18:05:00+00:00,buy,4000.824951171875,3998.1181457232374,0.14,-38.73527628092675,sl
2026-07-13 18:10:00+00:00,2026-07-13 18:15:00+00:00,buy,3999.02490234375,3996.277490782468,0.12,-33.68893873538647,sl
2026-07-13 18:20:00+00:00,2026-07-13 18:25:00+00:00,buy,3995.52490234375,4000.194474317378,0.09,41.48614776265273,tp
2026-07-13 18:25:00+00:00,2026-07-13 18:35:00+00:00,buy,4001.72509765625,4006.0673757886025,0.11,47.10505945587724,tp
2026-07-13 18:35:00+00:00,2026-07-13 18:45:00+00:00,buy,4004.22509765625,4008.3643402103835,0.13,53.03015320373535,tp
2026-07-13 18:45:00+00:00,2026-07-13 18:50:00+00:00,buy,4007.52490234375,4011.3963945722576,0.16,60.983875656121235,tp
2026-07-13 18:50:00+00:00,2026-07-13 18:55:00+00:00,buy,4009.02490234375,4006.1988257575567,0.17,-49.06330196528554,sl
2026-07-13 19:00:00+00:00,2026-07-13 19:10:00+00:00,buy,4008.925048828125,4005.79576623394,0.14,-44.649956318590604,sl
2026-07-13 19:15:00+00:00,2026-07-13 19:35:00+00:00,buy,4005.52490234375,4002.772679984939,0.15,-42.18333538216793,sl
2026-07-13 19:40:00+00:00,2026-07-13 19:45:00+00:00,buy,4002.425048828125,4006.0523209608036,0.14,49.94180985750078,tp
2026-07-13 19:45:00+00:00,2026-07-13 19:55:00+00:00,buy,4006.324951171875,4009.75192035353,0.17,57.23847608813229,tp
2026-07-13 19:55:00+00:00,2026-07-13 20:00:00+00:00,buy,4007.72509765625,4011.039220393665,0.19,61.82833201088293,tp
2026-07-13 20:00:00+00:00,2026-07-13 20:05:00+00:00,buy,4009.52490234375,4012.8364812422183,0.22,71.53473576630194,tp
2026-07-13 20:05:00+00:00,2026-07-13 20:10:00+00:00,buy,4011.824951171875,4009.34636444026,0.24,-60.926081558759904,sl
2026-07-13 20:15:00+00:00,2026-07-13 22:00:00+00:00,buy,4006.425048828125,4009.9597565457443,0.21,72.96886207000556,tp
2026-07-13 22:00:00+00:00,2026-07-13 22:05:00+00:00,buy,4006.02490234375,4009.274042443431,0.26,82.91764259170526,tp
2026-07-14 07:05:00+00:00,2026-07-14 07:10:00+00:00,sell,4032.074951171875,4034.280642543728,0.1,-22.65691371852936,sl
2026-07-14 07:15:00+00:00,2026-07-14 07:20:00+00:00,sell,4030.97509765625,4033.223984054025,0.1,-23.088863977750954,sl
2026-07-14 07:25:00+00:00,2026-07-14 07:30:00+00:00,sell,4035.074951171875,4032.003871194965,0.1,30.11079976909914,tp
2026-07-14 07:30:00+00:00,2026-07-14 07:35:00+00:00,sell,4032.97509765625,4035.242737267909,0.1,-23.276396116589787,sl
2026-07-14 07:40:00+00:00,2026-07-14 07:45:00+00:00,sell,4033.074951171875,4029.873916402114,0.1,31.410347697610085,tp
2026-07-14 07:45:00+00:00,2026-07-14 07:50:00+00:00,sell,4029.97509765625,4032.189794915584,0.1,-22.746972593341162,sl
2026-07-14 07:55:00+00:00,2026-07-14 08:00:00+00:00,sell,4031.574951171875,4028.1487757232335,0.09,30.295579037773642,tp
2026-07-14 08:00:00+00:00,2026-07-14 08:05:00+00:00,sell,4027.175048828125,4023.5503517205525,0.08,28.51757686058001,tp
2026-07-14 08:05:00+00:00,2026-07-14 08:25:00+00:00,sell,4025.375,4028.122487755903,0.09,-25.267389803126697,sl
2026-07-14 08:30:00+00:00,2026-07-14 08:50:00+00:00,sell,4028.175048828125,4024.6116244163486,0.09,31.53081970598756,tp
2026-07-14 08:50:00+00:00,2026-07-14 08:55:00+00:00,sell,4025.97509765625,4022.859651363315,0.11,33.609909222283335,tp
2026-07-14 08:55:00+00:00,2026-07-14 09:00:00+00:00,sell,4026.074951171875,4022.887540947165,0.12,37.52892269652264,tp
2026-07-14 09:05:00+00:00,2026-07-14 09:10:00+00:00,sell,4026.77490234375,4029.328160051642,0.13,-33.97235020259657,sl
2026-07-14 09:15:00+00:00,2026-07-14 09:20:00+00:00,sell,4027.47509765625,4024.0394598574417,0.12,40.507653585699956,tp
2026-07-14 09:20:00+00:00,2026-07-14 09:25:00+00:00,sell,4026.77490234375,4023.2500221108244,0.13,45.043443028033124,tp
2026-07-14 09:25:00+00:00,2026-07-14 09:30:00+00:00,sell,4024.97509765625,4021.4328739804228,0.14,48.75113146158143,tp
2026-07-14 09:45:00+00:00,2026-07-14 09:50:00+00:00,sell,4023.574951171875,4026.211103172454,0.16,-43.13843200926291,sl
2026-07-14 09:55:00+00:00,2026-07-14 10:05:00+00:00,sell,4027.97509765625,4024.6276613241394,0.16,52.598981313770345,tp
2026-07-14 10:05:00+00:00,2026-07-14 10:25:00+00:00,sell,4026.27490234375,4023.022115269576,0.18,57.470167335135486,tp
2026-07-14 10:25:00+00:00,2026-07-14 10:40:00+00:00,sell,4024.27490234375,4026.396545549312,0.23,-50.17779372792882,sl
2026-07-14 10:45:00+00:00,2026-07-14 10:50:00+00:00,sell,4025.375,4027.5528696861943,0.2,-44.75739372388598,sl
2026-07-14 10:55:00+00:00,2026-07-14 11:00:00+00:00,sell,4026.574951171875,4028.6861448195054,0.19,-41.25267930497843,sl
2026-07-14 11:05:00+00:00,2026-07-14 11:10:00+00:00,sell,4027.27490234375,4029.58669456547,0.15,-35.57688332580337,sl_and_tp_same_bar
2026-07-14 11:15:00+00:00,2026-07-14 11:20:00+00:00,sell,4029.27490234375,4031.8482817479253,0.12,-31.600552850103412,sl
2026-07-14 11:25:00+00:00,2026-07-14 11:35:00+00:00,sell,4034.97509765625,4037.6201911726084,0.11,-29.75602867994272,sl
2026-07-14 11:40:00+00:00,2026-07-14 11:55:00+00:00,sell,4035.574951171875,4038.083668662144,0.1,-25.687174902691915,sl
2026-07-14 12:00:00+00:00,2026-07-14 12:05:00+00:00,sell,4038.375,4034.615024598804,0.09,33.2997786107621,tp
2026-07-14 12:05:00+00:00,2026-07-14 12:10:00+00:00,sell,4036.47509765625,4032.5371131158386,0.09,34.901860863702915,tp
2026-07-14 12:10:00+00:00,2026-07-14 12:15:00+00:00,sell,4032.875,4035.6115060851544,0.11,-30.761566936697964,sl
2026-07-14 12:20:00+00:00,2026-07-14 12:25:00+00:00,sell,4033.574951171875,4036.386804023752,0.1,-28.7185285187712,sl
2026-07-14 12:30:00+00:00,2026-07-14 12:35:00+00:00,sell,4035.97509765625,4044.675026072632,0.02,-17.519856832764273,sl
2026-07-14 12:40:00+00:00,2026-07-14 12:50:00+00:00,sell,4095.47509765625,4082.7029823435846,0.02,25.424230625330782,tp
2026-07-14 12:50:00+00:00,2026-07-14 12:55:00+00:00,sell,4092.47509765625,4079.992173231126,0.02,24.84584885024822,tp
2026-07-14 12:55:00+00:00,2026-07-14 13:00:00+00:00,sell,4081.074951171875,4089.1805258223635,0.03,-24.49672395146552,sl
2026-07-14 13:05:00+00:00,2026-07-14 13:10:00+00:00,sell,4079.97509765625,4087.6805235534503,0.03,-23.29627769160077,sl
2026-07-14 13:15:00+00:00,2026-07-14 13:20:00+00:00,sell,4082.074951171875,4088.97316724855,0.03,-20.874648230024995,sl
2026-07-14 13:25:00+00:00,2026-07-14 14:00:00+00:00,sell,4091.074951171875,4081.43680025153,0.03,28.73445276103559,tp
2026-07-14 14:00:00+00:00,2026-07-14 14:10:00+00:00,sell,4083.875,4089.3219899058595,0.04,-22.027959623437926,sl
2026-07-14 14:15:00+00:00,2026-07-14 14:20:00+00:00,sell,4089.47509765625,4081.3516848928257,0.04,32.25365105369725,tp
2026-07-14 14:20:00+00:00,2026-07-14 14:25:00+00:00,sell,4080.27490234375,4086.141648034145,0.04,-23.706982761579855,sl
2026-07-14 14:30:00+00:00,2026-07-14 14:50:00+00:00,sell,4084.375,4090.66868898523,0.03,-19.061066955689675,sl
2026-07-14 14:55:00+00:00,2026-07-14 15:00:00+00:00,sell,4090.375,4095.181305487704,0.04,-19.465221950815465,sl
2026-07-14 15:05:00+00:00,2026-07-14 15:10:00+00:00,sell,4096.1748046875,4102.034116764236,0.03,-17.75793623020916,sl
2026-07-14 15:15:00+00:00,2026-07-14 15:30:00+00:00,sell,4097.5751953125,4089.693964773752,0.04,31.284922154991147,tp
2026-07-14 15:30:00+00:00,2026-07-14 15:35:00+00:00,sell,4091.875,4084.8920276859153,0.04,27.691889256338765,tp
2026-07-14 15:35:00+00:00,2026-07-14 15:40:00+00:00,sell,4088.27490234375,4081.4476479527934,0.04,27.069017563826275,tp
2026-07-14 15:40:00+00:00,2026-07-14 15:50:00+00:00,sell,4083.175048828125,4075.966773408046,0.05,35.74137710039595,tp
2026-07-14 15:50:00+00:00,2026-07-14 15:55:00+00:00,sell,4078.27490234375,4071.5070203511405,0.06,40.247291955657275,tp
2026-07-14 15:55:00+00:00,2026-07-14 16:05:00+00:00,sell,4073.375,4067.0821747991135,0.07,43.62977640620519,tp
2026-07-14 16:05:00+00:00,2026-07-14 16:35:00+00:00,sell,4070.675048828125,4064.5819161980703,0.08,48.26506104043758,tp
2026-07-14 16:45:00+00:00,2026-07-14 17:00:00+00:00,sell,4067.574951171875,4070.8662847593428,0.12,-40.216003049613136,sl
2026-07-14 17:05:00+00:00,2026-07-14 17:10:00+00:00,sell,4067.375,4063.2934311609415,0.13,52.28039490776038,tp
2026-07-14 17:25:00+00:00,2026-07-14 17:30:00+00:00,sell,4067.574951171875,4070.382327967336,0.15,-43.010651931916435,sl
2026-07-14 17:35:00+00:00,2026-07-14 18:20:00+00:00,sell,4068.47509765625,4064.941175789614,0.15,52.10882799953797,tp
2026-07-14 18:20:00+00:00,2026-07-14 18:25:00+00:00,sell,4069.375,4066.4720665485434,0.21,59.70160248058959,tp
2026-07-14 18:40:00+00:00,2026-07-14 18:45:00+00:00,buy,4059.22509765625,4056.236106646317,0.16,-48.78385615893145,sl
2026-07-14 18:50:00+00:00,2026-07-14 18:55:00+00:00,buy,4056.22509765625,4060.585239767025,0.14,60.201989550851216,tp
2026-07-14 18:55:00+00:00,2026-07-14 19:10:00+00:00,buy,4058.824951171875,4063.007074334547,0.17,70.07609376542085,tp
2026-07-14 19:30:00+00:00,2026-07-14 19:50:00+00:00,buy,4058.425048828125,4061.7100488084798,0.24,77.39999952851446,tp
2026-07-14 19:50:00+00:00,2026-07-14 19:55:00+00:00,buy,4058.824951171875,4062.0148352925435,0.28,87.63675537871707,tp
2026-07-14 20:20:00+00:00,2026-07-14 20:30:00+00:00,buy,4059.324951171875,4057.5982903905146,0.43,-76.82641359849511,sl
2026-07-14 20:35:00+00:00,2026-07-14 20:40:00+00:00,buy,4057.824951171875,4056.228813698979,0.43,-71.21391133452205,sl
2026-07-14 20:45:00+00:00,2026-07-14 20:50:00+00:00,buy,4056.824951171875,4058.7574444434213,0.41,76.77222413339682,tp
2026-07-14 20:50:00+00:00,2026-07-14 20:55:00+00:00,buy,4056.824951171875,4058.83112958534,0.45,87.57802860592601,tp
2026-07-14 20:55:00+00:00,2026-07-14 22:05:00+00:00,buy,4058.52490234375,4057.0245509097203,0.5,-78.01757170148267,sl
2026-07-15 07:05:00+00:00,2026-07-15 07:10:00+00:00,buy,4038.72509765625,4036.16538190124,0.09,-23.57744179509067,sl
2026-07-15 07:15:00+00:00,2026-07-15 07:20:00+00:00,buy,4035.625,4033.310198048181,0.1,-23.74801951818936,sl
2026-07-15 07:25:00+00:00,2026-07-15 07:30:00+00:00,buy,4032.22509765625,4029.6440995374396,0.09,-23.768983069293462,sl
2026-07-15 07:35:00+00:00,2026-07-15 07:40:00+00:00,buy,4029.625,4026.9768753886765,0.09,-24.37312150191159,sl
2026-07-15 07:45:00+00:00,2026-07-15 08:00:00+00:00,buy,4029.125,4026.496853069717,0.09,-24.193322372547335,sl
2026-07-15 08:05:00+00:00,2026-07-15 08:10:00+00:00,buy,4031.324951171875,4028.7250599048375,0.09,-23.939021403337428,sl
2026-07-15 08:15:00+00:00,2026-07-15 08:20:00+00:00,buy,4023.824951171875,4028.0467075723204,0.07,29.132294803118004,tp
2026-07-15 08:20:00+00:00,2026-07-15 08:30:00+00:00,buy,4030.125,4034.055177161636,0.08,30.961417293088306,tp
2026-07-15 08:30:00+00:00,2026-07-15 08:50:00+00:00,buy,4032.72509765625,4036.533986279879,0.08,29.991108989033382,tp
2026-07-15 08:50:00+00:00,2026-07-15 08:55:00+00:00,buy,4035.824951171875,4039.046698540914,0.1,31.61747369038894,tp
2026-07-15 09:15:00+00:00,2026-07-15 09:25:00+00:00,buy,4036.824951171875,4034.5602875573395,0.1,-23.246636145354934,sl
2026-07-15 09:30:00+00:00,2026-07-15 10:00:00+00:00,buy,4033.324951171875,4036.281267727518,0.11,31.859482112071273,tp
2026-07-15 10:00:00+00:00,2026-07-15 10:10:00+00:00,buy,4036.52490234375,4039.0811030776586,0.12,29.95440880690265,tp
2026-07-15 10:25:00+00:00,2026-07-15 10:35:00+00:00,buy,4035.52490234375,4038.875425092893,0.1,32.90522749142783,tp
2026-07-15 10:50:00+00:00,2026-07-15 11:10:00+00:00,buy,4034.625,4037.6482080714786,0.13,38.52170492922207,tp
2026-07-15 11:20:00+00:00,2026-07-15 11:30:00+00:00,buy,4035.324951171875,4037.8639429562427,0.17,42.14286033425058,tp
2026-07-15 11:45:00+00:00,2026-07-15 11:50:00+00:00,sell,4043.675048828125,4045.779034556161,0.17,-36.78775737661456,sl
2026-07-15 11:55:00+00:00,2026-07-15 12:00:00+00:00,sell,4042.574951171875,4044.7842448096835,0.15,-34.03940456712771,sl
2026-07-15 12:05:00+00:00,2026-07-15 12:10:00+00:00,sell,4046.875,4043.726088412861,0.13,40.15585063280807,tp
2026-07-15 12:10:00+00:00,2026-07-15 12:15:00+00:00,sell,4043.675048828125,4045.963634377083,0.14,-32.88019768541275,sl
2026-07-15 12:20:00+00:00,2026-07-15 12:30:00+00:00,sell,4045.77490234375,4047.952192103995,0.14,-31.322056643430045,sl
2026-07-15 12:35:00+00:00,2026-07-15 12:40:00+00:00,sell,4060.875,4064.662347175271,0.07,-26.93143022689667,sl
2026-07-15 12:45:00+00:00,2026-07-15 12:50:00+00:00,sell,4069.97509765625,4073.7053335623427,0.06,-22.74141543655638,sl
2026-07-15 12:55:00+00:00,2026-07-15 13:00:00+00:00,sell,4070.375,4074.3567322264093,0.05,-20.208661132046746,sl
2026-07-15 13:05:00+00:00,2026-07-15 13:10:00+00:00,sell,4078.875,4073.181158514495,0.05,28.16920742752445,tp
2026-07-15 13:10:00+00:00,2026-07-15 13:15:00+00:00,sell,4075.375,4069.400998186521,0.05,29.570009067394675,tp
2026-07-15 13:15:00+00:00,2026-07-15 13:20:00+00:00,sell,4067.675048828125,4071.7559282613297,0.06,-24.8452765992282,sl
2026-07-15 13:25:00+00:00,2026-07-15 13:30:00+00:00,sell,4067.875,4062.1318257083813,0.05,28.415871458093715,tp
2026-07-15 13:30:00+00:00,2026-07-15 13:35:00+00:00,sell,4062.074951171875,4066.0704518736993,0.06,-24.333004210945873,sl
2026-07-15 13:40:00+00:00,2026-07-15 13:45:00+00:00,sell,4067.27490234375,4061.886360875945,0.06,31.971248806831355,tp
2026-07-15 13:45:00+00:00,2026-07-15 13:50:00+00:00,sell,4067.875,4062.381597394569,0.06,32.600415632586774,tp
2026-07-15 13:50:00+00:00,2026-07-15 13:55:00+00:00,sell,4063.375,4067.194176453277,0.07,-27.154235172939867,sl
2026-07-15 14:00:00+00:00,2026-07-15 14:10:00+00:00,sell,4068.574951171875,4072.5040214856695,0.07,-27.923492196561188,sl
2026-07-15 14:15:00+00:00,2026-07-15 14:20:00+00:00,sell,4071.175048828125,4066.255118967486,0.07,34.01950902447341,tp
2026-07-15 14:20:00+00:00,2026-07-15 14:25:00+00:00,sell,4069.77490234375,4064.531623938488,0.07,36.28294883683482,tp
2026-07-15 14:25:00+00:00,2026-07-15 14:30:00+00:00,sell,4063.875,4067.437668061235,0.08,-28.981344489879557,sl
2026-07-15 14:35:00+00:00,2026-07-15 14:40:00+00:00,sell,4069.27490234375,4064.532411562467,0.08,37.459926250262946,tp
2026-07-15 14:40:00+00:00,2026-07-15 14:45:00+00:00,sell,4068.97509765625,4064.1616056458047,0.09,42.78142809400784,tp
2026-07-15 14:45:00+00:00,2026-07-15 14:55:00+00:00,sell,4063.675048828125,4067.253399767493,0.1,-36.383509393681926,sl
2026-07-15 15:00:00+00:00,2026-07-15 15:05:00+00:00,sell,4067.27490234375,4062.3735341136617,0.09,43.57231407079504,tp
2026-07-15 15:05:00+00:00,2026-07-15 15:10:00+00:00,sell,4065.375,4060.579820059965,0.11,52.08697934038295,tp
2026-07-15 15:10:00+00:00,2026-07-15 15:15:00+00:00,sell,4060.574951171875,4055.0318010832198,0.1,54.831500886552384,tp
2026-07-15 15:45:00+00:00,2026-07-15 16:00:00+00:00,sell,4055.875,4051.6881267950534,0.16,66.02997127914482,tp
2026-07-15 16:15:00+00:00,2026-07-15 16:20:00+00:00,buy,4044.72509765625,4041.5485087899683,0.17,-55.02201072678875,sl
2026-07-15 16:25:00+00:00,2026-07-15 16:30:00+00:00,buy,4042.125,4038.982054414743,0.15,-48.044183778857494,sl
2026-07-15 16:35:00+00:00,2026-07-15 16:40:00+00:00,buy,4037.324951171875,4034.1315280329763,0.13,-42.294500805682475,sl
2026-07-15 16:45:00+00:00,2026-07-15 16:50:00+00:00,buy,4034.925048828125,4040.033939679201,0.11,55.537799361836136,tp
2026-07-15 16:50:00+00:00,2026-07-15 16:55:00+00:00,buy,4041.925048828125,4038.4320190968087,0.13,-46.18938650711132,sl
2026-07-15 17:00:00+00:00,2026-07-15 17:05:00+00:00,buy,4040.52490234375,4045.343369486866,0.12,57.10160571739041,tp
2026-07-15 17:05:00+00:00,2026-07-15 17:15:00+00:00,buy,4044.72509765625,4041.527876102033,0.14,-45.60110175903615,sl
2026-07-15 17:20:00+00:00,2026-07-15 17:25:00+00:00,buy,4042.324951171875,4046.286610309343,0.14,54.62322792455067,tp
2026-07-15 17:25:00+00:00,2026-07-15 17:30:00+00:00,buy,4044.72509765625,4049.449857189972,0.14,65.3066334721099,tp
2026-07-15 17:35:00+00:00,2026-07-15 17:40:00+00:00,sell,4061.27490234375,4064.979297702164,0.14,-52.70153501779428,sl
2026-07-15 17:45:00+00:00,2026-07-15 18:00:00+00:00,sell,4068.97509765625,4072.6952840414306,0.13,-49.14242300734739,sl
2026-07-15 18:05:00+00:00,2026-07-15 18:20:00+00:00,sell,4074.574951171875,4078.0429883668494,0.12,-42.33644633969263,sl
2026-07-15 18:25:00+00:00,2026-07-15 18:30:00+00:00,sell,4077.875,4080.9761639713247,0.12,-37.93396765589634,sl
2026-07-15 18:35:00+00:00,2026-07-15 18:40:00+00:00,sell,4079.574951171875,4074.9451794777237,0.11,50.26748863566385,tp
2026-07-15 18:40:00+00:00,2026-07-15 18:45:00+00:00,sell,4077.77490234375,4073.347117786944,0.13,56.78119923847564,tp
2026-07-15 18:45:00+00:00,2026-07-15 18:50:00+00:00,sell,4074.875,4070.4542533841013,0.14,61.05045262258151,tp
2026-07-15 18:50:00+00:00,2026-07-15 18:55:00+00:00,sell,4071.574951171875,4067.472286526638,0.18,72.7679636142647,tp
2026-07-15 18:55:00+00:00,2026-07-15 19:00:00+00:00,sell,4070.47509765625,4066.168104052253,0.19,80.69287847594192,tp
2026-07-15 19:00:00+00:00,2026-07-15 19:10:00+00:00,sell,4066.175048828125,4069.300756243768,0.21,-66.89985572850016,sl
2026-07-15 19:15:00+00:00,2026-07-15 19:20:00+00:00,sell,4068.074951171875,4063.9759536489673,0.21,84.81894798106099,tp
2026-07-15 19:20:00+00:00,2026-07-15 19:30:00+00:00,sell,4063.77490234375,4059.7110869124385,0.24,96.09157035147524,tp
2026-07-15 19:30:00+00:00,2026-07-15 19:35:00+00:00,sell,4063.675048828125,4059.132161921523,0.22,98.62351194523916,tp
2026-07-15 19:40:00+00:00,2026-07-15 19:45:00+00:00,sell,4057.375,4060.3776706785557,0.24,-73.50409628533583,sl
2026-07-15 19:50:00+00:00,2026-07-15 19:55:00+00:00,sell,4059.574951171875,4062.327530498907,0.27,-75.93964182986349,sl
2026-07-15 20:00:00+00:00,2026-07-15 20:15:00+00:00,sell,4063.574951171875,4066.246358585151,0.27,-73.74800015845278,sl
2026-07-15 20:20:00+00:00,2026-07-15 20:25:00+00:00,sell,4065.675048828125,4067.8478707212907,0.31,-69.21747868813814,sl
2026-07-15 20:30:00+00:00,2026-07-15 22:00:00+00:00,sell,4068.175048828125,4070.0739210744086,0.32,-62.68391188107664,sl
2026-07-16 07:05:00+00:00,2026-07-16 07:10:00+00:00,buy,4034.324951171875,4032.335085928288,0.12,-24.5983829230415,sl
2026-07-16 07:15:00+00:00,2026-07-16 07:25:00+00:00,buy,4031.324951171875,4029.2978929271085,0.12,-25.044698937198262,sl
2026-07-16 07:30:00+00:00,2026-07-16 07:40:00+00:00,buy,4029.22509765625,4031.775274909237,0.13,32.372304288830236,tp
2026-07-16 07:40:00+00:00,2026-07-16 07:45:00+00:00,buy,4030.125,4032.66373426516,0.13,32.223545447082614,tp
2026-07-16 07:45:00+00:00,2026-07-16 07:50:00+00:00,buy,4031.52490234375,4034.428472040222,0.12,34.122836357664056,tp
2026-07-16 07:50:00+00:00,2026-07-16 07:55:00+00:00,buy,4035.824951171875,4033.606106996552,0.13,-29.624974279196778,sl
2026-07-16 08:00:00+00:00,2026-07-16 08:10:00+00:00,buy,4035.625,4033.3054270937296,0.11,-26.175301968974654,sl
2026-07-16 08:15:00+00:00,2026-07-16 08:20:00+00:00,buy,4030.925048828125,4034.023816543089,0.1,30.387677149641966,tp
2026-07-16 08:20:00+00:00,2026-07-16 08:25:00+00:00,buy,4034.125,4037.1779261602605,0.12,35.91511392312648,tp
2026-07-16 08:25:00+00:00,2026-07-16 08:30:00+00:00,buy,4036.52490234375,4039.454105015976,0.14,40.16883741116377,tp
2026-07-16 08:30:00+00:00,2026-07-16 08:35:00+00:00,buy,4037.125,4040.0069756492626,0.16,45.15161038820137,tp
2026-07-16 08:35:00+00:00,2026-07-16 08:45:00+00:00,buy,4037.425048828125,4040.362100250194,0.18,51.78692559724361,tp
2026-07-16 09:35:00+00:00,2026-07-16 09:40:00+00:00,buy,4037.324951171875,4039.829922485841,0.24,58.67931153518526,tp
2026-07-16 10:05:00+00:00,2026-07-16 10:20:00+00:00,buy,4036.824951171875,4039.4675609598967,0.26,67.1478544885635,tp
2026-07-16 10:40:00+00:00,2026-07-16 10:55:00+00:00,buy,4037.324951171875,4035.485885479652,0.31,-58.871036458909984,sl
2026-07-16 11:00:00+00:00,2026-07-16 11:05:00+00:00,buy,4035.324951171875,4033.5316011031787,0.29,-53.74715199219348,sl
2026-07-16 11:10:00+00:00,2026-07-16 11:15:00+00:00,buy,4034.324951171875,4032.524967710554,0.26,-48.35956999434762,sl
2026-07-16 11:20:00+00:00,2026-07-16 11:25:00+00:00,buy,4031.52490234375,4029.702859644608,0.22,-41.40493938112406,sl
2026-07-16 11:30:00+00:00,2026-07-16 11:35:00+00:00,buy,4029.52490234375,4032.8039096441585,0.15,48.28510950612699,tp
2026-07-16 11:35:00+00:00,2026-07-16 11:40:00+00:00,buy,4035.125,4038.370139660354,0.17,54.14737422602137,tp
2026-07-16 12:05:00+00:00,2026-07-16 12:10:00+00:00,sell,4048.074951171875,4042.04251357788,0.1,59.724375939949276,tp
2026-07-16 12:25:00+00:00,2026-07-16 12:30:00+00:00,buy,4025.52490234375,4033.166266613137,0.09,68.23227842448246,tp
2026-07-16 12:30:00+00:00,2026-07-16 12:35:00+00:00,buy,4030.425048828125,4024.852816139146,0.1,-56.32232688979057,sl
2026-07-16 12:40:00+00:00,2026-07-16 12:45:00+00:00,buy,4020.02490234375,4014.0319071170834,0.08,-48.42396181333286,sl
2026-07-16 12:50:00+00:00,2026-07-16 12:55:00+00:00,buy,4003.72509765625,3997.8432518144705,0.08,-47.53476673423618,sl
2026-07-16 13:00:00+00:00,2026-07-16 13:05:00+00:00,buy,3996.425048828125,3989.723744513911,0.06,-40.567825885285274,sl
2026-07-16 13:10:00+00:00,2026-07-16 13:15:00+00:00,buy,3987.625,3997.7052852825564,0.05,50.101426412781805,tp
2026-07-16 13:15:00+00:00,2026-07-16 13:25:00+00:00,buy,3996.425048828125,4005.6966411250905,0.06,55.26955378179322,tp
2026-07-16 13:25:00+00:00,2026-07-16 13:30:00+00:00,buy,4002.824951171875,4011.625830193332,0.08,69.92703217165719,tp
2026-07-16 13:30:00+00:00,2026-07-16 13:35:00+00:00,buy,4010.22509765625,4003.7109113917695,0.08,-52.593490115843885,sl
2026-07-16 13:40:00+00:00,2026-07-16 13:45:00+00:00,buy,3987.22509765625,3996.354557410065,0.08,72.55567803051919,tp
2026-07-16 13:45:00+00:00,2026-07-16 13:50:00+00:00,buy,3990.22509765625,3999.0086177241396,0.09,78.51168061100675,tp
2026-07-16 13:50:00+00:00,2026-07-16 14:25:00+00:00,buy,3995.824951171875,4004.092680282796,0.11,90.2850202201333,tp
2026-07-16 14:25:00+00:00,2026-07-16 14:30:00+00:00,buy,3996.52490234375,4003.9066103654914,0.14,102.50391230437906,tp
2026-07-16 14:30:00+00:00,2026-07-16 14:55:00+00:00,buy,4003.425048828125,3998.210847561397,0.14,-73.83881773419475,sl
2026-07-16 15:00:00+00:00,2026-07-16 15:05:00+00:00,buy,4002.324951171875,3997.86011005351,0.16,-72.39745789383683,sl
2026-07-16 15:10:00+00:00,2026-07-16 15:20:00+00:00,buy,3999.324951171875,4005.439903936066,0.16,96.87924422705605,tp
2026-07-16 15:20:00+00:00,2026-07-16 15:25:00+00:00,buy,4002.824951171875,4009.370866603992,0.16,103.77464691387199,tp
2026-07-16 15:25:00+00:00,2026-07-16 15:35:00+00:00,buy,4012.625,4019.541460041168,0.15,102.84690061752289,tp
2026-07-16 16:00:00+00:00,2026-07-16 16:05:00+00:00,buy,4011.52490234375,4007.4785066460245,0.18,-73.91512255905953,sl
2026-07-16 16:10:00+00:00,2026-07-16 16:15:00+00:00,buy,4003.425048828125,3999.3391631776667,0.18,-74.6259417082493,sl
2026-07-16 16:20:00+00:00,2026-07-16 16:50:00+00:00,buy,3992.02490234375,3997.8937111141,0.18,104.55855786629847,tp
2026-07-16 16:50:00+00:00,2026-07-16 16:55:00+00:00,buy,3995.625,4000.0263605932623,0.24,104.1926542382958,tp
2026-07-16 16:55:00+00:00,2026-07-16 17:00:00+00:00,buy,3999.02490234375,3995.868675685004,0.24,-77.18943980990792,sl
2026-07-16 17:05:00+00:00,2026-07-16 17:10:00+00:00,buy,3995.52490234375,3992.618053122153,0.26,-77.13807976152162,sl
2026-07-16 17:15:00+00:00,2026-07-16 17:25:00+00:00,buy,3990.425048828125,3987.653237635014,0.27,-76.45890221399179,sl
2026-07-16 17:30:00+00:00,2026-07-16 17:35:00+00:00,buy,3992.22509765625,3989.3208322766627,0.26,-77.07089986926945,sl
2026-07-16 17:40:00+00:00,2026-07-16 17:50:00+00:00,buy,3987.02490234375,3990.944829098502,0.26,100.35809562355047,tp
2026-07-16 17:50:00+00:00,2026-07-16 18:10:00+00:00,buy,3989.925048828125,3993.77823825725,0.27,102.41611458637487,tp
2026-07-16 18:10:00+00:00,2026-07-16 18:15:00+00:00,buy,3992.72509765625,3990.094506972427,0.29,-78.02712983086415,sl
2026-07-16 18:20:00+00:00,2026-07-16 18:30:00+00:00,buy,3992.824951171875,3990.1811668776922,0.29,-78.40974453129978,sl
2026-07-16 18:35:00+00:00,2026-07-16 18:40:00+00:00,buy,3983.72509765625,3987.433201889142,0.28,102.14691852097197,tp
2026-07-16 18:40:00+00:00,2026-07-16 18:45:00+00:00,buy,3983.125,3987.066017809131,0.27,104.78748084654114,tp
2026-07-16 18:45:00+00:00,2026-07-16 18:50:00+00:00,buy,3987.625,3984.9027569845853,0.28,-77.90280443161255,sl
2026-07-16 18:55:00+00:00,2026-07-16 19:00:00+00:00,buy,3985.625,3989.1934439275756,0.29,101.74487389969158,tp
2026-07-16 19:00:00+00:00,2026-07-16 19:05:00+00:00,buy,3985.02490234375,3988.868904659107,0.27,102.16806251464175,tp
2026-07-16 19:05:00+00:00,2026-07-16 19:10:00+00:00,buy,3989.425048828125,3986.670851396613,0.28,-78.79752808232998,sl
2026-07-16 19:15:00+00:00,2026-07-16 19:20:00+00:00,buy,3984.925048828125,3988.52629551242,0.29,102.69615384455187,tp
2026-07-16 19:20:00+00:00,2026-07-16 19:25:00+00:00,buy,3987.52490234375,3984.918971533796,0.29,-77.31199348866197,sl
2026-07-16 19:30:00+00:00,2026-07-16 19:35:00+00:00,buy,3983.925048828125,3981.331794651704,0.3,-79.59762529262825,sl
2026-07-16 19:40:00+00:00,2026-07-16 19:50:00+00:00,buy,3979.425048828125,3983.067358689809,0.29,103.88698598884253,tp
2026-07-16 19:50:00+00:00,2026-07-16 19:55:00+00:00,buy,3979.625,3983.8152835304845,0.25,103.25708826211303,tp
2026-07-16 19:55:00+00:00,2026-07-16 20:00:00+00:00,buy,3986.22509765625,3983.142838352526,0.25,-78.55648259310465,sl
2026-07-16 20:05:00+00:00,2026-07-16 20:10:00+00:00,buy,3982.324951171875,3979.496054183744,0.27,-78.00021867953603,sl
2026-07-16 20:15:00+00:00,2026-07-16 20:20:00+00:00,buy,3979.02490234375,3976.5073724080817,0.3,-77.32589807005006,sl
2026-07-16 20:25:00+00:00,2026-07-16 20:35:00+00:00,buy,3977.125,3980.2611989618945,0.33,101.5145657425178,tp
2026-07-16 20:35:00+00:00,2026-07-16 22:00:00+00:00,buy,3979.324951171875,3982.039075510198,0.39,103.51084919459768,tp
2026-07-16 22:00:00+00:00,2026-07-16 22:20:00+00:00,buy,3980.22509765625,3978.4005104123544,0.43,-81.03725148751171,sl
2026-07-17 07:05:00+00:00,2026-07-17 07:10:00+00:00,sell,4004.97509765625,4000.352007629077,0.07,31.941630190211143,tp
2026-07-17 07:10:00+00:00,2026-07-17 07:15:00+00:00,sell,3998.97509765625,4002.163438560839,0.09,-29.235068141301362,sl
2026-07-17 07:20:00+00:00,2026-07-17 08:00:00+00:00,sell,4000.875,4003.7937166822244,0.08,-23.829733457795083,sl_and_tp_same_bar
2026-07-17 08:05:00+00:00,2026-07-17 08:10:00+00:00,sell,4002.675048828125,3999.1023295947043,0.1,35.127192334206846,tp
2026-07-17 08:10:00+00:00,2026-07-17 08:15:00+00:00,sell,4001.27490234375,3997.4272240602018,0.09,34.089104551934234,tp
2026-07-17 08:50:00+00:00,2026-07-17 09:00:00+00:00,sell,4001.97509765625,3997.6847367748014,0.1,42.30360881448578,tp
2026-07-17 09:10:00+00:00,2026-07-17 09:15:00+00:00,sell,3999.574951171875,4002.3262855548005,0.12,-33.736012595106075,sl
2026-07-17 09:20:00+00:00,2026-07-17 09:25:00+00:00,sell,3999.875,4002.6739905510917,0.11,-31.448896062008917,sl
2026-07-17 09:30:00+00:00,2026-07-17 09:45:00+00:00,sell,4003.27490234375,3999.3760071041033,0.1,38.38895239646663,tp
2026-07-17 09:45:00+00:00,2026-07-17 09:50:00+00:00,sell,3999.77490234375,4002.248799824402,0.13,-32.94066724847451,sl
2026-07-17 09:55:00+00:00,2026-07-17 10:35:00+00:00,sell,4001.175048828125,3998.030427067632,0.12,37.01546112591612,tp
2026-07-17 10:35:00+00:00,2026-07-17 10:50:00+00:00,sell,3999.77490234375,3997.0672838677797,0.16,42.361895615525135,tp
2026-07-17 10:50:00+00:00,2026-07-17 10:55:00+00:00,sell,3998.77490234375,3995.911749711022,0.17,47.653594756377494,tp
2026-07-17 11:30:00+00:00,2026-07-17 11:35:00+00:00,sell,3999.675048828125,3996.7116478562793,0.19,55.164618465067505,tp
2026-07-17 11:55:00+00:00,2026-07-17 12:00:00+00:00,sell,4002.574951171875,3999.1350326315865,0.19,64.21845226548236,tp
2026-07-17 12:25:00+00:00,2026-07-17 12:30:00+00:00,buy,3988.925048828125,3986.1289691107895,0.19,-54.265514629374266,sl
2026-07-17 12:35:00+00:00,2026-07-17 12:40:00+00:00,buy,3985.425048828125,3982.3134899237707,0.15,-47.57338356531445,sl
2026-07-17 12:45:00+00:00,2026-07-17 12:50:00+00:00,buy,3973.125,3969.186634818785,0.11,-43.98201699336474,sl
2026-07-17 12:55:00+00:00,2026-07-17 13:00:00+00:00,buy,3973.02490234375,3968.787633572915,0.09,-38.67541893751335,sl_and_tp_same_bar
2026-07-17 13:05:00+00:00,2026-07-17 13:10:00+00:00,buy,3978.125,3973.2962852239343,0.07,-34.22100343245977,sl
2026-07-17 13:15:00+00:00,2026-07-17 13:30:00+00:00,buy,3973.625,3969.1627349640326,0.07,-31.65585525177214,sl
2026-07-17 13:35:00+00:00,2026-07-17 13:40:00+00:00,buy,3969.22509765625,3979.588249089493,0.03,30.90945429972846,tp
2026-07-17 14:00:00+00:00,2026-07-17 14:20:00+00:00,sell,4000.574951171875,4007.0320964985603,0.04,-26.068581306741397,sl
2026-07-17 14:25:00+00:00,2026-07-17 14:30:00+00:00,sell,4006.675048828125,3998.805300270803,0.05,39.048742786610276,tp
2026-07-17 14:30:00+00:00,2026-07-17 15:00:00+00:00,sell,4002.675048828125,4007.9552329772164,0.06,-32.0411048945483,sl
2026-07-17 15:05:00+00:00,2026-07-17 15:10:00+00:00,sell,4016.675048828125,4008.721301469213,0.05,39.468736794560485,tp
2026-07-17 15:10:00+00:00,2026-07-17 15:30:00+00:00,sell,4012.675048828125,4018.3237656181354,0.05,-28.5435839500522,sl
2026-07-17 15:35:00+00:00,2026-07-17 15:40:00+00:00,sell,4015.375,4020.24835359785,0.06,-29.600121587099565,sl
2026-07-17 15:45:00+00:00,2026-07-17 15:50:00+00:00,sell,4020.175048828125,4024.5625938812045,0.06,-26.685270318477123,sl
2026-07-17 15:55:00+00:00,2026-07-17 16:00:00+00:00,sell,4025.375,4019.7319114797806,0.06,33.49853112131645,tp
2026-07-17 16:00:00+00:00,2026-07-17 16:20:00+00:00,sell,4024.27490234375,4028.420583523488,0.06,-25.23408707842769,sl
2026-07-17 16:25:00+00:00,2026-07-17 16:30:00+00:00,sell,4028.27490234375,4023.1318366893847,0.07,35.58145958055691,tp
2026-07-17 16:30:00+00:00,2026-07-17 16:35:00+00:00,sell,4023.675048828125,4018.7543919276754,0.08,38.885255203596465,tp
2026-07-17 16:35:00+00:00,2026-07-17 16:45:00+00:00,sell,4020.875,4024.203276243871,0.1,-33.88276243871187,sl
2026-07-17 16:50:00+00:00,2026-07-17 16:55:00+00:00,sell,4025.175048828125,4020.664907093068,0.09,40.05127561551304,tp
2026-07-17 16:55:00+00:00,2026-07-17 17:00:00+00:00,sell,4020.77490234375,4023.7459920476163,0.11,-33.3419867425288,sl
2026-07-17 17:05:00+00:00,2026-07-17 17:15:00+00:00,sell,4021.675048828125,4017.8958645846856,0.11,40.911026677833746,tp
2026-07-17 17:15:00+00:00,2026-07-17 17:25:00+00:00,sell,4017.97509765625,4020.6636195267147,0.13,-35.73078431604088,sl
2026-07-17 17:30:00+00:00,2026-07-17 17:35:00+00:00,sell,4018.574951171875,4015.180766436373,0.12,40.010216826026664,tp
2026-07-17 17:35:00+00:00,2026-07-17 17:50:00+00:00,sell,4016.875,4013.566045755273,0.14,45.48535942617688,tp
2026-07-17 17:50:00+00:00,2026-07-17 17:55:00+00:00,sell,4017.77490234375,4014.52356229309,0.17,54.25278086122033,tp
2026-07-17 17:55:00+00:00,2026-07-17 18:00:00+00:00,sell,4013.97509765625,4016.2428836264926,0.2,-46.5557194048517,sl
2026-07-17 18:05:00+00:00,2026-07-17 18:10:00+00:00,sell,4014.375,4016.6049521218156,0.18,-41.219138192680546,sl
2026-07-17 18:15:00+00:00,2026-07-17 18:20:00+00:00,sell,4015.175048828125,4017.4330861301773,0.16,-37.0885968328375,sl
2026-07-17 18:25:00+00:00,2026-07-17 18:30:00+00:00,sell,4017.27490234375,4019.583913642986,0.14,-33.16615818930208,sl
2026-07-17 18:35:00+00:00,2026-07-17 18:40:00+00:00,sell,4017.875,4014.858540628902,0.13,38.43397182427245,tp
2026-07-17 18:40:00+00:00,2026-07-17 18:45:00+00:00,sell,4016.47509765625,4013.289511253382,0.14,43.75820964015217,tp
2026-07-17 18:45:00+00:00,2026-07-17 18:55:00+00:00,sell,4012.97509765625,4015.1808691924903,0.17,-38.51811611608448,sl
2026-07-17 19:00:00+00:00,2026-07-17 19:05:00+00:00,sell,4016.27490234375,4013.356172271405,0.16,45.73968115752272,tp
2026-07-17 19:05:00+00:00,2026-07-17 19:10:00+00:00,sell,4012.675048828125,4009.7781552914676,0.18,51.064083659834,tp
2026-07-17 19:10:00+00:00,2026-07-17 19:20:00+00:00,sell,4009.97509765625,4007.2291115390635,0.22,59.09169457810247,tp
2026-07-17 19:20:00+00:00,2026-07-17 19:25:00+00:00,sell,4010.675048828125,4007.8972208181603,0.25,67.94570024911627,tp
2026-07-17 19:25:00+00:00,2026-07-17 19:30:00+00:00,sell,4007.175048828125,4009.2172383449933,0.29,-60.96349598918208,sl
2026-07-17 19:35:00+00:00,2026-07-17 19:40:00+00:00,sell,4010.574951171875,4012.5773107596838,0.26,-53.621349283027996,sl
2026-07-17 19:45:00+00:00,2026-07-17 19:50:00+00:00,sell,4014.77490234375,4016.7761525209544,0.23,-47.40875407570082,sl
2026-07-17 19:55:00+00:00,2026-07-17 20:00:00+00:00,sell,4019.97509765625,4017.231015295142,0.2,53.681647222164244,tp
2026-07-17 20:00:00+00:00,2026-07-17 20:05:00+00:00,sell,4019.77490234375,4017.017358438081,0.23,62.043509830388864,tp
2026-07-17 20:05:00+00:00,2026-07-17 20:15:00+00:00,sell,4018.375,4015.7617952817536,0.27,68.93652739265224,tp
2026-07-17 20:15:00+00:00,2026-07-17 20:20:00+00:00,sell,4016.77490234375,4014.234399714753,0.32,79.37608412789821,tp
2026-07-17 20:20:00+00:00,2026-07-17 20:25:00+00:00,sell,4013.97509765625,4015.7761619356424,0.39,-72.58150689630551,sl
2026-07-17 20:30:00+00:00,2026-07-17 20:40:00+00:00,sell,4015.574951171875,4017.3183317271464,0.36,-64.92169998977093,sl
2026-07-17 20:45:00+00:00,2026-07-17 20:50:00+00:00,sell,4017.574951171875,4019.4085748552807,0.3,-56.808710502170285,sl
2026-07-17 20:55:00+00:00,2026-07-19 22:10:00+00:00,sell,4020.574951171875,4017.9381127594047,0.25,64.42096031175743,tp
2026-07-19 22:10:00+00:00,2026-07-19 22:20:00+00:00,sell,4000.875,4004.1237366730384,0.1,-33.08736673038366,sl
2026-07-20 07:05:00+00:00,2026-07-20 07:10:00+00:00,buy,4009.52490234375,4007.4874501038353,0.13,-27.266879118891467,sl
2026-07-20 07:15:00+00:00,2026-07-20 07:20:00+00:00,buy,4008.824951171875,4011.377039940304,0.14,34.889242758003235,tp
2026-07-20 07:20:00+00:00,2026-07-20 07:25:00+00:00,buy,4008.02490234375,4010.91605180243,0.12,33.97379350416057,tp
2026-07-20 07:40:00+00:00,2026-07-20 07:45:00+00:00,sell,4020.875,4023.61465591772,0.11,-30.796215094920317,sl
2026-07-20 07:50:00+00:00,2026-07-20 08:00:00+00:00,sell,4022.27490234375,4024.9749921636153,0.1,-27.600898198652978,sl
2026-07-20 08:05:00+00:00,2026-07-20 08:15:00+00:00,sell,4027.675048828125,4030.576817829938,0.09,-26.655921016318224,sl
2026-07-20 08:20:00+00:00,2026-07-20 08:25:00+00:00,sell,4030.074951171875,4033.262968698759,0.08,-25.984140215070948,sl
2026-07-20 08:30:00+00:00,2026-07-20 08:50:00+00:00,sell,4026.574951171875,4022.028156503044,0.08,35.89435735064719,tp
2026-07-20 08:50:00+00:00,2026-07-20 09:05:00+00:00,sell,4026.47509765625,4022.478500437937,0.09,35.429374964818145,tp
2026-07-20 09:05:00+00:00,2026-07-20 09:10:00+00:00,sell,4022.77490234375,4025.3702551054707,0.1,-26.55352761720733,sl
2026-07-20 09:15:00+00:00,2026-07-20 09:25:00+00:00,sell,4023.47509765625,4020.179212450961,0.1,32.358852052888686,tp
2026-07-20 09:25:00+00:00,2026-07-20 09:30:00+00:00,sell,4023.574951171875,4020.448124956222,0.11,33.735088372185004,tp
2026-07-20 09:30:00+00:00,2026-07-20 09:35:00+00:00,sell,4020.175048828125,4022.5388817527246,0.13,-31.509828019794696,sl
2026-07-20 09:40:00+00:00,2026-07-20 09:45:00+00:00,sell,4024.175048828125,4026.3139267387132,0.12,-26.38653492705882,sl
2026-07-20 09:50:00+00:00,2026-07-20 09:55:00+00:00,sell,4027.375,4024.158235965529,0.11,34.72440437918098,tp
2026-07-20 09:55:00+00:00,2026-07-20 10:20:00+00:00,sell,4025.27490234375,4027.5147032476943,0.12,-27.597610847332106,sl
2026-07-20 10:25:00+00:00,2026-07-20 10:30:00+00:00,sell,4025.574951171875,4027.482746793715,0.14,-27.549138705757144,sl
2026-07-20 10:35:00+00:00,2026-07-20 10:50:00+00:00,sell,4027.27490234375,4029.104847131654,0.14,-26.45922703065557,sl
2026-07-20 10:55:00+00:00,2026-07-20 11:00:00+00:00,sell,4029.375,4031.190133004657,0.14,-26.251862065199788,sl
2026-07-20 11:05:00+00:00,2026-07-20 11:10:00+00:00,sell,4029.074951171875,4026.4797170751694,0.13,32.95804325717219,tp
2026-07-20 11:10:00+00:00,2026-07-20 11:25:00+00:00,sell,4027.47509765625,4024.858538001605,0.13,33.23527551038225,tp
2026-07-20 11:25:00+00:00,2026-07-20 11:30:00+00:00,sell,4025.675048828125,4027.556673407354,0.14,-27.182744109207164,sl
2026-07-20 11:35:00+00:00,2026-07-20 11:40:00+00:00,sell,4041.77490234375,4036.762373546985,0.07,34.66770157735398,tp
2026-07-20 11:40:00+00:00,2026-07-20 11:45:00+00:00,sell,4037.27490234375,4032.4313715271787,0.07,33.48471571599892,tp
2026-07-20 11:45:00+00:00,2026-07-20 11:50:00+00:00,sell,4037.47509765625,4032.5620258964714,0.08,38.824574078229055,tp
2026-07-20 11:50:00+00:00,2026-07-20 12:00:00+00:00,sell,4032.27490234375,4027.64957934465,0.09,41.08790699189827,tp
2026-07-20 12:00:00+00:00,2026-07-20 12:05:00+00:00,sell,4029.875,4024.3983643796346,0.09,48.74972058328873,tp
2026-07-20 12:25:00+00:00,2026-07-20 12:30:00+00:00,buy,4011.824951171875,4017.335632581543,0.1,54.50681409667995,tp
2026-07-20 12:45:00+00:00,2026-07-20 13:30:00+00:00,buy,4013.925048828125,4018.9695210477107,0.13,64.79813885461428,tp
2026-07-20 13:30:00+00:00,2026-07-20 13:35:00+00:00,buy,4013.22509765625,4017.6452391843227,0.17,74.12240597723574,tp
2026-07-20 13:55:00+00:00,2026-07-20 14:00:00+00:00,buy,4013.824951171875,4010.432650598201,0.18,-62.141410326135954,sl
2026-07-20 14:05:00+00:00,2026-07-20 14:10:00+00:00,buy,4008.125,4004.6403161107733,0.16,-56.71494222762791,sl
2026-07-20 14:15:00+00:00,2026-07-20 14:25:00+00:00,buy,4002.72509765625,4007.4517145516534,0.14,65.33263653564714,tp
2026-07-20 14:25:00+00:00,2026-07-20 14:30:00+00:00,buy,4006.625,4011.168097497617,0.17,76.21265745948993,tp
2026-07-20 14:30:00+00:00,2026-07-20 14:45:00+00:00,buy,4010.925048828125,4015.3017391854346,0.2,86.33380714619197,tp
2026-07-20 14:45:00+00:00,2026-07-20 14:50:00+00:00,buy,4011.925048828125,4016.4127780943777,0.23,101.8377731238121,tp
2026-07-20 14:55:00+00:00,2026-07-20 15:00:00+00:00,buy,4012.72509765625,4009.654576603297,0.26,-81.39354737678201,sl
2026-07-20 15:10:00+00:00,2026-07-20 15:15:00+00:00,sell,4023.675048828125,4018.165267149558,0.19,103.54585189277155,tp
2026-07-20 16:10:00+00:00,2026-07-20 16:15:00+00:00,sell,4021.77490234375,4018.022620762625,0.3,110.76844743374586,tp
2026-07-20 16:35:00+00:00,2026-07-20 16:40:00+00:00,buy,4013.925048828125,4011.731966979194,0.37,-83.36402841044284,sl
2026-07-20 16:50:00+00:00,2026-07-20 17:20:00+00:00,buy,4012.824951171875,4016.5130847403784,0.3,108.84400705510252,tp
2026-07-20 17:20:00+00:00,2026-07-20 17:40:00+00:00,buy,4014.625,4012.4771264228857,0.38,-83.89919593034327,sl
2026-07-20 17:45:00+00:00,2026-07-20 17:50:00+00:00,buy,4012.02490234375,4010.1263086408885,0.44,-86.17812292590556,sl
2026-07-20 17:55:00+00:00,2026-07-20 18:00:00+00:00,buy,4009.125,4011.420653202099,0.48,107.31135370074946,tp
2026-07-20 18:00:00+00:00,2026-07-20 18:05:00+00:00,buy,4009.52490234375,4011.989813504319,0.45,108.22100222560702,tp
2026-07-20 18:05:00+00:00,2026-07-20 18:10:00+00:00,buy,4011.72509765625,4014.1686814693685,0.45,107.26127159033221,tp
2026-07-20 18:10:00+00:00,2026-07-20 18:15:00+00:00,buy,4014.22509765625,4012.4000309149205,0.46,-86.7130701011554,sl
2026-07-20 18:20:00+00:00,2026-07-20 18:25:00+00:00,buy,4012.72509765625,4010.572223741374,0.38,-84.0892087652949,sl
2026-07-20 18:30:00+00:00,2026-07-20 19:10:00+00:00,buy,4011.324951171875,4009.2517118133123,0.4,-85.32957434250639,sl
2026-07-20 19:15:00+00:00,2026-07-20 19:20:00+00:00,buy,4008.925048828125,4011.429787671242,0.44,107.56850909715409,tp
2026-07-20 19:20:00+00:00,2026-07-20 19:25:00+00:00,buy,4012.925048828125,4015.3431499661183,0.46,108.47265234769132,tp
2026-07-20 19:25:00+00:00,2026-07-20 19:30:00+00:00,buy,4012.52490234375,4015.335935048761,0.4,110.0413082004321,tp
2026-07-20 19:45:00+00:00,2026-07-20 19:50:00+00:00,buy,4010.125,4013.7194788987254,0.32,113.10332475921139,tp
2026-07-21 07:05:00+00:00,2026-07-21 07:10:00+00:00,sell,4082.074951171875,4078.520398818719,0.1,34.94552353155941,tp
2026-07-21 07:10:00+00:00,2026-07-21 07:15:00+00:00,sell,4079.175048828125,4075.6671093147647,0.12,41.375274160323244,tp
2026-07-21 07:15:00+00:00,2026-07-21 07:25:00+00:00,sell,4076.47509765625,4073.1515500780047,0.15,48.953213673679876,tp
2026-07-21 07:25:00+00:00,2026-07-21 07:30:00+00:00,sell,4075.175048828125,4077.4679369927685,0.18,-42.351986963583,sl
2026-07-21 07:35:00+00:00,2026-07-21 07:55:00+00:00,sell,4077.875,4074.585524386585,0.15,48.4421342012266,tp
2026-07-21 07:55:00+00:00,2026-07-21 08:00:00+00:00,sell,4074.675048828125,4076.6444249894757,0.22,-44.64627554971623,sl_and_tp_same_bar
2026-07-21 08:05:00+00:00,2026-07-21 08:15:00+00:00,sell,4070.97509765625,4073.2651517403588,0.16,-37.60086534574017,sl
2026-07-21 08:20:00+00:00,2026-07-21 08:25:00+00:00,sell,4071.074951171875,4068.1164021291083,0.15,43.47823564149994,tp
2026-07-21 08:25:00+00:00,2026-07-21 08:45:00+00:00,sell,4068.27490234375,4065.5114873139773,0.19,51.364885565680524,tp
2026-07-21 08:45:00+00:00,2026-07-21 08:50:00+00:00,sell,4066.675048828125,4064.0249652568423,0.22,56.981838568219864,tp
2026-07-21 08:50:00+00:00,2026-07-21 08:55:00+00:00,sell,4064.375,4066.4553738064633,0.24,-51.368971355118845,sl
2026-07-21 09:00:00+00:00,2026-07-21 09:05:00+00:00,sell,4067.574951171875,4069.7323885392852,0.21,-46.566184715615016,sl
2026-07-21 09:10:00+00:00,2026-07-21 09:20:00+00:00,sell,4070.675048828125,4072.632783554924,0.2,-40.35469453598235,sl
2026-07-21 09:25:00+00:00,2026-07-21 09:30:00+00:00,sell,4071.175048828125,4068.2473896130846,0.16,45.88254744064674,tp
2026-07-21 09:30:00+00:00,2026-07-21 09:45:00+00:00,sell,4067.27490234375,4069.475653188829,0.18,-40.693515211418415,sl
2026-07-21 09:50:00+00:00,2026-07-21 09:55:00+00:00,sell,4070.675048828125,4072.990379865231,0.15,-35.6299655565871,sl
2026-07-21 10:00:00+00:00,2026-07-21 10:05:00+00:00,sell,4070.375,4067.1162153127775,0.13,41.58420093389233,tp
2026-07-21 10:05:00+00:00,2026-07-21 10:10:00+00:00,sell,4068.375,4070.687067784562,0.15,-35.58101676842707,sl
2026-07-21 10:15:00+00:00,2026-07-21 10:20:00+00:00,sell,4070.875,4073.4784652887374,0.12,-31.9615834648491,sl
2026-07-21 10:25:00+00:00,2026-07-21 10:35:00+00:00,sell,4071.675048828125,4074.055249301249,0.12,-29.28240567749046,sl
2026-07-21 10:40:00+00:00,2026-07-21 10:45:00+00:00,sell,4073.175048828125,4070.357426584201,0.13,35.849089171009126,tp
2026-07-21 10:45:00+00:00,2026-07-21 10:50:00+00:00,sell,4071.47509765625,4068.3418367635995,0.12,36.87913071180563,tp
2026-07-21 10:50:00+00:00,2026-07-21 11:00:00+00:00,sell,4067.675048828125,4064.544211002411,0.14,42.99172955999635,tp
2026-07-21 11:00:00+00:00,2026-07-21 11:05:00+00:00,sell,4067.574951171875,4064.0720333300055,0.15,51.643767628042134,tp
2026-07-21 11:25:00+00:00,2026-07-21 11:35:00+00:00,sell,4063.675048828125,4065.8681549166827,0.2,-45.0621217711534,sl
2026-07-21 11:40:00+00:00,2026-07-21 11:45:00+00:00,sell,4064.574951171875,4061.642044325348,0.18,51.712323237489656,tp
2026-07-21 12:15:00+00:00,2026-07-21 12:20:00+00:00,sell,4063.875,4066.0285595482133,0.21,-46.48475051247829,sl
2026-07-21 12:25:00+00:00,2026-07-21 12:30:00+00:00,sell,4069.47509765625,4065.8874134038047,0.15,52.915263786680136,tp
2026-07-21 12:30:00+00:00,2026-07-21 12:35:00+00:00,sell,4066.175048828125,4062.5063832832975,0.17,61.34731426206734,tp
2026-07-21 13:30:00+00:00,2026-07-21 13:35:00+00:00,buy,4055.625,4060.67426968133,0.14,69.84977553861805,tp
2026-07-21 13:45:00+00:00,2026-07-21 13:50:00+00:00,buy,4050.324951171875,4055.9222672979276,0.15,83.0597418907897,tp
2026-07-21 13:50:00+00:00,2026-07-21 14:00:00+00:00,buy,4054.425048828125,4060.075395330079,0.17,95.03589053322001,tp
2026-07-21 14:15:00+00:00,2026-07-21 14:30:00+00:00,sell,4070.375,4074.5148295760373,0.19,-79.7967619447087,sl
2026-07-21 14:35:00+00:00,2026-07-21 14:45:00+00:00,sell,4071.375,4075.2642453021163,0.18,-71.08641543809252,sl
2026-07-21 14:50:00+00:00,2026-07-21 15:10:00+00:00,sell,4074.375,4077.959813268241,0.17,-61.96182556009447,sl
2026-07-21 15:15:00+00:00,2026-07-21 15:20:00+00:00,sell,4077.77490234375,4081.0401799100464,0.17,-56.52971862703865,sl
2026-07-21 15:25:00+00:00,2026-07-21 15:30:00+00:00,sell,4082.675048828125,4085.6531602626433,0.16,-48.6097829522923,sl
2026-07-21 15:35:00+00:00,2026-07-21 15:40:00+00:00,sell,4085.27490234375,4080.9470003098177,0.14,59.75062847505266,tp
2026-07-21 15:40:00+00:00,2026-07-21 15:45:00+00:00,sell,4084.27490234375,4079.904714721634,0.16,68.96300195385906,tp
2026-07-21 15:45:00+00:00,2026-07-21 16:10:00+00:00,sell,4080.27490234375,4083.3651101400005,0.19,-59.85394812875997,sl
2026-07-21 16:15:00+00:00,2026-07-21 16:25:00+00:00,sell,4082.47509765625,4079.1238181948715,0.21,69.11686868894752,tp
2026-07-21 16:25:00+00:00,2026-07-21 16:35:00+00:00,sell,4081.77490234375,4078.5664259181062,0.26,81.86038706673793,tp
2026-07-21 16:35:00+00:00,2026-07-21 16:40:00+00:00,sell,4080.074951171875,4076.962561864947,0.31,94.62406851476739,tp
2026-07-21 16:40:00+00:00,2026-07-21 16:45:00+00:00,sell,4078.375,4075.2142626006626,0.35,108.52580897681074,tp
2026-07-21 16:45:00+00:00,2026-07-21 17:40:00+00:00,sell,4076.175048828125,4073.104421467449,0.38,114.40383970569175,tp
2026-07-21 17:40:00+00:00,2026-07-21 17:45:00+00:00,sell,4073.375,4071.211677404923,0.54,113.57942013414757,tp
2026-07-21 17:45:00+00:00,2026-07-21 18:00:00+00:00,sell,4072.27490234375,4073.8660481938223,0.56,-92.4641676040477,sl
2026-07-21 18:05:00+00:00,2026-07-21 18:10:00+00:00,sell,4072.074951171875,4073.709112869847,0.55,-93.17889338846572,sl
2026-07-21 18:15:00+00:00,2026-07-21 18:20:00+00:00,sell,4075.375,4076.9338254635604,0.57,-92.27305142294418,sl
2026-07-21 18:25:00+00:00,2026-07-21 18:30:00+00:00,sell,4085.47509765625,4087.902649737074,0.35,-87.06432282884597,sl
2026-07-21 18:35:00+00:00,2026-07-21 18:45:00+00:00,sell,4089.175048828125,4085.7234319472714,0.31,105.14012330646268,tp
2026-07-21 18:45:00+00:00,2026-07-21 19:00:00+00:00,sell,4086.77490234375,4089.0524460675147,0.38,-88.8266615030573,sl
2026-07-21 19:05:00+00:00,2026-07-21 19:10:00+00:00,sell,4088.574951171875,4085.640579351114,0.37,106.35175736815862,tp
2026-07-21 19:10:00+00:00,2026-07-21 19:15:00+00:00,sell,4085.875,4087.9036331457455,0.43,-89.8112252670572,sl
2026-07-21 19:20:00+00:00,2026-07-21 20:00:00+00:00,sell,4088.175048828125,4090.1186922207903,0.43,-86.15666588460824,sl
2026-07-21 20:05:00+00:00,2026-07-21 20:20:00+00:00,sell,4088.574951171875,4086.4143471144002,0.45,94.52718258636405,tp
2026-07-21 20:20:00+00:00,2026-07-21 20:30:00+00:00,sell,4087.875,4089.410981837387,0.56,-89.37498289368466,sl
2026-07-21 20:35:00+00:00,2026-07-21 20:40:00+00:00,sell,4087.47509765625,4085.608587305963,0.52,93.93853821493292,tp
2026-07-21 20:40:00+00:00,2026-07-21 20:45:00+00:00,sell,4086.27490234375,4084.3859384255848,0.59,107.90887117174948,tp
2026-07-21 20:45:00+00:00,2026-07-21 20:50:00+00:00,sell,4084.97509765625,4082.9346622605067,0.57,112.88481755736899,tp
2026-07-21 20:50:00+00:00,2026-07-21 22:00:00+00:00,sell,4082.375,4083.887136544624,0.59,-92.75605613281009,sl
2026-07-22 07:05:00+00:00,2026-07-22 07:15:00+00:00,buy,4117.3251953125,4120.983392112818,0.1,35.981968003183646,tp
2026-07-22 07:40:00+00:00,2026-07-22 07:45:00+00:00,buy,4119.4248046875,4116.888619911292,0.13,-33.75040209070201,sl
2026-07-22 07:50:00+00:00,2026-07-22 07:55:00+00:00,buy,4114.72509765625,4118.236722608278,0.11,37.96787447230676,tp
2026-07-22 07:55:00+00:00,2026-07-22 08:00:00+00:00,buy,4118.52490234375,4115.890733447856,0.12,-32.3300267507245,sl
2026-07-22 08:10:00+00:00,2026-07-22 08:30:00+00:00,buy,4119.4248046875,4122.914704653568,0.11,37.728899626749666,tp
2026-07-22 08:45:00+00:00,2026-07-22 08:55:00+00:00,buy,4119.22509765625,4122.017309086086,0.16,43.71538287737989,tp
2026-07-22 09:20:00+00:00,2026-07-22 09:25:00+00:00,sell,4126.0751953125,4123.371556594388,0.19,50.229135644135894,tp
2026-07-22 09:40:00+00:00,2026-07-22 09:55:00+00:00,buy,4118.72509765625,4121.9852212488095,0.19,60.80234825862986,tp
2026-07-22 09:55:00+00:00,2026-07-22 10:00:00+00:00,buy,4119.72509765625,4122.855555708808,0.23,70.62053520884376,tp
2026-07-22 10:00:00+00:00,2026-07-22 10:15:00+00:00,buy,4119.3251953125,4122.741592291384,0.24,80.55352749322134,tp
2026-07-22 11:45:00+00:00,2026-07-22 11:50:00+00:00,buy,4119.625,4122.866324112398,0.3,95.43972337193118,tp
2026-07-22 12:00:00+00:00,2026-07-22 12:05:00+00:00,sell,4127.375,4129.827622379,0.33,-82.91653850699593,sl
2026-07-22 12:10:00+00:00,2026-07-22 12:15:00+00:00,sell,4129.5751953125,4132.061847302171,0.29,-73.8529077004698,sl
2026-07-22 12:20:00+00:00,2026-07-22 12:25:00+00:00,sell,4130.6748046875,4133.18166773752,0.25,-64.17157625050004,sl
2026-07-22 12:30:00+00:00,2026-07-22 12:35:00+00:00,sell,4137.6748046875,4133.763395234478,0.19,73.176779607424,tp
2026-07-22 12:35:00+00:00,2026-07-22 12:45:00+00:00,sell,4132.375,4128.569766755298,0.23,86.1403646281534,tp
2026-07-22 12:45:00+00:00,2026-07-22 12:50:00+00:00,sell,4131.875,4127.633594859396,0.24,100.35372337449604,tp
2026-07-22 13:00:00+00:00,2026-07-22 13:05:00+00:00,buy,4117.22509765625,4122.435287559075,0.23,118.45436776497093,tp
2026-07-22 13:15:00+00:00,2026-07-22 13:20:00+00:00,sell,4129.6748046875,4133.269886170853,0.24,-87.72195560047606,sl
2026-07-22 13:25:00+00:00,2026-07-22 13:30:00+00:00,sell,4138.375,4141.814690196107,0.25,-87.49225490268054,sl
2026-07-22 13:35:00+00:00,2026-07-22 13:45:00+00:00,sell,4147.375,4151.695291782021,0.18,-78.84525207637496,sl
2026-07-22 13:50:00+00:00,2026-07-22 13:55:00+00:00,sell,4151.6748046875,4155.836191374474,0.16,-67.54218699158169,sl
2026-07-22 14:00:00+00:00,2026-07-22 14:25:00+00:00,sell,4159.6748046875,4152.81300954101,0.12,81.62154175788353,tp
2026-07-22 14:25:00+00:00,2026-07-22 15:00:00+00:00,sell,4154.5751953125,4158.751234327121,0.17,-72.0126632485567,sl
2026-07-22 15:05:00+00:00,2026-07-22 15:10:00+00:00,sell,4159.27490234375,4162.726689828763,0.18,-63.21217473022632,sl
2026-07-22 15:15:00+00:00,2026-07-22 15:20:00+00:00,sell,4162.27490234375,4165.5856373047145,0.16,-53.93175937543216,sl
2026-07-22 15:25:00+00:00,2026-07-22 15:45:00+00:00,sell,4164.47509765625,4167.804144311653,0.14,-47.446653175636904,sl
2026-07-22 15:50:00+00:00,2026-07-22 15:55:00+00:00,sell,4169.47509765625,4165.300238715085,0.14,57.608025176316154,tp
2026-07-22 15:55:00+00:00,2026-07-22 16:00:00+00:00,sell,4167.375,4163.245467303073,0.17,69.1820558477525,tp
2026-07-22 16:00:00+00:00,2026-07-22 16:10:00+00:00,sell,4164.27490234375,4160.29264067308,0.2,78.44523341339372,tp
2026-07-22 16:10:00+00:00,2026-07-22 16:15:00+00:00,sell,4161.375,4157.686244029169,0.25,90.71889927077882,tp
2026-07-22 16:15:00+00:00,2026-07-22 16:25:00+00:00,sell,4159.47509765625,4155.76685420028,0.29,105.79906022312275,tp
2026-07-22 16:25:00+00:00,2026-07-22 16:30:00+00:00,sell,4157.47509765625,4153.785675436127,0.33,119.77093326404749,tp
2026-07-22 16:30:00+00:00,2026-07-22 16:35:00+00:00,sell,4154.47509765625,4150.7782885029765,0.33,120.01470205802663,tp
2026-07-22 16:35:00+00:00,2026-07-22 16:40:00+00:00,sell,4151.97509765625,4154.676261868419,0.33,-91.11841900157059,sl
2026-07-22 16:45:00+00:00,2026-07-22 17:05:00+00:00,sell,4152.97509765625,4149.368861498039,0.34,120.57202937916642,tp
2026-07-22 17:05:00+00:00,2026-07-22 17:10:00+00:00,sell,4152.875,4149.482753497751,0.36,119.96087408095613,tp
2026-07-22 17:10:00+00:00,2026-07-22 17:25:00+00:00,sell,4149.97509765625,4152.372284524216,0.38,-93.37310098272363,sl
2026-07-22 17:30:00+00:00,2026-07-22 17:35:00+00:00,sell,4151.47509765625,4148.370698575369,0.4,121.77596323524776,tp
2026-07-22 17:35:00+00:00,2026-07-22 17:40:00+00:00,sell,4150.47509765625,4146.9372616819865,0.35,121.72425909922403,tp
2026-07-23 07:05:00+00:00,2026-07-23 07:10:00+00:00,buy,4118.4248046875,4115.896132860179,0.12,-31.064061927851725,sl
2026-07-23 07:15:00+00:00,2026-07-23 07:30:00+00:00,buy,4109.52490234375,4106.572084497618,0.1,-30.12817846132348,sl
2026-07-23 07:35:00+00:00,2026-07-23 07:40:00+00:00,buy,4108.125,4104.909179030952,0.09,-29.482388721430688,sl
2026-07-23 07:45:00+00:00,2026-07-23 07:50:00+00:00,buy,4098.72509765625,4095.0807078401926,0.08,-29.635118528458843,sl
2026-07-23 07:55:00+00:00,2026-07-23 08:10:00+00:00,buy,4096.4248046875,4092.912902673578,0.08,-28.575216111374612,sl
2026-07-23 08:15:00+00:00,2026-07-23 08:20:00+00:00,buy,4094.625,4091.179902250739,0.08,-28.040781994088757,sl
2026-07-23 08:25:00+00:00,2026-07-23 08:45:00+00:00,buy,4093.52490234375,4090.426147846805,0.09,-28.428790472503387,sl
2026-07-24 07:05:00+00:00,2026-07-24 07:10:00+00:00,sell,4040.47509765625,4043.324149510354,0.1,-29.09051854103891,sl
2026-07-24 07:15:00+00:00,2026-07-24 07:20:00+00:00,sell,4048.074951171875,4050.772949078402,0.11,-30.33797697179458,sl
2026-07-24 07:25:00+00:00,2026-07-24 07:30:00+00:00,sell,4050.574951171875,4053.1034777591663,0.11,-28.473792460203786,sl
2026-07-24 07:35:00+00:00,2026-07-24 07:40:00+00:00,sell,4055.675048828125,4051.629647805402,0.1,39.854010227231264,tp
2026-07-24 07:40:00+00:00,2026-07-24 07:55:00+00:00,sell,4049.27490234375,4052.041479097851,0.1,-28.26576754101152,sl
2026-07-24 08:00:00+00:00,2026-07-24 08:05:00+00:00,sell,4051.074951171875,4048.1474266046857,0.14,40.14534394064973,tp
2026-07-24 08:05:00+00:00,2026-07-24 08:25:00+00:00,sell,4049.375,4051.4876652360426,0.14,-30.41731330459683,sl
2026-07-24 08:30:00+00:00,2026-07-24 08:35:00+00:00,sell,4054.675048828125,4051.834688078492,0.14,38.9250504948615,tp
2026-07-24 08:35:00+00:00,2026-07-24 08:40:00+00:00,sell,4052.675048828125,4054.8573722786073,0.14,-31.392528306751814,sl
2026-07-24 08:45:00+00:00,2026-07-24 08:50:00+00:00,sell,4057.175048828125,4059.262402851765,0.14,-30.062956330957462,sl
2026-07-24 08:55:00+00:00,2026-07-24 09:00:00+00:00,sell,4058.875,4060.899026640256,0.15,-31.26039960384187,sl
2026-07-24 09:05:00+00:00,2026-07-24 09:10:00+00:00,sell,4058.97509765625,4056.0989377978112,0.14,39.42623801814276,tp
2026-07-24 09:10:00+00:00,2026-07-24 09:15:00+00:00,sell,4060.27490234375,4057.2348736956033,0.13,38.74037242590768,tp
2026-07-24 09:15:00+00:00,2026-07-24 09:40:00+00:00,sell,4056.574951171875,4058.8486343908044,0.13,-30.33788184608173,sl
2026-07-24 09:45:00+00:00,2026-07-24 09:50:00+00:00,sell,4058.375,4060.1583638646744,0.17,-31.337185699464065,sl
2026-07-24 09:55:00+00:00,2026-07-24 10:00:00+00:00,sell,4061.175048828125,4062.9451500302303,0.17,-31.111720435789287,sl
2026-07-24 10:05:00+00:00,2026-07-24 10:15:00+00:00,sell,4062.77490234375,4064.4875405105536,0.18,-31.907487002464293,sl
2026-07-24 10:20:00+00:00,2026-07-24 10:25:00+00:00,sell,4062.074951171875,4063.900659400384,0.16,-30.171331656144467,sl
2026-07-24 10:30:00+00:00,2026-07-24 10:40:00+00:00,sell,4064.27490234375,4061.7317652135885,0.16,39.73019408258464,tp
2026-07-24 10:40:00+00:00,2026-07-24 10:45:00+00:00,sell,4062.574951171875,4060.2582938836927,0.17,38.3631738990998,tp
2026-07-24 10:45:00+00:00,2026-07-24 11:00:00+00:00,sell,4061.074951171875,4062.7626786814362,0.18,-31.459095172102096,sl
2026-07-24 11:05:00+00:00,2026-07-24 11:25:00+00:00,sell,4064.47509765625,4061.977788213247,0.16,38.99695108804648,tp
2026-07-24 11:25:00+00:00,2026-07-24 11:30:00+00:00,sell,4063.574951171875,4061.5375427493896,0.19,37.570760027223386,tp
2026-07-24 11:30:00+00:00,2026-07-24 11:35:00+00:00,sell,4061.074951171875,4059.0618404348875,0.2,39.06221473975056,tp
2026-07-24 11:35:00+00:00,2026-07-24 11:40:00+00:00,sell,4062.074951171875,4059.938933585236,0.19,39.4443341461391,tp
2026-07-24 11:40:00+00:00,2026-07-24 11:45:00+00:00,sell,4059.175048828125,4057.0165061124126,0.19,39.87231159853614,tp
2026-07-24 11:45:00+00:00,2026-07-24 11:50:00+00:00,sell,4057.875,4055.576935505758,0.21,46.999354379086746,tp
2026-07-24 11:50:00+00:00,2026-07-24 11:55:00+00:00,sell,4057.175048828125,4058.9240260220204,0.24,-43.4154526534889,sl_and_tp_same_bar
2026-07-24 12:00:00+00:00,2026-07-24 12:05:00+00:00,sell,4060.47509765625,4056.896815121961,0.13,45.73767294575666,tp
2026-07-24 12:05:00+00:00,2026-07-24 12:10:00+00:00,sell,4056.074951171875,4058.85163724377,0.15,-42.55029107842201,sl
2026-07-24 12:15:00+00:00,2026-07-24 12:25:00+00:00,sell,4058.97509765625,4061.3733944655287,0.15,-36.874452139180356,sl
2026-07-24 12:30:00+00:00,2026-07-24 12:35:00+00:00,sell,4061.77490234375,4058.466302871465,0.13,42.23179313970624,tp
2026-07-24 12:35:00+00:00,2026-07-24 12:40:00+00:00,sell,4059.875,4056.640219650061,0.15,47.62170524908161,tp
2026-07-24 12:40:00+00:00,2026-07-24 12:45:00+00:00,sell,4057.97509765625,4054.5763055977613,0.17,56.759464994307095,tp
2026-07-24 12:45:00+00:00,2026-07-24 13:00:00+00:00,sell,4057.375,4059.9119648386545,0.19,-49.342331934435734,sl
2026-07-24 13:05:00+00:00,2026-07-24 13:10:00+00:00,sell,4054.574951171875,4050.4898171289647,0.14,56.35187660074477,tp
2026-07-24 13:40:00+00:00,2026-07-24 13:45:00+00:00,sell,4058.675048828125,4061.809535791593,0.16,-51.11179141549015,sl_and_tp_same_bar
2026-07-24 13:50:00+00:00,2026-07-24 13:55:00+00:00,sell,4060.175048828125,4063.9407761542966,0.11,-42.0830005878876,sl
2026-07-24 14:00:00+00:00,2026-07-24 14:05:00+00:00,sell,4069.77490234375,4063.6292213010547,0.09,54.771129384257584,tp
2026-07-24 14:05:00+00:00,2026-07-24 14:25:00+00:00,sell,4065.675048828125,4070.0310972673765,0.1,-44.16048439251481,sl
2026-07-24 14:30:00+00:00,2026-07-24 14:35:00+00:00,sell,4068.875,4063.460977275439,0.1,53.54022724561164,tp
2026-07-24 14:35:00+00:00,2026-07-24 14:45:00+00:00,sell,4067.675048828125,4062.0755683262137,0.11,60.934285521024634,tp
2026-07-24 14:45:00+00:00,2026-07-24 14:50:00+00:00,sell,4063.375,4067.026211075633,0.14,-51.956955058862015,sl
2026-07-24 14:55:00+00:00,2026-07-24 15:00:00+00:00,sell,4064.175048828125,4067.635031397156,0.13,-45.75977339740464,sl
2026-07-24 15:05:00+00:00,2026-07-24 15:10:00+00:00,sell,4066.875,4070.1284086087944,0.13,-43.07431191432741,sl
2026-07-24 15:15:00+00:00,2026-07-24 15:20:00+00:00,sell,4077.574951171875,4081.745733638036,0.08,-33.84625972928959,sl
2026-07-24 15:25:00+00:00,2026-07-24 15:35:00+00:00,sell,4077.074951171875,4081.266525522847,0.07,-29.761020456804932,sl
2026-07-24 15:40:00+00:00,2026-07-24 15:45:00+00:00,sell,4080.675048828125,4074.9414827337396,0.07,39.71496266069797,tp
2026-07-24 15:45:00+00:00,2026-07-24 15:50:00+00:00,sell,4074.97509765625,4078.717039142728,0.09,-34.21747337830224,sl
2026-07-24 15:55:00+00:00,2026-07-24 16:30:00+00:00,sell,4077.77490234375,4073.1335922794015,0.09,41.231790579136906,tp
2026-07-24 16:30:00+00:00,2026-07-24 16:35:00+00:00,sell,4076.47509765625,4072.863639464505,0.13,46.16895649268483,tp
2026-07-24 16:35:00+00:00,2026-07-24 16:40:00+00:00,sell,4074.574951171875,4070.885710843196,0.15,54.4386049301821,tp
2026-07-24 16:40:00+00:00,2026-07-24 16:45:00+00:00,sell,4070.47509765625,4067.006405126603,0.19,64.76515806329085,tp
2026-07-24 16:45:00+00:00,2026-07-24 17:05:00+00:00,sell,4069.97509765625,4066.553552411806,0.22,73.95399537777092,tp
2026-07-24 17:05:00+00:00,2026-07-24 17:10:00+00:00,sell,4070.175048828125,4067.2656500701005,0.3,85.48196274073526,tp
2026-07-24 17:10:00+00:00,2026-07-24 17:20:00+00:00,sell,4068.27490234375,4070.4171144213033,0.35,-77.07742271436436,sl
2026-07-24 17:25:00+00:00,2026-07-24 17:45:00+00:00,sell,4071.27490234375,4068.3461607236068,0.31,88.93099022444007,tp
2026-07-24 17:45:00+00:00,2026-07-24 17:50:00+00:00,sell,4068.574951171875,4066.0732175374455,0.42,102.55281264603717,tp
2026-07-24 17:50:00+00:00,2026-07-24 17:55:00+00:00,sell,4068.47509765625,4065.8196010324527,0.46,119.39284469467405,tp
2026-07-24 17:55:00+00:00,2026-07-24 18:00:00+00:00,sell,4066.27490234375,4063.726144462501,0.5,124.43789406245014,tp
2026-07-24 18:00:00+00:00,2026-07-24 18:15:00+00:00,sell,4065.875,4063.334754888334,0.5,124.01225558330407,tp
2026-07-24 18:15:00+00:00,2026-07-24 18:20:00+00:00,sell,4064.074951171875,4061.680881046129,0.53,123.7057166645439,tp
2026-07-24 18:20:00+00:00,2026-07-24 18:25:00+00:00,sell,4062.574951171875,4059.976757062895,0.5,126.90970544899483,tp
2026-07-26 22:10:00+00:00,2026-07-26 22:35:00+00:00,sell,4091.375,4095.339571261404,0.07,-28.171998829829523,sl
2026-07-27 07:20:00+00:00,2026-07-27 07:25:00+00:00,sell,4105.875,4108.098822488989,0.14,-31.973514845843823,sl
2026-07-27 07:30:00+00:00,2026-07-27 07:35:00+00:00,sell,4105.27490234375,4102.4280844749055,0.15,41.802268032667236,tp
2026-07-27 07:35:00+00:00,2026-07-27 07:40:00+00:00,sell,4104.875,4101.800459669918,0.14,42.203564621142654,tp
2026-07-27 07:55:00+00:00,2026-07-27 08:00:00+00:00,buy,4096.3251953125,4093.8826959654025,0.15,-37.53749020646264,sl
2026-07-27 08:05:00+00:00,2026-07-27 08:10:00+00:00,buy,4089.824951171875,4093.5254047331464,0.12,43.68544273525666,tp
2026-07-27 08:10:00+00:00,2026-07-27 08:30:00+00:00,buy,4092.125,4089.629737942377,0.15,-38.32893086434833,sl
2026-07-27 08:35:00+00:00,2026-07-27 08:40:00+00:00,buy,4089.324951171875,4092.3261683771316,0.15,44.118258078848704,tp
2026-07-27 08:40:00+00:00,2026-07-27 08:50:00+00:00,buy,4092.625,4095.5933823851806,0.18,52.35088293325036,tp
2026-07-27 08:50:00+00:00,2026-07-27 08:55:00+00:00,buy,4094.925048828125,4097.872305911675,0.21,60.63239875454223,tp
2026-07-27 08:55:00+00:00,2026-07-27 09:05:00+00:00,buy,4096.52490234375,4099.410542727618,0.26,73.46664998057116,tp
2026-07-27 09:10:00+00:00,2026-07-27 09:20:00+00:00,buy,4096.625,4094.6155900907565,0.32,-66.22111709579069,sl
2026-07-27 09:25:00+00:00,2026-07-27 09:30:00+00:00,buy,4096.02490234375,4093.951166424681,0.27,-57.610869814860166,sl
2026-07-27 09:35:00+00:00,2026-07-27 09:40:00+00:00,buy,4093.925048828125,4096.728407833401,0.23,63.09725712135798,tp
2026-07-27 09:40:00+00:00,2026-07-27 09:45:00+00:00,buy,4094.324951171875,4097.193868169156,0.27,75.84075892659519,tp
2026-07-27 10:10:00+00:00,2026-07-27 10:15:00+00:00,buy,4095.72509765625,4093.3411750459927,0.28,-68.42983308720403,sl
2026-07-27 10:20:00+00:00,2026-07-27 10:30:00+00:00,buy,4093.22509765625,4096.305168041932,0.25,75.501759642053,tp
2026-07-27 10:30:00+00:00,2026-07-27 10:35:00+00:00,buy,4095.72509765625,4098.605883509828,0.32,90.26514731450705,tp
2026-07-27 10:45:00+00:00,2026-07-27 11:00:00+00:00,sell,4102.77490234375,4099.851703068056,0.37,105.93837320068022,tp
2026-07-27 11:10:00+00:00,2026-07-27 11:25:00+00:00,sell,4104.97509765625,4101.720957674179,0.39,124.57145930077436,tp
2026-07-27 12:00:00+00:00,2026-07-27 12:10:00+00:00,buy,4096.22509765625,4094.1142356384307,0.47,-102.03051483750579,sl
2026-07-27 12:15:00+00:00,2026-07-27 12:20:00+00:00,buy,4089.425048828125,4086.7256725591365,0.35,-96.57816941459905,sl
2026-07-27 12:25:00+00:00,2026-07-27 12:30:00+00:00,buy,4085.125,4089.012469789102,0.29,110.99662388395632,tp
2026-07-27 12:30:00+00:00,2026-07-27 12:40:00+00:00,buy,4089.02490234375,4086.1415864656024,0.33,-97.12942397887217,sl
2026-07-27 12:45:00+00:00,2026-07-27 12:50:00+00:00,buy,4088.324951171875,4085.4233047992147,0.29,-85.88774480714731,sl
2026-07-27 12:55:00+00:00,2026-07-27 13:00:00+00:00,buy,4084.625,4088.7819760069474,0.24,98.32742416673733,tp
2026-07-27 13:00:00+00:00,2026-07-27 13:10:00+00:00,buy,4085.925048828125,4082.8780104338334,0.28,-86.99707504016415,sl
2026-07-27 13:15:00+00:00,2026-07-27 13:20:00+00:00,buy,4086.72509765625,4083.498284753266,0.23,-75.5966967686312,sl
2026-07-27 13:25:00+00:00,2026-07-27 13:30:00+00:00,buy,4086.324951171875,4082.8648038900224,0.18,-63.36265107334755,sl
2026-07-27 13:35:00+00:00,2026-07-27 13:40:00+00:00,buy,4082.324951171875,4087.6519488802624,0.15,79.00496562581029,tp
2026-07-27 13:40:00+00:00,2026-07-27 13:55:00+00:00,buy,4087.52490234375,4083.8178670358484,0.18,-67.8066355422289,sl
2026-07-27 14:00:00+00:00,2026-07-27 14:25:00+00:00,buy,4076.02490234375,4071.6257617924525,0.13,-57.968827166867214,sl
2026-07-27 14:30:00+00:00,2026-07-27 14:50:00+00:00,buy,4070.52490234375,4075.634019981635,0.14,70.68764693038989,tp
2026-07-27 14:50:00+00:00,2026-07-27 14:55:00+00:00,buy,4073.72509765625,4078.3731516920943,0.18,82.58497264519785,tp
2026-07-27 14:55:00+00:00,2026-07-27 15:15:00+00:00,buy,4075.324951171875,4080.05659800294,0.21,98.10458345236633,tp
2026-07-27 15:15:00+00:00,2026-07-27 15:30:00+00:00,buy,4078.02490234375,4075.0939858994925,0.28,-83.74566043920977,sl
2026-07-27 15:35:00+00:00,2026-07-27 15:50:00+00:00,buy,4075.72509765625,4079.4244795825807,0.27,98.26331201092933,tp
2026-07-27 15:50:00+00:00,2026-07-27 16:05:00+00:00,buy,4078.72509765625,4082.0914937506827,0.35,115.72386330514554,tp
2026-07-27 16:05:00+00:00,2026-07-27 16:10:00+00:00,buy,4081.425048828125,4084.7604566558844,0.4,131.01631311037417,tp
2026-07-27 16:15:00+00:00,2026-07-27 16:25:00+00:00,buy,4083.425048828125,4086.568808971531,0.43,132.60168616645242,tp
2026-07-27 16:25:00+00:00,2026-07-27 16:30:00+00:00,buy,4083.125,4086.673600500769,0.38,132.56681902923057,tp
2026-07-27 16:35:00+00:00,2026-07-27 16:40:00+00:00,sell,4093.375,4089.4303194085887,0.35,135.96382069939446,tp
2026-07-28 07:50:00+00:00,2026-07-28 07:55:00+00:00,buy,4048.125,4046.3614799169,0.19,-34.6468815789009,sl
2026-07-28 08:00:00+00:00,2026-07-28 08:05:00+00:00,buy,4047.425048828125,4050.2901147884177,0.16,44.88105536468269,tp
2026-07-28 08:15:00+00:00,2026-07-28 08:20:00+00:00,buy,4044.72509765625,4048.5066654261336,0.12,44.65881323860347,tp
2026-07-28 08:35:00+00:00,2026-07-28 08:40:00+00:00,buy,4046.125,4043.4570987378415,0.15,-40.91851893237699,sl
2026-07-28 08:45:00+00:00,2026-07-28 09:05:00+00:00,buy,4043.72509765625,4041.236221263784,0.14,-35.68426949452336,sl
2026-07-28 09:10:00+00:00,2026-07-28 09:25:00+00:00,buy,4042.52490234375,4040.3656013724726,0.15,-33.289514569160836,sl
2026-07-28 09:30:00+00:00,2026-07-28 09:35:00+00:00,buy,4040.125,4037.9750921407867,0.15,-33.14861788819908,sl
2026-07-28 09:40:00+00:00,2026-07-28 09:45:00+00:00,buy,4032.425048828125,4029.9791219423437,0.13,-32.57704951515714,sl
2026-07-28 09:50:00+00:00,2026-07-28 09:55:00+00:00,buy,4031.22509765625,4028.75790050718,0.13,-32.85356293791281,sl
2026-07-28 10:00:00+00:00,2026-07-28 10:10:00+00:00,buy,4023.22509765625,4020.188847353171,0.1,-30.962503030792142,sl
2026-07-28 10:15:00+00:00,2026-07-28 10:20:00+00:00,buy,4023.824951171875,4020.863024458378,0.11,-33.24119384846895,sl
2026-07-29 07:05:00+00:00,2026-07-29 07:10:00+00:00,sell,4040.875,4042.71002092318,0.18,-34.11037661723738,sl
2026-07-29 07:15:00+00:00,2026-07-29 07:20:00+00:00,sell,4043.27490234375,4044.9349769135497,0.2,-34.4014913959938,sl
2026-07-29 07:25:00+00:00,2026-07-29 07:30:00+00:00,sell,4045.375,4047.0412758886773,0.2,-34.52551777354638,sl
2026-07-29 07:35:00+00:00,2026-07-29 08:25:00+00:00,sell,4104.47509765625,4096.246812238341,0.05,40.8414270895466,tp
2026-07-29 08:25:00+00:00,2026-07-29 08:50:00+00:00,sell,4096.27490234375,4099.077165863974,0.11,-31.48489872246606,sl
2026-07-29 08:55:00+00:00,2026-07-29 09:05:00+00:00,sell,4098.375,4095.4837035697396,0.15,42.46944645390531,tp
2026-07-29 09:05:00+00:00,2026-07-29 09:20:00+00:00,sell,4096.47509765625,4093.816143033702,0.17,44.182228583319535,tp
2026-07-29 09:20:00+00:00,2026-07-29 09:25:00+00:00,sell,4095.77490234375,4093.3195689626514,0.18,43.11600085977527,tp
2026-07-29 09:25:00+00:00,2026-07-29 09:30:00+00:00,sell,4093.47509765625,4091.21981458534,0.22,48.2962275600218,tp
2026-07-29 09:30:00+00:00,2026-07-29 09:45:00+00:00,sell,4092.875,4094.6632824756925,0.25,-46.207061892313504,sl
2026-07-29 09:50:00+00:00,2026-07-29 09:55:00+00:00,sell,4094.875,4092.7883621195842,0.24,48.63930912997836,tp
2026-07-29 09:55:00+00:00,2026-07-29 10:00:00+00:00,sell,4094.074951171875,4091.863198342181,0.27,58.09732640173742,tp
2026-07-29 10:00:00+00:00,2026-07-29 10:05:00+00:00,sell,4091.375,4092.9941277634066,0.33,-55.41121619241765,sl
2026-07-29 10:10:00+00:00,2026-07-29 10:15:00+00:00,sell,4091.675048828125,4089.4910262094786,0.28,59.47263332209907,tp
2026-07-29 10:15:00+00:00,2026-07-29 10:25:00+00:00,sell,4090.675048828125,4092.310146879315,0.33,-55.93823568927653,sl
2026-07-29 10:30:00+00:00,2026-07-29 10:35:00+00:00,sell,4091.875,4089.7902848660992,0.29,58.71673888312239,tp
2026-07-29 10:35:00+00:00,2026-07-29 10:40:00+00:00,sell,4091.074951171875,4088.852882300619,0.32,69.18620388019015,tp
2026-07-29 10:40:00+00:00,2026-07-29 10:45:00+00:00,sell,4088.375,4086.057856066787,0.37,83.51432552888744,tp
2026-07-29 10:45:00+00:00,2026-07-29 11:00:00+00:00,sell,4086.47509765625,4088.1391219634957,0.46,-79.3051181333001,sl
2026-07-29 11:05:00+00:00,2026-07-29 11:10:00+00:00,sell,4086.97509765625,4088.6490735416082,0.39,-67.62505952897104,sl
2026-07-29 11:15:00+00:00,2026-07-29 11:20:00+00:00,sell,4088.875,4090.7671678420857,0.29,-56.612867420483994,sl
2026-07-29 11:25:00+00:00,2026-07-29 11:45:00+00:00,sell,4091.47509765625,4093.167433151389,0.28,-49.06539386389494,sl
2026-07-29 11:50:00+00:00,2026-07-29 11:55:00+00:00,sell,4093.375,4090.989924319158,0.22,51.15166497852322,tp
2026-07-29 11:55:00+00:00,2026-07-29 12:05:00+00:00,sell,4091.47509765625,4089.2686928734784,0.28,60.09933391760599,tp
2026-07-29 12:05:00+00:00,2026-07-29 12:10:00+00:00,sell,4089.375,4087.1160610412876,0.33,72.5649856375094,tp
2026-07-29 12:10:00+00:00,2026-07-29 12:15:00+00:00,sell,4088.574951171875,4086.009876600366,0.34,85.17253543130023,tp
2026-07-29 12:15:00+00:00,2026-07-29 12:20:00+00:00,sell,4086.074951171875,4082.788553209901,0.32,103.24473478317493,tp
2026-07-29 12:30:00+00:00,2026-07-29 12:35:00+00:00,buy,4071.324951171875,4075.6785232824645,0.29,124.51359120709662,tp
2026-07-29 13:00:00+00:00,2026-07-29 13:05:00+00:00,sell,4081.175048828125,4076.983629538607,0.33,136.33683655408916,tp
2026-07-29 13:45:00+00:00,2026-07-29 13:50:00+00:00,buy,4071.22509765625,4067.928735041524,0.3,-100.69087844178448,sl
2026-07-29 13:55:00+00:00,2026-07-29 14:00:00+00:00,buy,4066.824951171875,4063.149901568342,0.27,-100.84633929538825,sl
2026-07-29 14:05:00+00:00,2026-07-29 14:10:00+00:00,buy,4064.52490234375,4060.5702201207073,0.24,-96.35237335302503,sl
2026-07-29 14:15:00+00:00,2026-07-29 14:20:00+00:00,buy,4057.22509765625,4063.212494054628,0.2,118.54792796756446,tp
2026-07-29 14:20:00+00:00,2026-07-29 14:25:00+00:00,buy,4065.824951171875,4061.8483443639234,0.25,-100.91517019879029,sl
2026-07-29 14:30:00+00:00,2026-07-29 14:40:00+00:00,buy,4063.72509765625,4059.8382978829995,0.22,-86.8295950115101,sl
2026-07-29 14:45:00+00:00,2026-07-29 15:00:00+00:00,buy,4059.425048828125,4064.755915703244,0.2,105.41733750238454,tp
2026-07-29 15:00:00+00:00,2026-07-29 15:20:00+00:00,buy,4063.72509765625,4068.6339050269758,0.25,121.22018426814384,tp
2026-07-29 15:20:00+00:00,2026-07-29 15:25:00+00:00,buy,4063.625,4068.234127296506,0.3,136.4738188951771,tp
2026-07-29 15:40:00+00:00,2026-07-29 15:50:00+00:00,buy,4067.22509765625,4071.2552638589636,0.35,138.95581709497756,tp
2026-07-29 16:00:00+00:00,2026-07-29 16:05:00+00:00,buy,4068.625,4072.2514261267684,0.39,139.09061894396623,tp
2026-07-29 16:05:00+00:00,2026-07-29 16:10:00+00:00,buy,4068.22509765625,4072.239351210908,0.36,142.35312796768434,tp
2026-07-30 07:05:00+00:00,2026-07-30 07:15:00+00:00,buy,4102.125,4106.864507403167,0.1,46.79507403167408,tp
2026-07-30 07:15:00+00:00,2026-07-30 07:25:00+00:00,buy,4104.125,4100.930551813765,0.12,-39.053378234816336,sl
2026-07-30 07:30:00+00:00,2026-07-30 07:35:00+00:00,buy,4103.125,4099.829537809861,0.1,-33.55462190139006,sl
2026-07-30 07:40:00+00:00,2026-07-30 07:45:00+00:00,buy,4097.9248046875,4102.927038442556,0.09,44.48010379550666,tp
2026-07-30 07:45:00+00:00,2026-07-30 07:50:00+00:00,buy,4103.22509765625,4099.769727181106,0.1,-35.15370475144264,sl
2026-07-30 07:55:00+00:00,2026-07-30 08:00:00+00:00,buy,4098.125,4094.85000089867,0.1,-33.34999101330195,sl_and_tp_same_bar
2026-07-30 08:05:00+00:00,2026-07-30 08:10:00+00:00,buy,4103.4248046875,4108.896034143749,0.08,43.28983564998955,tp
2026-07-30 08:10:00+00:00,2026-07-30 08:15:00+00:00,buy,4108.3251953125,4113.854225684999,0.08,43.75224297998968,tp
2026-07-30 08:30:00+00:00,2026-07-30 08:35:00+00:00,sell,4121.97509765625,4126.387476129041,0.08,-35.779027782326445,sl
2026-07-30 08:40:00+00:00,2026-07-30 08:45:00+00:00,sell,4122.1748046875,4126.283300212618,0.08,-33.347964200944695,sl
2026-07-30 08:50:00+00:00,2026-07-30 09:00:00+00:00,sell,4121.27490234375,4125.286858947894,0.08,-32.575652833151686,sl
2026-07-30 09:05:00+00:00,2026-07-30 09:20:00+00:00,sell,4123.875,4127.479708537942,0.09,-32.982376841480836,sl
2026-07-30 09:25:00+00:00,2026-07-30 09:30:00+00:00,sell,4127.97509765625,4123.357732844751,0.1,45.57364811499101,tp
2026-07-30 09:30:00+00:00,2026-07-30 09:50:00+00:00,sell,4125.375,4128.8800330021995,0.09,-32.085297019795725,sl
2026-07-30 09:55:00+00:00,2026-07-30 10:05:00+00:00,sell,4124.97509765625,4128.225210724575,0.1,-33.10113068324936,sl
2026-07-30 10:10:00+00:00,2026-07-30 10:15:00+00:00,sell,4129.47509765625,4133.308829129912,0.08,-31.149851789294626,sl
2026-07-30 10:20:00+00:00,2026-07-30 10:35:00+00:00,sell,4134.375,4138.259002751329,0.08,-31.552022010630463,sl
2026-07-30 10:40:00+00:00,2026-07-30 10:45:00+00:00,sell,4135.5751953125,4138.985048565637,0.1,-34.69853253137044,sl
2026-07-31 07:05:00+00:00,2026-07-31 07:10:00+00:00,buy,4135.625,4133.534332299911,0.16,-34.410683201430366,sl
2026-07-31 07:15:00+00:00,2026-07-31 07:20:00+00:00,buy,4135.22509765625,4133.170891972627,0.17,-35.94149662159045,sl
2026-07-31 07:25:00+00:00,2026-07-31 07:30:00+00:00,buy,4132.72509765625,4130.539836289995,0.15,-33.67892049382444,sl
2026-07-31 07:35:00+00:00,2026-07-31 07:40:00+00:00,buy,4127.125,4130.27722780598,0.15,46.3834170897022,tp
2026-07-31 07:40:00+00:00,2026-07-31 07:50:00+00:00,buy,4129.8251953125,4127.6307093509895,0.15,-33.81728942265763,sl
2026-07-31 07:55:00+00:00,2026-07-31 08:00:00+00:00,buy,4128.625,4126.386456390851,0.15,-34.478154137235286,sl
2026-07-31 08:05:00+00:00,2026-07-31 08:10:00+00:00,buy,4120.8251953125,4118.5302881821835,0.15,-35.3236069547469,sl
2026-07-31 08:15:00+00:00,2026-07-31 08:20:00+00:00,buy,4119.52490234375,4117.054863071424,0.13,-32.890510540240285,sl_and_tp_same_bar
2026-07-31 08:25:00+00:00,2026-07-31 08:30:00+00:00,buy,4117.3251953125,4114.568409217397,0.12,-33.80143314123663,sl
2026-08-03 07:20:00+00:00,2026-08-03 07:25:00+00:00,buy,4110.22509765625,4114.35193828136,0.11,44.73524687621179,tp
2026-08-03 07:25:00+00:00,2026-08-03 07:30:00+00:00,buy,4111.625,4115.592916823012,0.14,54.71083552217184,tp
2026-08-03 08:30:00+00:00,2026-08-03 08:35:00+00:00,buy,4111.4248046875,4114.5420448219575,0.21,64.20204282360667,tp
2026-08-03 08:35:00+00:00,2026-08-03 08:40:00+00:00,buy,4111.4248046875,4114.733769574863,0.23,74.72619240934648,tp
2026-08-03 09:05:00+00:00,2026-08-03 09:10:00+00:00,buy,4112.9248046875,4115.449894772007,0.36,88.74324304224123,tp
2026-08-03 09:25:00+00:00,2026-08-03 09:30:00+00:00,buy,4111.22509765625,4108.986983989155,0.36,-82.732092015409,sl
2026-08-03 09:35:00+00:00,2026-08-03 09:40:00+00:00,buy,4103.4248046875,4107.131833325343,0.25,91.17571594607489,tp
2026-08-03 09:40:00+00:00,2026-08-03 09:45:00+00:00,buy,4108.8251953125,4112.40531023613,0.31,109.12356263254209,tp
2026-08-03 09:45:00+00:00,2026-08-03 09:50:00+00:00,buy,4109.72509765625,4113.21918553798,0.38,130.49533950572797,tp
2026-08-03 10:00:00+00:00,2026-08-03 10:20:00+00:00,buy,4111.72509765625,4109.374482042441,0.45,-108.47770262141258,sl
2026-08-03 10:25:00+00:00,2026-08-03 10:30:00+00:00,buy,4109.9248046875,4107.842363437947,0.48,-102.83717997854808,sl
2026-08-03 10:35:00+00:00,2026-08-03 10:40:00+00:00,buy,4107.8251953125,4105.862468086447,0.44,-88.99999794633972,sl
2026-08-03 10:45:00+00:00,2026-08-03 10:50:00+00:00,buy,4105.4248046875,4103.460824119653,0.37,-74.88728101034278,sl
2026-08-03 10:55:00+00:00,2026-08-03 11:00:00+00:00,buy,4104.72509765625,4107.38725795019,0.31,80.66696911215116,tp
2026-08-03 11:00:00+00:00,2026-08-03 11:05:00+00:00,buy,4105.8251953125,4108.751710796415,0.34,97.46152645310846,tp
2026-08-03 11:05:00+00:00,2026-08-03 11:10:00+00:00,buy,4108.22509765625,4106.048992008599,0.4,-89.44422590602917,sl
2026-08-03 11:15:00+00:00,2026-08-03 11:20:00+00:00,buy,4106.125,4104.040219882987,0.36,-77.21208421246789,sl
2026-08-03 11:25:00+00:00,2026-08-03 11:30:00+00:00,buy,4103.72509765625,4106.483261119335,0.31,83.64306735563845,tp
2026-08-03 11:30:00+00:00,2026-08-03 11:35:00+00:00,buy,4104.625,4107.418741668007,0.37,101.14844171625853,tp
2026-08-03 11:35:00+00:00,2026-08-03 11:40:00+00:00,buy,4107.4248046875,4110.117427674772,0.45,118.46803442725995,tp
2026-08-03 11:40:00+00:00,2026-08-03 11:45:00+00:00,buy,4107.625,4110.409928203553,0.51,138.97133838120993,tp
2026-08-03 11:45:00+00:00,2026-08-03 11:50:00+00:00,buy,4110.22509765625,4113.654047151413,0.42,141.4958787968321,tp
2026-08-03 12:00:00+00:00,2026-08-03 12:05:00+00:00,sell,4118.875,4115.439228475158,0.42,141.78240404334653,tp
2026-08-03 12:20:00+00:00,2026-08-03 12:30:00+00:00,buy,4107.125,4104.354691056925,0.38,-107.5517398368568,sl
2026-08-03 12:35:00+00:00,2026-08-03 12:40:00+00:00,buy,4108.02490234375,4105.157772078158,0.37,-108.30381982690753,sl
2026-08-03 12:45:00+00:00,2026-08-03 13:00:00+00:00,buy,4100.9248046875,4098.126834656066,0.37,-105.74489116304241,sl_and_tp_same_bar
2026-08-03 13:05:00+00:00,2026-08-03 13:10:00+00:00,buy,4097.52490234375,4094.1934792843867,0.31,-105.13411484026106,sl
2026-08-03 13:15:00+00:00,2026-08-03 13:20:00+00:00,buy,4094.125,4090.664170794439,0.3,-105.62487616682738,sl
2026-08-03 13:25:00+00:00,2026-08-03 13:30:00+00:00,buy,4089.625,4086.3325622439343,0.27,-90.51581941377492,sl
2026-08-03 13:35:00+00:00,2026-08-03 13:40:00+00:00,buy,4086.625,4082.6350429326662,0.19,-76.94918427934148,sl
2026-08-03 13:45:00+00:00,2026-08-03 14:00:00+00:00,buy,4087.324951171875,4083.0921355892165,0.15,-64.39223373987798,sl
2026-08-03 14:05:00+00:00,2026-08-03 14:20:00+00:00,buy,4084.625,4090.388493523057,0.14,79.84890932280011,tp
2026-08-03 14:20:00+00:00,2026-08-03 14:35:00+00:00,buy,4086.425048828125,4091.9725013474076,0.17,93.28669282780446,tp
2026-08-03 14:35:00+00:00,2026-08-03 14:40:00+00:00,buy,4090.72509765625,4087.2604774380206,0.23,-81.06626501927519,sl
2026-08-03 14:45:00+00:00,2026-08-03 15:00:00+00:00,buy,4091.925048828125,4088.6446958919882,0.21,-70.14741165887177,sl
2026-08-03 15:05:00+00:00,2026-08-03 15:15:00+00:00,buy,4087.425048828125,4091.9753960432295,0.18,80.82624987188039,tp
2026-08-03 15:15:00+00:00,2026-08-03 15:20:00+00:00,buy,4088.625,4092.8949103196924,0.23,96.82793735292455,tp
2026-08-03 15:20:00+00:00,2026-08-03 15:25:00+00:00,buy,4092.125,4089.2687067632055,0.3,-87.48879710383498,sl
2026-08-03 15:30:00+00:00,2026-08-03 15:40:00+00:00,buy,4088.125,4092.2924386874133,0.24,98.57852849791976,tp
2026-08-03 15:40:00+00:00,2026-08-03 17:00:00+00:00,buy,4092.425048828125,4089.642389483539,0.31,-88.12243968217022,sl
2026-08-03 17:05:00+00:00,2026-08-03 17:15:00+00:00,buy,4089.625,4091.831499145522,0.46,98.73896069400165,tp
2026-08-03 17:15:00+00:00,2026-08-03 17:20:00+00:00,buy,4089.824951171875,4092.0215567106225,0.55,117.51330463111046,tp
2026-08-03 17:20:00+00:00,2026-08-03 17:25:00+00:00,buy,4092.324951171875,4090.650590801571,0.64,-110.99906369945151,sl
2026-08-03 17:30:00+00:00,2026-08-03 17:35:00+00:00,buy,4090.22509765625,4092.282536512001,0.59,117.84889248931582,tp
2026-08-03 17:35:00+00:00,2026-08-03 17:50:00+00:00,buy,4090.824951171875,4089.246994312163,0.69,-113.01902332011252,sl
2026-08-03 17:55:00+00:00,2026-08-03 18:00:00+00:00,buy,4086.824951171875,4085.3088290462747,0.62,-97.71957178721888,sl
2026-08-03 18:05:00+00:00,2026-08-03 18:10:00+00:00,buy,4087.925048828125,4090.261813350051,0.45,102.45440348666743,tp
2026-08-03 18:10:00+00:00,2026-08-03 18:15:00+00:00,buy,4092.625,4090.7736432588595,0.5,-95.56783705702674,sl
2026-08-03 18:20:00+00:00,2026-08-03 18:40:00+00:00,buy,4093.72509765625,4096.244317657519,0.42,103.28724005329285,tp
2026-08-03 18:40:00+00:00,2026-08-03 18:45:00+00:00,buy,4093.72509765625,4096.067361774212,0.54,123.24226236996199,tp
2026-08-03 18:45:00+00:00,2026-08-03 18:50:00+00:00,buy,4097.3251953125,4099.6265377564005,0.62,138.96323152182893,tp
2026-08-03 18:50:00+00:00,2026-08-03 18:55:00+00:00,buy,4098.3251953125,4100.567048868047,0.64,139.6386275550141,tp
2026-08-03 19:00:00+00:00,2026-08-03 19:05:00+00:00,buy,4099.625,4102.082566878945,0.59,141.45644585774423,tp
2026-08-03 19:25:00+00:00,2026-08-03 19:30:00+00:00,sell,4108.77490234375,4110.803630539982,0.53,-110.70259440029048,sl
2026-08-03 19:35:00+00:00,2026-08-03 19:45:00+00:00,sell,4108.875,4110.845356713225,0.55,-111.66961922735555,sl
2026-08-03 19:50:00+00:00,2026-08-03 19:55:00+00:00,sell,4110.77490234375,4108.329770803936,0.59,140.72276084900838,tp
2026-08-03 19:55:00+00:00,2026-08-03 20:00:00+00:00,sell,4110.1748046875,4107.736380790495,0.59,140.32700992330226,tp
2026-08-04 07:05:00+00:00,2026-08-04 07:10:00+00:00,sell,4120.5751953125,4117.823306661963,0.17,45.762107059125334,tp
2026-08-04 07:10:00+00:00,2026-08-04 07:15:00+00:00,sell,4120.1748046875,4117.218512909118,0.19,55.029543789264935,tp
2026-08-04 07:20:00+00:00,2026-08-04 07:25:00+00:00,sell,4119.375,4121.6066783275455,0.22,-50.41692320600152,sl
2026-08-04 07:30:00+00:00,2026-08-04 07:35:00+00:00,sell,4118.875,4121.108180228523,0.19,-43.57042434194558,sl
2026-08-04 07:40:00+00:00,2026-08-04 07:50:00+00:00,sell,4119.1748046875,4121.457675510535,0.16,-37.485933168566554,sl
2026-08-04 07:55:00+00:00,2026-08-04 08:00:00+00:00,sell,4121.0751953125,4123.084429401321,0.18,-37.24621359878445,sl
2026-08-04 08:05:00+00:00,2026-08-04 08:15:00+00:00,sell,4126.0751953125,4122.887736884928,0.15,46.91187641357974,tp
2026-08-04 08:15:00+00:00,2026-08-04 08:20:00+00:00,sell,4124.1748046875,4121.225456138707,0.16,46.229576780685456,tp
2026-08-04 08:20:00+00:00,2026-08-04 08:25:00+00:00,sell,4122.97509765625,4119.7516388097965,0.16,50.61534154325549,tp
2026-08-04 08:30:00+00:00,2026-08-04 08:35:00+00:00,sell,4119.0751953125,4115.90828691783,0.2,62.13816789339835,tp
2026-08-04 08:50:00+00:00,2026-08-04 09:00:00+00:00,buy,4112.125,4109.917979047634,0.25,-56.67552380915731,sl
2026-08-04 09:05:00+00:00,2026-08-04 09:10:00+00:00,buy,4109.3251953125,4107.313319666341,0.24,-49.7250155078122,sl
2026-08-04 09:15:00+00:00,2026-08-04 09:35:00+00:00,buy,4106.3251953125,4104.397897778552,0.21,-41.73324821291113,sl
2026-08-04 09:40:00+00:00,2026-08-04 09:45:00+00:00,buy,4103.625,4106.116870063794,0.19,46.20553121207864,tp
2026-08-04 09:45:00+00:00,2026-08-04 09:50:00+00:00,buy,4106.125,4104.240022817308,0.22,-42.78949801921801,sl
2026-08-04 09:55:00+00:00,2026-08-04 10:15:00+00:00,buy,4104.3251953125,4102.489975645278,0.2,-37.90439334444382,sl
2026-08-04 10:20:00+00:00,2026-08-04 10:30:00+00:00,buy,4103.8251953125,4106.1958803651305,0.2,46.21370105261012,tp
2026-08-04 10:30:00+00:00,2026-08-04 10:40:00+00:00,buy,4105.125,4103.403634338923,0.21,-37.40867888260778,sl_and_tp_same_bar
2026-08-04 10:45:00+00:00,2026-08-04 10:50:00+00:00,buy,4108.3251953125,4111.720746235226,0.14,46.69771291816702,tp
2026-08-04 11:00:00+00:00,2026-08-04 11:10:00+00:00,buy,4109.52490234375,4112.874385239087,0.15,49.34224343005699,tp
2026-08-04 11:35:00+00:00,2026-08-04 11:40:00+00:00,sell,4118.47509765625,4120.855161391068,0.18,-43.92114722671802,sl
2026-08-04 11:45:00+00:00,2026-08-04 11:50:00+00:00,sell,4126.6748046875,4130.373076864986,0.1,-37.582721774857056,sl
2026-08-04 11:55:00+00:00,2026-08-04 12:00:00+00:00,sell,4133.1748046875,4127.371605534199,0.08,45.94559322640591,tp
2026-08-04 12:00:00+00:00,2026-08-04 12:05:00+00:00,sell,4132.1748046875,4125.842032087973,0.08,50.18218079621467,tp
2026-08-04 12:05:00+00:00,2026-08-04 12:10:00+00:00,sell,4124.97509765625,4118.543361403326,0.1,63.71736252923656,tp
2026-08-04 12:25:00+00:00,2026-08-04 12:30:00+00:00,sell,4123.6748046875,4127.2961619043035,0.15,-55.220358252052755,sl
2026-08-04 12:35:00+00:00,2026-08-04 12:40:00+00:00,sell,4133.0751953125,4137.093545983121,0.11,-44.861857376828226,sl
2026-08-04 12:45:00+00:00,2026-08-04 12:55:00+00:00,sell,4135.0751953125,4129.664085327767,0.1,53.5110998473323,tp
2026-08-04 12:55:00+00:00,2026-08-04 13:00:00+00:00,sell,4130.77490234375,4125.505680340634,0.13,67.71988604050577,tp
2026-08-04 13:00:00+00:00,2026-08-04 13:05:00+00:00,sell,4127.97509765625,4122.32108181605,0.14,78.31622176280523,tp
2026-08-04 13:25:00+00:00,2026-08-04 13:35:00+00:00,sell,4138.375,4143.331085868086,0.13,-65.20911628511956,sl
2026-08-04 13:40:00+00:00,2026-08-04 13:45:00+00:00,sell,4145.0751953125,4149.984801026574,0.12,-59.635268568889586,sl
2026-08-04 13:50:00+00:00,2026-08-04 13:55:00+00:00,sell,4149.47509765625,4141.97186376006,0.09,66.9891050657106,tp
2026-08-04 13:55:00+00:00,2026-08-04 14:15:00+00:00,sell,4144.0751953125,4148.93562715391,0.12,-59.04518209691989,sl
2026-08-04 14:20:00+00:00,2026-08-04 14:30:00+00:00,sell,4140.47509765625,4134.2624933318575,0.12,73.83125189270984,tp
2026-08-04 14:30:00+00:00,2026-08-04 14:35:00+00:00,sell,4140.47509765625,4134.147020599123,0.14,87.75307879978224,tp
2026-08-04 14:35:00+00:00,2026-08-04 14:50:00+00:00,sell,4134.875,4139.568444521896,0.16,-76.05511235033278,sl
2026-08-04 14:55:00+00:00,2026-08-04 15:15:00+00:00,sell,4140.5751953125,4135.330827533402,0.17,88.13425224466526,tp
2026-08-04 15:15:00+00:00,2026-08-04 15:20:00+00:00,sell,4140.97509765625,4136.02671145536,0.22,107.5444964195828,tp
2026-08-04 15:20:00+00:00,2026-08-04 15:30:00+00:00,sell,4133.27490234375,4136.619199961208,0.28,-95.32033328883308,sl
2026-08-04 15:35:00+00:00,2026-08-04 15:40:00+00:00,sell,4134.27490234375,4137.784678151137,0.22,-78.5350677625159,sl
2026-08-04 15:45:00+00:00,2026-08-04 15:50:00+00:00,sell,4140.47509765625,4143.657604436298,0.21,-68.0926423810131,sl
2026-08-04 15:55:00+00:00,2026-08-04 16:15:00+00:00,sell,4144.0751953125,4139.875404340312,0.19,78.65602847156548,tp
2026-08-04 16:15:00+00:00,2026-08-04 16:20:00+00:00,sell,4141.875,4144.386148240427,0.28,-71.99215073196291,sl
2026-08-04 16:25:00+00:00,2026-08-04 16:45:00+00:00,sell,4143.97509765625,4146.537138758226,0.23,-60.306945345455354,sl
2026-08-04 16:50:00+00:00,2026-08-04 17:00:00+00:00,sell,4149.5751953125,4151.966027198716,0.21,-51.46746961053373,sl
2026-08-04 17:05:00+00:00,2026-08-04 17:15:00+00:00,sell,4159.27490234375,4154.96261213641,0.14,59.532062902761176,tp
2026-08-04 17:15:00+00:00,2026-08-04 17:25:00+00:00,sell,4157.1748046875,4153.052496553292,0.17,69.05923828153162,tp
2026-08-04 17:25:00+00:00,2026-08-04 17:30:00+00:00,sell,4156.875,4152.653787949334,0.2,83.22424101331198,tp
2026-08-04 17:30:00+00:00,2026-08-04 17:50:00+00:00,sell,4151.6748046875,4147.661075858173,0.25,98.8432207331798,tp
2026-08-04 17:50:00+00:00,2026-08-04 17:55:00+00:00,sell,4150.6748046875,4147.185359438413,0.35,120.0305837180489,tp
2026-08-04 17:55:00+00:00,2026-08-04 18:00:00+00:00,sell,4146.5751953125,4142.967676096624,0.41,145.44828785091525,tp
2026-08-04 18:00:00+00:00,2026-08-04 18:05:00+00:00,sell,4142.6748046875,4145.252347908062,0.43,-113.41435848416138,sl
2026-08-04 18:10:00+00:00,2026-08-04 18:25:00+00:00,sell,4144.875,4141.778441929834,0.48,145.75478736796242,tp
2026-08-04 18:25:00+00:00,2026-08-04 18:30:00+00:00,sell,4143.6748046875,4140.7018912632875,0.51,148.55858463483713,tp
2026-08-04 18:30:00+00:00,2026-08-04 18:35:00+00:00,sell,4141.47509765625,4138.531215917766,0.52,149.9618504011877,tp
2026-08-04 18:35:00+00:00,2026-08-04 18:40:00+00:00,sell,4139.5751953125,4136.404521243314,0.48,149.31235532093444,tp
2026-08-05 07:05:00+00:00,2026-08-05 07:25:00+00:00,sell,4229.375,4224.37347702157,0.1,49.4152297843033,tp
2026-08-05 07:25:00+00:00,2026-08-05 07:30:00+00:00,sell,4227.1748046875,4222.598632009378,0.13,58.710244815586265,tp
2026-08-05 07:30:00+00:00,2026-08-05 07:45:00+00:00,sell,4223.375,4226.440256540415,0.17,-53.12936118705923,sl
2026-08-05 07:50:00+00:00,2026-08-05 07:55:00+00:00,sell,4224.875,4227.596558338349,0.16,-44.50493341357738,sl
2026-08-05 08:00:00+00:00,2026-08-05 08:10:00+00:00,sell,4229.77490234375,4225.845614584627,0.13,50.30074086860324,tp
2026-08-05 08:10:00+00:00,2026-08-05 08:20:00+00:00,sell,4228.0751953125,4224.258939572731,0.17,63.85634757607429,tp
2026-08-05 08:20:00+00:00,2026-08-05 08:25:00+00:00,sell,4225.27490234375,4221.630823553379,0.21,75.26565459779452,tp
2026-08-05 08:25:00+00:00,2026-08-05 08:30:00+00:00,sell,4221.375,4223.92565871777,0.26,-67.87712666201202,sl
2026-08-05 08:35:00+00:00,2026-08-05 08:40:00+00:00,sell,4224.1748046875,4226.555335048014,0.24,-58.57272865233739,sl
2026-08-05 08:45:00+00:00,2026-08-05 08:50:00+00:00,sell,4225.5751953125,4221.626155845905,0.17,66.11367093212219,tp
2026-08-05 08:50:00+00:00,2026-08-05 09:00:00+00:00,sell,4221.875,4224.5218972820885,0.22,-59.55174020594706,sl
2026-08-05 09:05:00+00:00,2026-08-05 09:15:00+00:00,sell,4223.875,4220.367306628195,0.19,65.50617406428806,tp
2026-08-05 09:15:00+00:00,2026-08-05 09:20:00+00:00,sell,4222.27490234375,4218.801720988928,0.23,78.50317116091458,tp
2026-08-05 09:20:00+00:00,2026-08-05 09:25:00+00:00,sell,4219.77490234375,4216.025501940404,0.26,95.92441048699715,tp
2026-08-05 09:25:00+00:00,2026-08-05 09:30:00+00:00,sell,4216.6748046875,4213.1540027233505,0.34,117.66726678108441,tp
2026-08-05 09:30:00+00:00,2026-08-05 09:55:00+00:00,sell,4216.47509765625,4212.864426058153,0.4,142.02686392387258,tp
2026-08-05 09:55:00+00:00,2026-08-05 10:00:00+00:00,sell,4216.6748046875,4213.230810804753,0.46,155.66371860637287,tp
2026-08-05 10:00:00+00:00,2026-08-05 10:05:00+00:00,sell,4216.6748046875,4212.962653218286,0.43,157.0425131762194,tp
2026-08-05 10:05:00+00:00,2026-08-05 10:15:00+00:00,sell,4211.27490234375,4213.74489194263,0.47,-118.90951114734554,sl
2026-08-05 10:20:00+00:00,2026-08-05 10:25:00+00:00,sell,4214.77490234375,4217.245729415598,0.47,-118.948872376873,sl
2026-08-05 10:30:00+00:00,2026-08-05 10:55:00+00:00,sell,4215.97509765625,4218.306876517994,0.5,-119.58894308720846,sl
2026-08-05 11:00:00+00:00,2026-08-05 11:05:00+00:00,sell,4220.47509765625,4222.828094485175,0.49,-118.23684461732086,sl
2026-08-05 11:10:00+00:00,2026-08-05 11:15:00+00:00,sell,4225.875,4228.323079944559,0.41,-102.83127772692474,sl
2026-08-05 11:20:00+00:00,2026-08-05 11:25:00+00:00,sell,4230.5751953125,4233.017294804191,0.35,-87.57348220918138,sl
2026-08-05 11:30:00+00:00,2026-08-05 11:35:00+00:00,sell,4235.47509765625,4238.775699955009,0.21,-70.57264827394444,sl
2026-08-05 11:40:00+00:00,2026-08-05 11:50:00+00:00,sell,4244.77490234375,4248.304312202318,0.17,-61.019967595659665,sl
2026-08-05 11:55:00+00:00,2026-08-05 12:00:00+00:00,sell,4248.47509765625,4251.709204016868,0.15,-49.41159540927256,sl
2026-08-05 12:05:00+00:00,2026-08-05 12:10:00+00:00,sell,4254.1748046875,4257.541771312253,0.13,-44.55056612179331,sl
2026-08-05 12:15:00+00:00,2026-08-05 12:20:00+00:00,sell,4258.27490234375,4261.85422428912,0.1,-36.39321945369884,sl
2026-08-05 12:25:00+00:00,2026-08-05 12:30:00+00:00,sell,4271.0751953125,4265.551552483216,0.09,49.1727854635537,tp
2026-08-05 12:30:00+00:00,2026-08-05 12:35:00+00:00,sell,4265.1748046875,4259.036325954205,0.09,54.70630859965873,tp
2026-08-05 12:35:00+00:00,2026-08-05 12:40:00+00:00,sell,4259.6748046875,4253.675421295727,0.11,65.3332173095067,tp
2026-08-05 12:40:00+00:00,2026-08-05 12:45:00+00:00,sell,4260.47509765625,4254.368275279214,0.13,78.60869090147091,tp
2026-08-05 12:45:00+00:00,2026-08-05 12:50:00+00:00,sell,4254.875,4249.059087273235,0.16,92.0946036282467,tp
2026-08-05 12:50:00+00:00,2026-08-05 12:55:00+00:00,sell,4253.6748046875,4247.775037095137,0.2,116.79535184725755,tp
2026-08-05 12:55:00+00:00,2026-08-05 13:00:00+00:00,sell,4247.47509765625,4251.537051049893,0.24,-98.92688144743937,sl
2026-08-05 13:05:00+00:00,2026-08-05 13:10:00+00:00,sell,4254.1748046875,4247.909725218162,0.19,117.89650991742506,tp
2026-08-05 13:10:00+00:00,2026-08-05 13:15:00+00:00,sell,4253.875,4247.417966282824,0.23,147.13177549505428,tp
2026-08-05 13:15:00+00:00,2026-08-05 13:20:00+00:00,sell,4247.6748046875,4252.042757501868,0.26,-115.12677317357935,sl
2026-08-05 13:25:00+00:00,2026-08-05 13:30:00+00:00,sell,4254.77490234375,4259.033490200709,0.25,-107.96469642397278,sl
2026-08-05 13:35:00+00:00,2026-08-05 13:45:00+00:00,sell,4262.0751953125,4255.1046095040765,0.18,124.39054455162288,tp
2026-08-05 13:45:00+00:00,2026-08-05 13:50:00+00:00,sell,4257.77490234375,4250.779895409451,0.22,152.570152554588,tp
2026-08-05 13:50:00+00:00,2026-08-05 13:55:00+00:00,sell,4253.1748046875,4258.373586471762,0.21,-110.43441746949954,sl
2026-08-05 14:00:00+00:00,2026-08-05 14:05:00+00:00,sell,4264.97509765625,4269.982558508929,0.22,-111.48413875894431,sl
2026-08-05 14:10:00+00:00,2026-08-05 14:15:00+00:00,sell,4287.375,4293.1811091376785,0.17,-99.72385534053457,sl
2026-08-05 14:20:00+00:00,2026-08-05 14:30:00+00:00,sell,4296.1748046875,4302.0677431550785,0.14,-83.34113854609846,sl
2026-08-05 14:35:00+00:00,2026-08-05 14:40:00+00:00,sell,4290.47509765625,4296.242960061571,0.12,-69.93434886384668,sl
2026-08-05 14:45:00+00:00,2026-08-05 14:50:00+00:00,sell,4303.27490234375,4294.8239023670885,0.1,83.90999976661479,tp
2026-08-05 14:50:00+00:00,2026-08-05 14:55:00+00:00,sell,4307.375,4298.339478405644,0.11,98.73073753792036,tp
2026-08-05 14:55:00+00:00,2026-08-05 15:00:00+00:00,sell,4298.0751953125,4304.2609098725725,0.14,-87.44000384101479,sl
2026-08-05 15:05:00+00:00,2026-08-05 15:20:00+00:00,sell,4315.6748046875,4322.204340359844,0.11,-72.4848923957799,sl
2026-08-05 15:25:00+00:00,2026-08-05 15:45:00+00:00,sell,4320.375,4312.242527934667,0.11,88.79719271866165,tp
2026-08-05 15:45:00+00:00,2026-08-05 15:50:00+00:00,sell,4315.5751953125,4308.788645582759,0.16,107.62479567585164,tp
2026-08-05 15:50:00+00:00,2026-08-05 15:55:00+00:00,sell,4309.77490234375,4302.8059277342245,0.19,131.27051758098457,tp
2026-08-05 15:55:00+00:00,2026-08-05 16:00:00+00:00,sell,4303.375,4296.031888671745,0.22,160.2284492216092,tp
2026-08-05 16:00:00+00:00,2026-08-05 16:05:00+00:00,sell,4293.47509765625,4285.987734505095,0.21,155.97462617424594,tp
2026-08-05 16:05:00+00:00,2026-08-05 16:10:00+00:00,sell,4286.1748046875,4291.586066765111,0.21,-114.89650362983845,sl
2026-08-05 16:15:00+00:00,2026-08-05 16:20:00+00:00,sell,4294.47509765625,4299.235727734823,0.23,-110.8744918071751,sl
2026-08-05 16:25:00+00:00,2026-08-05 16:30:00+00:00,sell,4298.97509765625,4303.368124561101,0.25,-111.32567262126395,sl
2026-08-05 16:35:00+00:00,2026-08-05 16:40:00+00:00,sell,4301.47509765625,4305.554696024504,0.27,-111.76915594285141,sl
2026-08-05 16:45:00+00:00,2026-08-05 16:55:00+00:00,sell,4305.0751953125,4299.800634275934,0.25,130.36402591416027,tp
2026-08-05 16:55:00+00:00,2026-08-05 17:15:00+00:00,sell,4304.77490234375,4299.513001585313,0.3,156.0570227531145,tp
2026-08-05 17:15:00+00:00,2026-08-05 17:20:00+00:00,sell,4302.1748046875,4297.800367289676,0.36,155.31974632167461,tp
2026-08-05 17:20:00+00:00,2026-08-05 17:25:00+00:00,sell,4298.6748046875,4301.759479628466,0.37,-116.35297281572977,sl
2026-08-05 17:30:00+00:00,2026-08-05 17:35:00+00:00,sell,4304.77490234375,4308.366665827186,0.32,-116.85643146994873,sl
2026-08-05 17:40:00+00:00,2026-08-05 18:00:00+00:00,sell,4310.0751953125,4313.40996623867,0.34,-115.42221148977211,sl
2026-08-05 18:05:00+00:00,2026-08-05 18:10:00+00:00,sell,4313.5751953125,4316.496911899082,0.38,-113.305230290119,sl
2026-08-05 18:15:00+00:00,2026-08-05 18:20:00+00:00,sell,4313.6748046875,4316.519631881977,0.32,-92.95447022326873,sl
2026-08-05 18:25:00+00:00,2026-08-05 18:30:00+00:00,sell,4323.47509765625,4318.983770735889,0.24,106.35184608865762,tp
2026-08-05 18:30:00+00:00,2026-08-05 18:35:00+00:00,sell,4323.0751953125,4318.011390366937,0.26,130.09892858463485,tp
2026-08-05 18:35:00+00:00,2026-08-05 18:40:00+00:00,sell,4315.47509765625,4318.87807384702,0.33,-114.27821429539516,sl
2026-08-05 18:45:00+00:00,2026-08-05 18:50:00+00:00,sell,4319.5751953125,4322.650319651345,0.31,-97.18885450419326,sl
2026-08-05 18:55:00+00:00,2026-08-05 19:10:00+00:00,sell,4321.875,4317.846591682402,0.28,111.11543289275535,tp
2026-08-05 19:10:00+00:00,2026-08-05 19:15:00+00:00,sell,4318.27490234375,4314.575579025598,0.37,134.65496277162336,tp
2026-08-05 19:15:00+00:00,2026-08-05 19:20:00+00:00,sell,4318.6748046875,4314.561426301351,0.38,154.02837867365153,tp
2026-08-05 19:20:00+00:00,2026-08-05 19:25:00+00:00,sell,4312.6748046875,4315.67262990783,0.38,-116.19735837254055,sl
2026-08-05 19:30:00+00:00,2026-08-05 19:35:00+00:00,sell,4313.5751953125,4309.5546820225945,0.39,154.46001830631317,tp
2026-08-05 19:35:00+00:00,2026-08-05 19:40:00+00:00,sell,4310.1748046875,4312.92702139389,0.42,-118.11310166837349,sl
2026-08-05 19:45:00+00:00,2026-08-05 19:50:00+00:00,sell,4313.1748046875,4309.319061104551,0.41,155.62548690090446,tp
2026-08-05 19:50:00+00:00,2026-08-05 20:45:00+00:00,sell,4309.375,4305.78599879061,0.44,155.27605321314275,tp
2026-08-05 20:45:00+00:00,2026-08-05 20:55:00+00:00,sell,4306.0751953125,4307.9705769095035,0.63,-123.18904061122092,sl
2026-08-05 22:00:00+00:00,2026-08-05 22:05:00+00:00,sell,4306.875,4309.408654065238,0.46,-119.30808700094327,sl
2026-08-06 07:05:00+00:00,2026-08-06 07:10:00+00:00,buy,4315.22509765625,4319.1590610424055,0.13,50.36152402002128,tp
2026-08-06 07:10:00+00:00,2026-08-06 07:15:00+00:00,buy,4318.4248046875,4322.333549518002,0.16,61.579917288027936,tp
2026-08-06 07:15:00+00:00,2026-08-06 07:20:00+00:00,buy,4322.02490234375,4319.24128640696,0.2,-56.87231873579658,sl
2026-08-06 07:25:00+00:00,2026-08-06 07:35:00+00:00,buy,4320.9248046875,4318.129305383867,0.16,-45.68798885812517,sl
2026-08-06 07:40:00+00:00,2026-08-06 07:45:00+00:00,buy,4315.9248046875,4313.422511152383,0.16,-40.996696561874124,sl
2026-08-06 07:50:00+00:00,2026-08-06 07:55:00+00:00,buy,4313.52490234375,4317.410284570398,0.13,49.72996894642776,tp
2026-08-06 07:55:00+00:00,2026-08-06 08:00:00+00:00,buy,4318.625,4322.503652877678,0.14,53.461140287494494,tp
2026-08-06 08:00:00+00:00,2026-08-06 08:10:00+00:00,buy,4322.125,4326.141844212738,0.17,67.26635161654347,tp
2026-08-06 08:10:00+00:00,2026-08-06 08:15:00+00:00,buy,4323.9248046875,4327.978789896179,0.2,79.87970417357137,tp
2026-08-06 08:15:00+00:00,2026-08-06 08:20:00+00:00,buy,4327.9248046875,4325.161295525263,0.26,-73.41123821815978,sl
2026-08-06 08:25:00+00:00,2026-08-06 08:30:00+00:00,buy,4324.9248046875,4329.037357041537,0.2,81.05104708073559,tp
2026-08-06 08:30:00+00:00,2026-08-06 08:35:00+00:00,buy,4327.3251953125,4331.820787560999,0.23,102.01862171547066,tp
2026-08-06 08:40:00+00:00,2026-08-06 08:50:00+00:00,buy,4330.3251953125,4334.529195365261,0.3,124.32000158283991,tp
2026-08-06 09:20:00+00:00,2026-08-06 09:30:00+00:00,sell,4341.47509765625,4337.43559304014,0.38,151.22117541218788,tp
2026-08-06 09:30:00+00:00,2026-08-06 09:35:00+00:00,sell,4342.1748046875,4337.863041185566,0.38,161.56701307350588,tp
2026-08-06 10:05:00+00:00,2026-08-06 10:10:00+00:00,buy,4330.625,4328.047358535505,0.46,-121.33150736677796,sl
2026-08-06 10:15:00+00:00,2026-08-06 10:30:00+00:00,buy,4328.8251953125,4326.513483848613,0.52,-123.3289961221318,sl
2026-08-06 10:35:00+00:00,2026-08-06 10:40:00+00:00,buy,4327.52490234375,4325.479490158044,0.58,-122.1139067709232,sl
2026-08-06 10:45:00+00:00,2026-08-06 10:50:00+00:00,buy,4324.625,4327.970086270895,0.42,137.97362337759338,tp
2026-08-06 10:50:00+00:00,2026-08-06 11:00:00+00:00,buy,4329.72509765625,4327.387151109455,0.51,-122.29527388655202,sl
2026-08-06 11:05:00+00:00,2026-08-06 11:15:00+00:00,buy,4327.9248046875,4325.523968689576,0.43,-105.81594791074629,sl
2026-08-06 11:20:00+00:00,2026-08-06 11:25:00+00:00,buy,4325.125,4322.273344916684,0.3,-87.3496524994669,sl
2026-08-06 11:30:00+00:00,2026-08-06 11:35:00+00:00,buy,4323.52490234375,4320.820139227004,0.27,-74.64860415214491,sl
2026-08-06 11:40:00+00:00,2026-08-06 11:45:00+00:00,buy,4321.02490234375,4318.30297662356,0.22,-61.202365844170636,sl
2026-08-06 11:50:00+00:00,2026-08-06 11:55:00+00:00,buy,4315.4248046875,4319.373650894747,0.18,69.99923173044219,tp
2026-08-06 11:55:00+00:00,2026-08-06 12:00:00+00:00,buy,4315.3251953125,4319.822873744197,0.19,84.31589020223997,tp
2026-08-06 12:00:00+00:00,2026-08-06 12:05:00+00:00,buy,4322.3251953125,4319.113298815852,0.23,-75.25361942289408,sl
2026-08-06 12:10:00+00:00,2026-08-06 12:15:00+00:00,buy,4316.3251953125,4313.117327430018,0.19,-62.08948976715568,sl
2026-08-06 12:20:00+00:00,2026-08-06 12:30:00+00:00,buy,4315.9248046875,4320.53952854343,0.16,72.87558169487515,tp
2026-08-06 12:30:00+00:00,2026-08-06 12:35:00+00:00,buy,4320.9248046875,4326.390274095537,0.16,86.48751052859647,tp
2026-08-06 12:35:00+00:00,2026-08-06 12:45:00+00:00,buy,4326.8251953125,4323.1341306961895,0.21,-78.77235694252137,sl
2026-08-06 12:50:00+00:00,2026-08-06 12:55:00+00:00,buy,4314.625,4310.525010643194,0.16,-66.5598297088954,sl
2026-08-06 13:00:00+00:00,2026-08-06 13:05:00+00:00,buy,4308.625,4304.576734556721,0.13,-53.40745076262672,sl
2026-08-06 13:10:00+00:00,2026-08-06 13:15:00+00:00,buy,4290.125,4297.886657711928,0.08,61.61326169542328,tp
2026-08-06 13:15:00+00:00,2026-08-06 13:20:00+00:00,buy,4296.625,4304.403091631587,0.1,77.18091631586904,tp
2026-08-06 13:20:00+00:00,2026-08-06 13:25:00+00:00,buy,4302.4248046875,4297.165566154527,0.13,-69.1501009286442,sl
2026-08-06 13:30:00+00:00,2026-08-06 13:35:00+00:00,buy,4305.9248046875,4313.358786351316,0.11,81.11379830197333,tp
2026-08-06 13:35:00+00:00,2026-08-06 13:40:00+00:00,buy,4309.125,4317.375082285724,0.12,98.28098742868431,tp
2026-08-06 13:40:00+00:00,2026-08-06 13:45:00+00:00,buy,4317.52490234375,4326.578306991377,0.13,116.91426041914903,tp
2026-08-06 15:20:00+00:00,2026-08-06 15:30:00+00:00,buy,4315.9248046875,4311.290805741923,0.22,-103.2679768027013,sl
2026-08-06 15:35:00+00:00,2026-08-06 15:50:00+00:00,buy,4307.52490234375,4303.011682731529,0.19,-86.89117263220454,sl
2026-08-06 15:55:00+00:00,2026-08-06 16:05:00+00:00,buy,4293.02490234375,4300.300904164147,0.14,101.02402548555999,tp
2026-08-06 16:05:00+00:00,2026-08-06 16:10:00+00:00,buy,4295.22509765625,4290.4399686891475,0.18,-87.21232140784566,sl
2026-08-06 16:15:00+00:00,2026-08-06 16:20:00+00:00,buy,4290.52490234375,4285.430263114015,0.15,-77.3195884460196,sl
2026-08-06 16:25:00+00:00,2026-08-06 16:30:00+00:00,buy,4282.625,4289.510259678002,0.13,88.72837581402084,tp
2026-08-06 16:30:00+00:00,2026-08-06 16:50:00+00:00,buy,4288.4248046875,4294.807374793851,0.17,107.48369180796044,tp
2026-08-06 16:50:00+00:00,2026-08-06 16:55:00+00:00,buy,4294.72509765625,4299.6481414919535,0.27,131.30218356399553,tp
2026-08-06 16:55:00+00:00,2026-08-06 17:00:00+00:00,buy,4295.22509765625,4300.147080699277,0.33,160.4454404198764,tp
2026-08-06 17:00:00+00:00,2026-08-06 17:50:00+00:00,buy,4299.72509765625,4304.418114470623,0.35,162.15558850304242,tp
2026-08-06 17:50:00+00:00,2026-08-06 17:55:00+00:00,buy,4300.8251953125,4304.430875803042,0.46,163.10130256493198,tp
2026-08-06 17:55:00+00:00,2026-08-06 18:00:00+00:00,buy,4305.625,4303.120511341575,0.48,-123.09545560438244,sl
2026-08-06 18:05:00+00:00,2026-08-06 18:20:00+00:00,buy,4304.4248046875,4307.752683523908,0.49,160.12606298398038,tp
2026-08-07 07:05:00+00:00,2026-08-07 07:15:00+00:00,sell,4353.77490234375,4349.001990709531,0.11,51.84202797640759,tp
2026-08-07 07:15:00+00:00,2026-08-07 07:25:00+00:00,sell,4350.375,4346.0355225877975,0.15,64.19216118303811,tp
2026-08-07 07:25:00+00:00,2026-08-07 07:45:00+00:00,sell,4347.1748046875,4343.01524391039,0.19,77.89165476508275,tp
2026-08-07 07:45:00+00:00,2026-08-07 07:55:00+00:00,sell,4344.1748046875,4346.915858977926,0.26,-72.82741155108357,sl
2026-08-07 08:00:00+00:00,2026-08-07 08:05:00+00:00,sell,4349.0751953125,4351.788333966057,0.22,-61.009050378245156,sl
2026-08-07 08:10:00+00:00,2026-08-07 08:15:00+00:00,sell,4353.5751953125,4356.432432824783,0.17,-49.59303770881208,sl
2026-08-07 08:20:00+00:00,2026-08-07 08:25:00+00:00,sell,4357.0751953125,4353.200249381995,0.15,57.22418895758128,tp
2026-08-07 08:25:00+00:00,2026-08-07 08:30:00+00:00,sell,4353.77490234375,4356.426997839709,0.19,-51.529814423216195,sl
2026-08-07 08:35:00+00:00,2026-08-07 08:40:00+00:00,sell,4372.97509765625,4366.25049324122,0.08,53.316835320237736,tp
2026-08-07 08:40:00+00:00,2026-08-07 08:45:00+00:00,sell,4363.6748046875,4368.181377342573,0.11,-50.23229920580175,sl
2026-08-07 08:50:00+00:00,2026-08-07 09:20:00+00:00,sell,4366.1748046875,4370.284701551199,0.1,-41.6989686369885,sl
2026-08-07 09:25:00+00:00,2026-08-07 09:30:00+00:00,sell,4369.6748046875,4365.293597435081,0.12,51.85448702902548,tp
2026-08-07 09:30:00+00:00,2026-08-07 09:40:00+00:00,sell,4366.27490234375,4369.451496568759,0.14,-45.31231915011981,sl
2026-08-07 09:45:00+00:00,2026-08-07 10:05:00+00:00,sell,4376.6748046875,4371.592478657708,0.11,55.24558632771263,tp
2026-08-07 10:05:00+00:00,2026-08-07 10:10:00+00:00,sell,4377.0751953125,4372.28763539995,0.13,61.4582788631503,tp
2026-08-07 10:10:00+00:00,2026-08-07 10:30:00+00:00,sell,4371.97509765625,4375.4344421682235,0.16,-56.30951219157665,sl
2026-08-07 10:35:00+00:00,2026-08-07 10:45:00+00:00,sell,4375.1748046875,4378.027374700783,0.16,-46.60112021253095,sl
2026-08-07 10:50:00+00:00,2026-08-07 11:00:00+00:00,sell,4378.1748046875,4380.784293585314,0.15,-40.042333467211755,sl
2026-08-07 11:05:00+00:00,2026-08-07 11:10:00+00:00,sell,4382.77490234375,4379.026303108029,0.14,51.64038930008807,tp
2026-08-07 11:10:00+00:00,2026-08-07 11:15:00+00:00,sell,4384.27490234375,4380.298759568625,0.14,54.82599885174401,tp
2026-08-07 11:15:00+00:00,2026-08-07 11:20:00+00:00,sell,4379.6748046875,4382.497361658961,0.17,-49.00346851484348,sl
2026-08-07 11:25:00+00:00,2026-08-07 11:30:00+00:00,sell,4383.375,4386.15874313912,0.15,-42.65614708679859,sl
2026-08-07 11:35:00+00:00,2026-08-07 11:50:00+00:00,sell,4383.77490234375,4386.4558383363,0.15,-41.114039888251135,sl
2026-08-07 11:55:00+00:00,2026-08-07 12:00:00+00:00,sell,4384.97509765625,4380.96146818309,0.13,51.39718315108141,tp
2026-08-07 12:00:00+00:00,2026-08-07 12:05:00+00:00,sell,4380.47509765625,4376.269320602428,0.13,53.89510169968864,tp
2026-08-07 12:05:00+00:00,2026-08-07 12:10:00+00:00,sell,4378.97509765625,4374.758769261687,0.15,62.34492591844319,tp
2026-08-07 12:10:00+00:00,2026-08-07 12:15:00+00:00,sell,4377.77490234375,4373.22540601638,0.17,76.32143756529739,tp
2026-08-07 12:15:00+00:00,2026-08-07 12:20:00+00:00,sell,4374.1748046875,4369.672597974612,0.21,93.28634097065718,tp
2026-08-07 12:20:00+00:00,2026-08-07 12:25:00+00:00,sell,4373.875,4369.137742463414,0.24,112.25418087806844,tp
2026-08-07 12:25:00+00:00,2026-08-07 12:30:00+00:00,sell,4369.875,4373.937312166972,0.25,-103.05780417430833,sl
2026-08-07 12:35:00+00:00,2026-08-07 12:40:00+00:00,sell,4419.47509765625,4427.469464385275,0.1,-80.54366729025386,sl
2026-08-07 12:45:00+00:00,2026-08-07 12:55:00+00:00,sell,4427.5751953125,4417.146053849881,0.09,93.3222731635678,tp
2026-08-07 12:55:00+00:00,2026-08-07 13:00:00+00:00,sell,4425.27490234375,4415.397327235439,0.12,117.81090129973498,tp
2026-08-07 13:00:00+00:00,2026-08-07 13:05:00+00:00,sell,4421.47509765625,4410.8551640727965,0.14,147.83907016834942,tp
2026-08-07 13:05:00+00:00,2026-08-07 13:25:00+00:00,sell,4407.375,4414.292168223217,0.17,-118.61185979469295,sl
2026-08-07 13:30:00+00:00,2026-08-07 13:35:00+00:00,sell,4416.6748046875,4422.707195837821,0.18,-109.66304070577833,sl
2026-08-07 13:40:00+00:00,2026-08-07 13:45:00+00:00,sell,4425.27490234375,4415.716241647721,0.13,123.48258904837323,tp
2026-08-07 13:45:00+00:00,2026-08-07 13:55:00+00:00,sell,4418.6748046875,4409.423275313442,0.17,156.25599935898614,tp
2026-08-07 13:55:00+00:00,2026-08-07 14:00:00+00:00,sell,4414.77490234375,4405.437833040985,0.18,166.98724744976235,tp
2026-08-07 14:00:00+00:00,2026-08-07 14:05:00+00:00,sell,4408.27490234375,4398.255418843854,0.17,169.31121949822543,tp
2026-08-07 14:05:00+00:00,2026-08-07 14:10:00+00:00,sell,4393.47509765625,4400.061354789524,0.18,-119.63262839892566,sl
2026-08-07 14:15:00+00:00,2026-08-07 14:20:00+00:00,sell,4393.6748046875,4401.009184524547,0.16,-118.3100773927517,sl
2026-08-07 14:25:00+00:00,2026-08-07 14:45:00+00:00,sell,4411.27490234375,4401.75255314401,0.18,170.32228559532624,tp
2026-08-07 14:45:00+00:00,2026-08-07 15:05:00+00:00,sell,4404.6748046875,4410.352273178571,0.21,-120.48683831248287,sl
2026-08-07 15:10:00+00:00,2026-08-07 15:15:00+00:00,sell,4408.6748046875,4414.06078716134,0.22,-119.81161442448348,sl
2026-08-07 15:20:00+00:00,2026-08-07 15:30:00+00:00,sell,4413.97509765625,4407.162313912807,0.25,168.81959358607764,tp
2026-08-07 15:30:00+00:00,2026-08-07 15:50:00+00:00,sell,4410.77490234375,4404.199266043814,0.26,169.4065437983458,tp
2026-08-07 15:50:00+00:00,2026-08-07 15:55:00+00:00,sell,4408.375,4402.239470335201,0.28,170.11483061436988,tp
2026-08-09 22:10:00+00:00,2026-08-09 22:15:00+00:00,sell,4397.875,4400.124376782631,0.18,-41.5687820873555,sl
2026-08-10 07:05:00+00:00,2026-08-10 07:10:00+00:00,sell,4413.875,4410.184806557114,0.15,54.45290164329126,tp
2026-08-10 07:10:00+00:00,2026-08-10 07:15:00+00:00,sell,4412.875,4415.572341801723,0.19,-52.38949423274211,sl
2026-08-10 07:20:00+00:00,2026-08-10 07:25:00+00:00,sell,4413.875,4416.9496874255165,0.13,-40.75093653171396,sl
2026-08-10 07:30:00+00:00,2026-08-10 07:35:00+00:00,sell,4414.1748046875,4417.1660143537765,0.13,-39.665725661594735,sl
2026-08-10 07:40:00+00:00,2026-08-10 07:45:00+00:00,sell,4417.875,4420.941091927115,0.13,-40.639195052494216,sl
2026-08-10 07:50:00+00:00,2026-08-10 08:05:00+00:00,sell,4416.6748046875,4412.479018199618,0.13,53.765224342469736,tp
2026-08-10 08:05:00+00:00,2026-08-10 08:10:00+00:00,sell,4415.0751953125,4411.480290525517,0.16,56.55847659172199,tp
2026-08-10 08:10:00+00:00,2026-08-10 08:15:00+00:00,sell,4411.47509765625,4413.965391602617,0.16,-40.80470314187638,sl
2026-08-10 08:20:00+00:00,2026-08-10 08:30:00+00:00,sell,4414.375,4411.244731060009,0.18,55.26484091983541,tp
2026-08-10 08:30:00+00:00,2026-08-10 08:35:00+00:00,sell,4414.6748046875,4410.971528985768,0.16,58.29241122771695,tp
2026-08-10 08:35:00+00:00,2026-08-10 08:40:00+00:00,sell,4409.77490234375,4406.210051683499,0.2,70.09701320502136,tp
2026-08-10 08:40:00+00:00,2026-08-10 08:55:00+00:00,sell,4407.5751953125,4404.010371615283,0.25,87.62059243043586,tp
2026-08-10 08:55:00+00:00,2026-08-10 09:00:00+00:00,sell,4405.27490234375,4407.836173541029,0.31,-81.2594071156485,sl
2026-08-10 09:05:00+00:00,2026-08-10 09:30:00+00:00,sell,4407.0751953125,4403.726525076066,0.27,88.79409638372806,tp
2026-08-10 09:30:00+00:00,2026-08-10 09:35:00+00:00,sell,4405.5751953125,4402.31844086313,0.34,108.68965127859425,tp
2026-08-10 09:35:00+00:00,2026-08-10 10:00:00+00:00,sell,4403.0751953125,4399.657329737629,0.4,134.3146229948412,tp
2026-08-10 10:25:00+00:00,2026-08-10 10:30:00+00:00,sell,4402.27490234375,4399.950014819414,0.72,163.07190175220575,tp
2026-08-10 10:30:00+00:00,2026-08-10 10:35:00+00:00,sell,4402.5751953125,4400.120982895575,0.71,169.98908160165706,tp
2026-08-10 11:00:00+00:00,2026-08-10 11:05:00+00:00,buy,4395.4248046875,4393.530630021617,0.7,-136.792226611805,sl
2026-08-10 11:10:00+00:00,2026-08-10 11:15:00+00:00,buy,4393.22509765625,4391.0181597613755,0.59,-133.74933579759548,sl
2026-08-10 11:20:00+00:00,2026-08-10 11:25:00+00:00,buy,4388.9248046875,4392.005454715725,0.57,172.17705160883276,tp
2026-08-10 11:25:00+00:00,2026-08-10 11:30:00+00:00,buy,4392.3251953125,4395.398425336962,0.57,171.75411139431895,tp
2026-08-10 11:30:00+00:00,2026-08-10 11:35:00+00:00,buy,4393.8251953125,4397.035959510784,0.55,173.2920309056128,tp
2026-08-11 07:05:00+00:00,2026-08-11 07:15:00+00:00,buy,4422.3251953125,4418.356511334936,0.1,-40.28683977564069,sl
2026-08-11 07:20:00+00:00,2026-08-11 07:25:00+00:00,buy,4419.125,4424.184818605676,0.12,59.99782326811081,tp
2026-08-11 07:25:00+00:00,2026-08-11 07:40:00+00:00,buy,4419.625,4416.008311402831,0.12,-44.12026316602598,sl
2026-08-11 07:45:00+00:00,2026-08-11 08:00:00+00:00,buy,4417.9248046875,4422.207829556027,0.14,59.12234815937533,tp
2026-08-11 08:00:00+00:00,2026-08-11 08:05:00+00:00,buy,4417.22509765625,4421.586766137564,0.15,64.52502721971231,tp
2026-08-11 08:05:00+00:00,2026-08-11 08:15:00+00:00,buy,4422.4248046875,4419.33149171774,0.19,-59.912946425432565,sl
2026-08-11 08:20:00+00:00,2026-08-11 08:25:00+00:00,buy,4421.125,4425.391814583694,0.16,67.30903333910742,tp
2026-08-11 08:25:00+00:00,2026-08-11 08:30:00+00:00,buy,4423.4248046875,4427.766043993368,0.2,85.6247861173586,tp
2026-08-11 08:30:00+00:00,2026-08-11 08:35:00+00:00,buy,4427.625,4431.838729013002,0.25,103.84322532505485,tp
2026-08-11 08:35:00+00:00,2026-08-11 08:40:00+00:00,buy,4429.8251953125,4433.976403686269,0.32,130.91866796060467,tp
2026-08-11 08:40:00+00:00,2026-08-11 08:50:00+00:00,buy,4432.9248046875,4430.17711432849,0.43,-120.73068543744928,sl
2026-08-11 08:55:00+00:00,2026-08-11 09:00:00+00:00,buy,4430.125,4427.444185608797,0.36,-98.66931808331006,sl
2026-08-11 09:05:00+00:00,2026-08-11 09:20:00+00:00,buy,4430.125,4433.661105568255,0.31,107.75927261590972,tp
2026-08-11 09:20:00+00:00,2026-08-11 09:25:00+00:00,buy,4432.625,4430.154788289379,0.4,-101.20846842483152,sl
2026-08-11 09:30:00+00:00,2026-08-11 10:10:00+00:00,buy,4430.625,4434.263873423133,0.31,110.94507611712892,tp
2026-08-11 10:10:00+00:00,2026-08-11 10:20:00+00:00,buy,4433.02490234375,4436.072618052901,0.45,134.44720691179083,tp
2026-08-11 10:20:00+00:00,2026-08-11 10:25:00+00:00,buy,4431.52490234375,4434.70610889654,0.54,168.5451538506693,tp
2026-08-11 10:25:00+00:00,2026-08-11 10:30:00+00:00,buy,4436.3251953125,4439.725574324918,0.54,180.38046667056892,tp
2026-08-11 10:30:00+00:00,2026-08-11 10:50:00+00:00,buy,4437.4248046875,4440.739156602429,0.56,182.24370723601956,tp
2026-08-11 10:50:00+00:00,2026-08-11 10:55:00+00:00,buy,4439.8251953125,4437.7680242545875,0.67,-141.85046088013453,sl
2026-08-11 11:00:00+00:00,2026-08-11 11:05:00+00:00,buy,4441.22509765625,4445.206615850248,0.47,184.31135511792735,tp
2026-08-12 07:05:00+00:00,2026-08-12 07:10:00+00:00,sell,4460.77490234375,4463.449337523709,0.16,-43.75096287934226,sl
2026-08-12 07:15:00+00:00,2026-08-12 07:30:00+00:00,sell,4460.6748046875,4463.279492424058,0.17,-45.299691521484895,sl
2026-08-12 07:35:00+00:00,2026-08-12 07:40:00+00:00,sell,4463.1748046875,4465.6355279922545,0.18,-45.37301948558168,sl
2026-08-12 07:45:00+00:00,2026-08-12 07:50:00+00:00,sell,4467.1748046875,4469.5613721016825,0.19,-46.484780869468196,sl
2026-08-12 07:55:00+00:00,2026-08-12 08:30:00+00:00,sell,4467.97509765625,4464.788100192521,0.19,59.41295181085694,tp
2026-08-12 08:30:00+00:00,2026-08-12 08:45:00+00:00,sell,4466.27490234375,4463.605984709073,0.23,60.0051055975756,tp
2026-08-12 08:45:00+00:00,2026-08-12 08:55:00+00:00,sell,4464.47509765625,4462.080936796173,0.25,58.3540215019284,tp
2026-08-12 08:55:00+00:00,2026-08-12 09:00:00+00:00,sell,4462.1748046875,4463.8391313709535,0.28,-48.28114713669828,sl
2026-08-12 09:05:00+00:00,2026-08-12 09:10:00+00:00,sell,4466.27490234375,4468.207842094322,0.23,-45.83761426314857,sl
2026-08-12 09:15:00+00:00,2026-08-12 09:20:00+00:00,sell,4472.47509765625,4474.780496186957,0.19,-44.9425720834321,sl
2026-08-12 09:25:00+00:00,2026-08-12 09:30:00+00:00,sell,4483.0751953125,4478.236370780403,0.13,62.124718917256104,tp
2026-08-12 09:30:00+00:00,2026-08-12 09:35:00+00:00,sell,4472.5751953125,4475.896190632434,0.13,-43.9529391591407,sl
2026-08-12 09:40:00+00:00,2026-08-12 09:50:00+00:00,sell,4475.6748046875,4471.299787981208,0.14,60.41023388808404,tp
2026-08-12 09:50:00+00:00,2026-08-12 09:55:00+00:00,sell,4472.375,4475.388023990521,0.14,-43.02233586729549,sl
2026-08-12 10:00:00+00:00,2026-08-12 10:05:00+00:00,sell,4475.375,4478.172690450103,0.16,-45.72304720164626,sl
2026-08-12 10:10:00+00:00,2026-08-12 10:20:00+00:00,sell,4477.27490234375,4479.988723170716,0.16,-44.38113323145895,sl
2026-08-12 10:25:00+00:00,2026-08-12 10:35:00+00:00,sell,4478.47509765625,4475.269902473347,0.19,59.75870847514885,tp
2026-08-12 10:35:00+00:00,2026-08-12 10:40:00+00:00,sell,4476.1748046875,4472.994504958453,0.19,59.28569485189233,tp
2026-08-12 10:40:00+00:00,2026-08-12 10:45:00+00:00,sell,4473.5751953125,4470.607613932742,0.2,58.15162759515151,tp
2026-08-12 10:45:00+00:00,2026-08-12 10:50:00+00:00,sell,4473.97509765625,4470.32784874171,0.17,60.98323154717808,tp
2026-08-12 10:50:00+00:00,2026-08-12 10:55:00+00:00,sell,4468.47509765625,4471.003603626317,0.21,-54.35862537141271,sl
2026-08-12 11:00:00+00:00,2026-08-12 11:10:00+00:00,sell,4472.1748046875,4468.777483534141,0.18,60.071780760468684,tp
2026-08-12 11:10:00+00:00,2026-08-12 11:25:00+00:00,sell,4470.27490234375,4472.63992204721,0.22,-53.350433476127655,sl
2026-08-12 11:30:00+00:00,2026-08-12 11:35:00+00:00,sell,4474.77490234375,4471.608290202068,0.19,59.02563069195763,tp
2026-08-12 11:35:00+00:00,2026-08-12 11:55:00+00:00,sell,4472.97509765625,4475.297933629778,0.23,-54.8052273911352,sl
2026-08-12 12:00:00+00:00,2026-08-12 12:05:00+00:00,sell,4472.27490234375,4469.385391082543,0.21,59.41973648535099,tp
2026-08-12 12:05:00+00:00,2026-08-12 12:20:00+00:00,sell,4468.1748046875,4465.37521654237,0.27,73.96887991850315,tp
2026-08-12 12:20:00+00:00,2026-08-12 12:25:00+00:00,sell,4467.6748046875,4469.8306568554335,0.32,-70.90726937387255,sl_and_tp_same_bar
2026-08-12 12:30:00+00:00,2026-08-12 12:35:00+00:00,sell,4487.875,4476.847097963712,0.07,76.7753142540142,tp
2026-08-12 12:35:00+00:00,2026-08-12 12:40:00+00:00,sell,4484.47509765625,4492.27598879805,0.08,-62.887129134400745,sl
2026-08-12 12:45:00+00:00,2026-08-12 12:55:00+00:00,sell,4488.375,4496.271848165952,0.07,-55.69793716166526,sl
2026-08-12 13:00:00+00:00,2026-08-12 13:10:00+00:00,sell,4497.6748046875,4486.317957712374,0.06,67.78108185075747,tp
2026-08-12 13:10:00+00:00,2026-08-12 13:20:00+00:00,sell,4490.0751953125,4479.560833723405,0.08,83.63489271275786,tp
2026-08-12 13:20:00+00:00,2026-08-12 13:30:00+00:00,sell,4484.375,4474.371864326552,0.1,99.43135673448015,tp
2026-08-12 13:50:00+00:00,2026-08-12 14:10:00+00:00,sell,4487.97509765625,4494.256061959099,0.14,-88.77350023988025,sl
2026-08-12 14:15:00+00:00,2026-08-12 14:20:00+00:00,sell,4491.97509765625,4497.1063878846335,0.14,-72.67806319736869,sl
2026-08-12 14:25:00+00:00,2026-08-12 14:30:00+00:00,sell,4496.27490234375,4489.295482019771,0.13,89.95246421172644,tp
2026-08-12 14:30:00+00:00,2026-08-12 14:35:00+00:00,sell,4491.1748046875,4483.102640406718,0.14,112.17029993094927,tp
2026-08-12 14:45:00+00:00,2026-08-12 14:50:00+00:00,sell,4484.5751953125,4476.376004339388,0.17,138.36624654290924,tp
2026-08-12 14:50:00+00:00,2026-08-12 15:10:00+00:00,sell,4481.27490234375,4486.849434905992,0.22,-123.95971636932364,sl
2026-08-12 15:15:00+00:00,2026-08-12 15:30:00+00:00,sell,4486.375,4479.253458935803,0.2,141.23082128394236,tp
2026-08-12 15:30:00+00:00,2026-08-12 15:45:00+00:00,sell,4480.97509765625,4474.464958178451,0.28,180.6039053783828,tp
2026-08-12 16:00:00+00:00,2026-08-12 16:15:00+00:00,sell,4480.0751953125,4484.07976416436,0.34,-138.19534096325063,sl
2026-08-12 16:20:00+00:00,2026-08-12 16:30:00+00:00,sell,4484.875,4479.984649792782,0.39,188.38365808150334,tp
2026-08-12 16:30:00+00:00,2026-08-12 16:35:00+00:00,sell,4482.97509765625,4477.620977233245,0.36,190.58833522818153,tp
2026-08-12 16:50:00+00:00,2026-08-12 16:55:00+00:00,buy,4462.625,4458.87588938782,0.36,-137.12798203846992,sl
2026-08-12 17:00:00+00:00,2026-08-12 17:05:00+00:00,buy,4461.8251953125,4467.432961498055,0.34,188.62405030887655,tp
2026-08-12 17:05:00+00:00,2026-08-12 17:20:00+00:00,buy,4463.9248046875,4469.392225485814,0.35,189.25972794100326,tp
2026-08-13 07:05:00+00:00,2026-08-13 07:10:00+00:00,buy,4436.9248046875,4434.23814928544,0.17,-46.69314183501731,sl
2026-08-13 07:15:00+00:00,2026-08-13 07:20:00+00:00,buy,4433.72509765625,4431.096788466759,0.17,-45.701256221349034,sl
2026-08-13 07:25:00+00:00,2026-08-13 07:30:00+00:00,buy,4433.22509765625,4430.781977538643,0.19,-47.55928223452669,sl
2026-08-13 07:35:00+00:00,2026-08-13 07:40:00+00:00,buy,4430.02490234375,4433.542881478337,0.18,62.243624422569994,tp
2026-08-13 07:40:00+00:00,2026-08-13 07:45:00+00:00,buy,4431.22509765625,4428.595265267378,0.17,-45.72715061082865,sl_and_tp_same_bar
2026-08-13 07:50:00+00:00,2026-08-13 08:00:00+00:00,buy,4428.4248046875,4425.566647248746,0.16,-46.69051902005682,sl
2026-08-13 08:05:00+00:00,2026-08-13 08:10:00+00:00,buy,4423.8251953125,4420.963595770148,0.16,-46.745592677639216,sl
2026-08-14 07:05:00+00:00,2026-08-14 07:10:00+00:00,sell,4391.0751953125,4388.134078917265,0.21,60.50344429994424,tp
2026-08-14 07:10:00+00:00,2026-08-14 07:15:00+00:00,sell,4390.47509765625,4387.474808499129,0.26,76.44751808515088,tp
2026-08-14 07:15:00+00:00,2026-08-14 07:20:00+00:00,sell,4386.97509765625,4389.089804655365,0.34,-73.94003796990278,sl
2026-08-14 07:25:00+00:00,2026-08-14 07:30:00+00:00,sell,4392.0751953125,4388.673700947665,0.23,76.85437039121291,tp
2026-08-14 07:30:00+00:00,2026-08-14 07:35:00+00:00,sell,4387.875,4390.2535457024605,0.31,-75.5949167762768,sl
2026-08-14 07:40:00+00:00,2026-08-14 07:45:00+00:00,sell,4392.375,4394.734543424848,0.25,-60.48858562120495,sl
2026-08-14 07:50:00+00:00,2026-08-14 07:55:00+00:00,sell,4398.47509765625,4400.722761488414,0.21,-48.46094047544626,sl
2026-08-14 08:00:00+00:00,2026-08-14 08:05:00+00:00,sell,4399.6748046875,4402.130707951992,0.19,-47.80216202534815,sl
2026-08-14 08:10:00+00:00,2026-08-14 08:15:00+00:00,sell,4401.1748046875,4403.645736090885,0.18,-45.55676526093528,sl
2026-08-14 08:20:00+00:00,2026-08-14 08:35:00+00:00,sell,4402.375,4404.77084160132,0.19,-46.660990425083256,sl
2026-08-14 08:40:00+00:00,2026-08-14 08:45:00+00:00,sell,4404.1748046875,4400.75178888476,0.18,60.53428444932608,tp
2026-08-14 08:45:00+00:00,2026-08-14 08:50:00+00:00,sell,4399.6748046875,4402.017777186028,0.2,-48.0594499705614,sl
2026-08-14 08:55:00+00:00,2026-08-14 09:00:00+00:00,sell,4402.5751953125,4404.862685975283,0.2,-46.94981325566114,sl
2026-08-17 07:05:00+00:00,2026-08-17 07:10:00+00:00,sell,4457.97509765625,4454.911532149909,0.2,60.07131012681275,tp
2026-08-17 07:10:00+00:00,2026-08-17 07:15:00+00:00,sell,4456.375,4453.112611717422,0.24,76.85731878187886,tp
2026-08-17 07:30:00+00:00,2026-08-17 07:35:00+00:00,sell,4461.1748046875,4463.737139334625,0.28,-73.4253701194936,sl
2026-08-17 07:40:00+00:00,2026-08-17 07:50:00+00:00,sell,4464.1748046875,4460.610596453822,0.22,77.09258114091762,tp
2026-08-17 07:50:00+00:00,2026-08-17 08:00:00+00:00,sell,4463.6748046875,4460.1856079857325,0.28,96.01750764948913,tp
2026-08-17 08:00:00+00:00,2026-08-17 08:05:00+00:00,sell,4461.6748046875,4458.167551543311,0.35,120.65386004662322,tp
2026-08-17 08:15:00+00:00,2026-08-17 08:35:00+00:00,sell,4459.1748046875,4455.8413734081105,0.47,153.85127013130722,tp
2026-08-17 08:55:00+00:00,2026-08-17 09:05:00+00:00,buy,4449.9248046875,4452.81157671409,0.67,189.3937257815182,tp
2026-08-17 09:40:00+00:00,2026-08-17 09:45:00+00:00,buy,4451.3251953125,4449.359581730597,0.73,-147.8697914789335,sl
2026-08-17 09:55:00+00:00,2026-08-17 10:05:00+00:00,buy,4450.22509765625,4452.7483105522515,0.76,187.2041800961137,tp
2026-08-17 10:05:00+00:00,2026-08-17 10:15:00+00:00,buy,4450.9248046875,4453.344051349524,0.8,188.73973296194453,tp
2026-08-17 10:30:00+00:00,2026-08-17 10:35:00+00:00,sell,4461.47509765625,4456.74066979642,0.42,196.3259701128704,tp
2026-08-18 07:05:00+00:00,2026-08-18 07:10:00+00:00,buy,4455.625,4453.655014855151,0.24,-48.71964347636589,sl
2026-08-18 07:15:00+00:00,2026-08-18 07:20:00+00:00,buy,4453.3251953125,4455.912433263196,0.25,63.18094876740906,tp
2026-08-18 07:20:00+00:00,2026-08-18 07:25:00+00:00,buy,4455.625,4458.126582786437,0.27,65.9227352338047,tp
2026-08-18 07:25:00+00:00,2026-08-18 07:30:00+00:00,buy,4457.02490234375,4455.158336803253,0.34,-65.50322837688422,sl
2026-08-18 07:35:00+00:00,2026-08-18 07:40:00+00:00,buy,4453.125,4456.442995873543,0.21,68.41791334439698,tp
2026-08-18 07:40:00+00:00,2026-08-18 07:45:00+00:00,buy,4457.9248046875,4455.562510370286,0.27,-65.401946564779,sl
2026-08-18 07:50:00+00:00,2026-08-18 07:55:00+00:00,buy,4455.52490234375,4453.304505619099,0.23,-52.449124666983046,sl
2026-08-18 08:00:00+00:00,2026-08-18 08:05:00+00:00,buy,4451.72509765625,4449.652383352512,0.23,-49.05242898598306,sl
2026-08-18 08:10:00+00:00,2026-08-18 08:20:00+00:00,buy,4446.3251953125,4443.852432957692,0.19,-48.122484741349254,sl
2026-08-18 08:25:00+00:00,2026-08-18 08:30:00+00:00,buy,4444.125,4447.299557945728,0.2,62.291158914566765,tp
2026-08-18 08:30:00+00:00,2026-08-18 08:35:00+00:00,buy,4445.02490234375,4448.323542667547,0.2,64.77280647594743,tp
2026-08-18 08:35:00+00:00,2026-08-18 08:40:00+00:00,buy,4449.3251953125,4452.815397134791,0.19,65.17383462353006,tp
2026-08-18 08:40:00+00:00,2026-08-18 08:45:00+00:00,buy,4453.72509765625,4451.351314381149,0.25,-60.8445818775308,sl
2026-08-18 08:50:00+00:00,2026-08-18 09:20:00+00:00,buy,4448.72509765625,4446.3675818643405,0.2,-48.350315838189275,sl
2026-08-18 09:25:00+00:00,2026-08-18 09:30:00+00:00,buy,4445.625,4448.0030361669815,0.27,62.586976508499795,tp
2026-08-18 09:30:00+00:00,2026-08-18 09:35:00+00:00,buy,4444.9248046875,4447.557090980134,0.26,66.87944360847308,tp
2026-08-18 09:35:00+00:00,2026-08-18 09:40:00+00:00,buy,4449.9248046875,4447.846705940645,0.31,-66.28106115251045,sl
2026-08-18 09:45:00+00:00,2026-08-18 09:50:00+00:00,buy,4444.625,4447.861272504791,0.21,66.70172260060211,tp
2026-08-18 09:50:00+00:00,2026-08-18 10:00:00+00:00,buy,4448.52490234375,4451.577028618734,0.28,83.77953569956328,tp
2026-08-18 10:00:00+00:00,2026-08-18 10:20:00+00:00,buy,4449.8251953125,4447.684773539804,0.38,-83.61602736244211,sl
2026-08-18 10:25:00+00:00,2026-08-18 10:35:00+00:00,buy,4448.4248046875,4450.997996592901,0.33,82.93533287821857,tp
2026-08-18 10:35:00+00:00,2026-08-18 10:40:00+00:00,buy,4450.22509765625,4452.866739576307,0.41,105.84731872232992,tp
2026-08-18 10:40:00+00:00,2026-08-18 11:00:00+00:00,buy,4454.22509765625,4452.365577810773,0.55,-105.5735915012254,sl
2026-08-18 11:05:00+00:00,2026-08-18 11:10:00+00:00,buy,4450.625,4448.778531190799,0.44,-83.88462760483584,sl
2026-08-18 11:15:00+00:00,2026-08-18 11:20:00+00:00,buy,4449.8251953125,4448.046626274978,0.36,-66.18848535079829,sl
2026-08-18 11:25:00+00:00,2026-08-18 11:35:00+00:00,buy,4446.625,4444.817415610428,0.28,-52.292362908021175,sl
2026-08-18 11:40:00+00:00,2026-08-18 11:45:00+00:00,buy,4446.625,4448.99549054409,0.27,62.38324469042971,tp
2026-08-18 11:45:00+00:00,2026-08-18 11:55:00+00:00,buy,4447.125,4449.5467819090445,0.29,68.49167536229085,tp
2026-08-18 11:55:00+00:00,2026-08-18 12:00:00+00:00,buy,4447.3251953125,4450.17233025196,0.31,86.40118312327162,tp
2026-08-18 12:00:00+00:00,2026-08-18 12:05:00+00:00,buy,4452.72509765625,4450.458879760673,0.37,-86.07006213635006,sl
2026-08-18 12:10:00+00:00,2026-08-18 12:20:00+00:00,buy,4447.8251953125,4451.299813829017,0.26,88.7800814294364,tp
2026-08-18 12:20:00+00:00,2026-08-18 12:30:00+00:00,buy,4449.3251953125,4453.1855025260165,0.3,114.00921640549605,tp
2026-08-18 12:30:00+00:00,2026-08-18 12:35:00+00:00,buy,4452.125,4449.242290147157,0.36,-105.93755470233751,sl
2026-08-18 12:40:00+00:00,2026-08-18 12:55:00+00:00,buy,4450.52490234375,4447.6960506237265,0.3,-86.66555160070565,sl
2026-08-18 13:00:00+00:00,2026-08-18 13:05:00+00:00,buy,4450.625,4447.527373105883,0.21,-66.31016477645132,sl
2026-08-18 13:10:00+00:00,2026-08-18 13:15:00+00:00,buy,4445.125,4450.106784634038,0.15,73.82676951057564,tp
2026-08-18 13:20:00+00:00,2026-08-18 13:30:00+00:00,buy,4447.625,4443.955098317048,0.18,-67.13823029312887,sl_and_tp_same_bar
2026-08-18 13:55:00+00:00,2026-08-18 14:00:00+00:00,buy,4447.125,4454.232465431565,0.11,77.52211974721817,tp
2026-08-18 14:35:00+00:00,2026-08-18 14:40:00+00:00,buy,4446.02490234375,4440.70939146578,0.13,-69.88164141361202,sl
2026-08-18 14:45:00+00:00,2026-08-18 14:50:00+00:00,buy,4435.8251953125,4430.471401690547,0.1,-54.137936219527184,sl_and_tp_same_bar
2026-08-18 14:55:00+00:00,2026-08-18 15:00:00+00:00,buy,4435.125,4428.260329387845,0.06,-41.5480236729321,sl
2026-08-18 15:05:00+00:00,2026-08-18 15:10:00+00:00,buy,4432.02490234375,4425.020046278398,0.06,-42.389136392113286,sl
2026-08-18 15:15:00+00:00,2026-08-18 15:20:00+00:00,buy,4415.52490234375,4408.576342572718,0.06,-42.051358626190776,sl
2026-08-18 15:25:00+00:00,2026-08-18 15:45:00+00:00,buy,4409.72509765625,4418.854349998279,0.07,63.48476639420195,tp
2026-08-18 15:45:00+00:00,2026-08-18 15:50:00+00:00,buy,4413.9248046875,4421.517505992825,0.08,60.26161044260109,tp
2026-08-18 15:50:00+00:00,2026-08-18 16:05:00+00:00,buy,4419.52490234375,4426.736565089615,0.09,64.36496471278856,tp
2026-08-18 16:05:00+00:00,2026-08-18 16:25:00+00:00,buy,4423.4248046875,4419.262585145461,0.14,-59.111073588541196,sl
2026-08-18 16:30:00+00:00,2026-08-18 17:35:00+00:00,buy,4419.8251953125,4416.485510121975,0.14,-47.595592667355824,sl
2026-08-18 17:40:00+00:00,2026-08-18 17:45:00+00:00,buy,4418.52490234375,4415.662900157874,0.16,-46.752034974016134,sl
2026-08-18 17:50:00+00:00,2026-08-18 18:00:00+00:00,buy,4413.625,4411.048480684553,0.18,-47.45734767803886,sl
2026-08-18 18:05:00+00:00,2026-08-18 18:10:00+00:00,buy,4409.22509765625,4412.618216426433,0.19,63.32925663347338,tp
2026-08-18 18:10:00+00:00,2026-08-18 18:25:00+00:00,buy,4411.4248046875,4415.008840954992,0.18,63.4326528148503,tp
2026-08-18 18:25:00+00:00,2026-08-18 18:40:00+00:00,buy,4412.125,4409.5498594243845,0.18,-47.432530361078605,sl
2026-08-18 18:45:00+00:00,2026-08-18 19:00:00+00:00,buy,4409.625,4412.962288568857,0.19,62.268482808279586,tp
2026-08-18 19:00:00+00:00,2026-08-18 19:10:00+00:00,buy,4409.625,4412.567785948332,0.22,63.42129086330686,tp
2026-08-18 19:10:00+00:00,2026-08-18 19:15:00+00:00,buy,4410.3251953125,4413.168419987303,0.29,80.71351556929928,tp
2026-08-18 19:15:00+00:00,2026-08-18 19:20:00+00:00,buy,4412.4248046875,4410.216822618447,0.34,-77.11139034781176,sl
2026-08-18 19:25:00+00:00,2026-08-18 19:30:00+00:00,buy,4408.22509765625,4411.217260058216,0.28,82.10054725505354,tp
2026-08-18 19:30:00+00:00,2026-08-18 19:40:00+00:00,buy,4409.9248046875,4407.734793146919,0.35,-78.75040392032096,sl
2026-08-18 19:45:00+00:00,2026-08-18 19:50:00+00:00,buy,4404.4248046875,4401.492845288435,0.21,-62.83114738036307,sl
2026-08-18 19:55:00+00:00,2026-08-18 20:00:00+00:00,buy,4400.52490234375,4397.220087388175,0.14,-47.107409378053354,sl
2026-08-18 20:05:00+00:00,2026-08-18 20:10:00+00:00,buy,4398.4248046875,4395.490092634757,0.16,-47.9153928438836,sl
2026-08-18 20:15:00+00:00,2026-08-18 20:20:00+00:00,buy,4397.22509765625,4394.580624006078,0.18,-48.68052570309017,sl
2026-08-18 20:25:00+00:00,2026-08-18 20:40:00+00:00,buy,4393.22509765625,4390.459427378454,0.17,-48.03639472252919,sl
2026-08-18 20:45:00+00:00,2026-08-18 22:00:00+00:00,buy,4387.125,4391.004113397436,0.17,64.92492775641902,tp
2026-08-18 22:00:00+00:00,2026-08-18 22:20:00+00:00,buy,4391.52490234375,4388.815598114315,0.17,-47.07817190038761,sl
2026-08-19 07:10:00+00:00,2026-08-19 07:15:00+00:00,sell,4406.47509765625,4402.519115832457,0.16,62.3357091806893,tp
2026-08-19 07:15:00+00:00,2026-08-19 07:20:00+00:00,sell,4403.6748046875,4406.485713109303,0.21,-60.28907685786522,sl
2026-08-19 07:25:00+00:00,2026-08-19 07:30:00+00:00,sell,4407.77490234375,4410.581286752793,0.17,-48.728534953730126,sl
2026-08-19 07:35:00+00:00,2026-08-19 07:40:00+00:00,sell,4412.97509765625,4408.843024347062,0.16,65.15317294700712,tp
2026-08-19 07:40:00+00:00,2026-08-19 08:00:00+00:00,sell,4411.1748046875,4406.98631771537,0.17,70.18427852620651,tp
2026-08-19 08:00:00+00:00,2026-08-19 08:05:00+00:00,sell,4408.27490234375,4411.025982000962,0.23,-64.65483211588423,sl
2026-08-19 08:10:00+00:00,2026-08-19 08:30:00+00:00,sell,4414.6748046875,4410.965892961207,0.19,69.32932279956854,tp
2026-08-19 08:30:00+00:00,2026-08-19 08:35:00+00:00,sell,4414.1748046875,4410.8821775504975,0.27,87.28093269906628,tp
2026-08-19 08:35:00+00:00,2026-08-19 08:40:00+00:00,sell,4410.77490234375,4413.21050791874,0.34,-84.85058954967376,sl
2026-08-19 08:45:00+00:00,2026-08-19 08:50:00+00:00,sell,4416.27490234375,4413.066956000094,0.28,88.14249762236098,tp
2026-08-19 08:50:00+00:00,2026-08-19 08:55:00+00:00,sell,4415.6748046875,4412.479298064665,0.36,112.8782384220502,tp
2026-08-19 08:55:00+00:00,2026-08-19 09:15:00+00:00,sell,4412.0751953125,4408.890469781043,0.45,140.61264891556203,tp
2026-08-19 09:15:00+00:00,2026-08-19 09:40:00+00:00,sell,4410.0751953125,4412.345337618385,0.59,-137.47839604722688,sl
2026-08-19 09:45:00+00:00,2026-08-19 09:50:00+00:00,sell,4413.1748046875,4415.237263957772,0.52,-110.36788205412188,sl
2026-08-19 09:55:00+00:00,2026-08-19 10:00:00+00:00,sell,4414.375,4416.389366976893,0.42,-87.12341302951201,sl
2026-08-19 10:05:00+00:00,2026-08-19 10:10:00+00:00,sell,4414.27490234375,4416.354545102227,0.33,-70.6082110297525,sl
2026-08-19 10:15:00+00:00,2026-08-19 10:20:00+00:00,sell,4418.27490234375,4420.504850508729,0.24,-54.95875595949241,sl
2026-08-19 10:25:00+00:00,2026-08-19 11:00:00+00:00,sell,4422.6748046875,4424.753086413361,0.23,-49.18047969481257,sl
2026-08-19 11:05:00+00:00,2026-08-19 11:10:00+00:00,sell,4425.47509765625,4427.238265090482,0.27,-49.22552072426253,sl
2026-08-19 11:15:00+00:00,2026-08-19 11:20:00+00:00,sell,4428.27490234375,4425.647030576181,0.24,61.62892242164759,tp
2026-08-19 11:20:00+00:00,2026-08-19 11:25:00+00:00,sell,4425.27490234375,4427.1984582886225,0.25,-49.588898621813314,sl
2026-08-19 11:30:00+00:00,2026-08-19 11:35:00+00:00,sell,4425.77490234375,4423.175912125027,0.25,63.47475546807436,tp
2026-08-19 11:35:00+00:00,2026-08-19 11:40:00+00:00,sell,4424.0751953125,4421.491415508356,0.25,63.09449510359718,tp
2026-08-19 11:40:00+00:00,2026-08-19 11:45:00+00:00,sell,4422.6748046875,4419.840242398909,0.24,66.58949492618063,tp
2026-08-19 11:45:00+00:00,2026-08-19 11:50:00+00:00,sell,4417.875,4420.053953697297,0.29,-64.92965722162465,sl
2026-08-19 11:55:00+00:00,2026-08-19 12:00:00+00:00,sell,4420.5751953125,4417.706050709378,0.24,67.41947047491936,tp
2026-08-19 12:00:00+00:00,2026-08-19 12:05:00+00:00,sell,4419.5751953125,4421.670145527637,0.31,-66.803456669248,sl
2026-08-19 12:10:00+00:00,2026-08-19 12:15:00+00:00,sell,4422.375,4424.639378057425,0.23,-53.46069532078298,sl
2026-08-19 12:20:00+00:00,2026-08-19 12:25:00+00:00,sell,4422.6748046875,4425.185902817299,0.19,-48.85086446618847,sl
2026-08-19 12:30:00+00:00,2026-08-19 12:35:00+00:00,sell,4424.1748046875,4427.655763879993,0.13,-46.03246950241126,sl
2026-08-19 12:40:00+00:00,2026-08-19 12:45:00+00:00,sell,4468.0751953125,4474.191825842084,0.07,-43.23641370708622,sl
2026-08-19 12:50:00+00:00,2026-08-19 12:55:00+00:00,sell,4474.27490234375,4481.1696081290265,0.06,-41.72823471165917,sl
2026-08-20 07:05:00+00:00,2026-08-20 07:15:00+00:00,buy,4545.625,4543.386762211602,0.21,-48.26299355635343,sl
2026-08-20 07:20:00+00:00,2026-08-20 07:25:00+00:00,buy,4544.02490234375,4541.875419756014,0.22,-48.60861693019644,sl
2026-08-20 07:30:00+00:00,2026-08-20 07:35:00+00:00,buy,4540.9248046875,4544.12947954885,0.2,62.89349722700426,tp
2026-08-20 07:35:00+00:00,2026-08-20 07:40:00+00:00,buy,4546.4248046875,4549.47351118192,0.21,62.76283638282006,tp
2026-08-20 07:40:00+00:00,2026-08-20 07:45:00+00:00,buy,4546.625,4549.766580784747,0.23,70.87635804918148,tp
2026-08-20 07:45:00+00:00,2026-08-20 08:00:00+00:00,buy,4547.625,4551.111036680114,0.26,89.0769536829643,tp
2026-08-20 08:00:00+00:00,2026-08-20 08:10:00+00:00,buy,4548.02490234375,4551.3905105116555,0.34,112.3906777087877,tp
2026-08-20 08:45:00+00:00,2026-08-20 08:50:00+00:00,buy,4547.4248046875,4544.769974788212,0.39,-105.87836607224821,sl
2026-08-20 09:00:00+00:00,2026-08-20 09:05:00+00:00,buy,4546.3251953125,4549.824319860966,0.33,113.49111009938362,tp
2026-08-20 09:05:00+00:00,2026-08-20 09:20:00+00:00,buy,4547.8251953125,4545.238248871997,0.41,-108.5248040606311,sl
2026-08-20 09:25:00+00:00,2026-08-20 09:30:00+00:00,buy,4546.8251953125,4544.3289942372285,0.34,-86.91083655923198,sl
2026-08-20 09:35:00+00:00,2026-08-20 09:45:00+00:00,buy,4544.52490234375,4542.063106452768,0.28,-70.61028494749888,sl
2026-08-20 09:50:00+00:00,2026-08-20 09:55:00+00:00,buy,4542.3251953125,4539.757134679911,0.21,-55.18927328436144,sl
2026-08-20 10:00:00+00:00,2026-08-20 10:05:00+00:00,buy,4539.22509765625,4542.817456385634,0.18,63.58245712890668,tp
2026-08-20 10:05:00+00:00,2026-08-20 10:10:00+00:00,buy,4542.02490234375,4545.685636680049,0.21,75.61542106228647,tp
2026-08-20 10:10:00+00:00,2026-08-20 10:20:00+00:00,buy,4546.22509765625,4543.672784484166,0.28,-73.14476881834679,sl
2026-08-20 10:25:00+00:00,2026-08-20 10:30:00+00:00,buy,4545.3251953125,4548.929355993058,0.22,77.97153497228436,tp
2026-08-20 10:50:00+00:00,2026-08-20 10:55:00+00:00,buy,4546.9248046875,4544.653415535045,0.32,-74.60445287857321,sl
2026-08-20 11:00:00+00:00,2026-08-20 11:05:00+00:00,buy,4546.8251953125,4544.570161800489,0.26,-60.190871312294405,sl
2026-08-20 11:10:00+00:00,2026-08-20 11:15:00+00:00,buy,4544.02490234375,4541.730942797506,0.2,-47.07919092487937,sl
2026-08-20 11:20:00+00:00,2026-08-20 11:25:00+00:00,buy,4538.72509765625,4542.274983484602,0.18,62.81794491033172,tp
2026-08-20 11:25:00+00:00,2026-08-20 11:30:00+00:00,buy,4543.9248046875,4541.228568570008,0.18,-49.61225011485483,sl
2026-08-20 11:35:00+00:00,2026-08-20 11:40:00+00:00,buy,4541.3251953125,4538.488093587029,0.16,-46.35362760754011,sl
2026-08-20 11:45:00+00:00,2026-08-20 11:50:00+00:00,buy,4530.9248046875,4527.353662863701,0.13,-47.20484370938473,sl
2026-08-20 11:55:00+00:00,2026-08-20 12:00:00+00:00,buy,4523.4248046875,4519.7369994815135,0.12,-44.97366247183774,sl
2026-08-20 12:05:00+00:00,2026-08-20 12:10:00+00:00,buy,4513.52490234375,4519.543562615411,0.11,65.54526298827372,tp
2026-08-20 12:10:00+00:00,2026-08-20 12:15:00+00:00,buy,4512.8251953125,4519.188665725023,0.1,63.03470412523384,tp
2026-08-20 12:15:00+00:00,2026-08-20 12:25:00+00:00,buy,4517.9248046875,4513.626926296375,0.1,-43.578783911248685,sl
2026-08-20 12:30:00+00:00,2026-08-20 12:35:00+00:00,buy,4515.02490234375,4510.477638409402,0.1,-46.07263934347939,sl
2026-08-20 12:40:00+00:00,2026-08-20 12:45:00+00:00,buy,4518.02490234375,4524.933526741032,0.09,61.63761957554194,tp
2026-08-20 12:45:00+00:00,2026-08-20 12:50:00+00:00,buy,4521.72509765625,4528.5959054672285,0.09,61.29727029880629,tp
2026-08-20 12:50:00+00:00,2026-08-20 13:00:00+00:00,buy,4526.4248046875,4533.034849842431,0.1,65.50045154930959,tp
2026-08-20 13:00:00+00:00,2026-08-20 13:25:00+00:00,buy,4529.9248046875,4525.167061416864,0.11,-52.99517597699301,sl
2026-08-20 13:30:00+00:00,2026-08-20 13:35:00+00:00,buy,4526.9248046875,4532.906793027947,0.11,65.14187174491767,tp
2026-08-20 13:35:00+00:00,2026-08-20 13:40:00+00:00,buy,4530.4248046875,4536.996551353387,0.12,78.14095999064492,tp
2026-08-20 14:30:00+00:00,2026-08-20 14:35:00+00:00,sell,4547.47509765625,4552.232239789272,0.15,-72.25713199533257,sl
2026-08-20 14:40:00+00:00,2026-08-20 14:45:00+00:00,sell,4551.6748046875,4556.4497013410255,0.12,-58.018759842306025,sl
2026-08-20 14:50:00+00:00,2026-08-20 14:55:00+00:00,sell,4563.6748046875,4568.435831229482,0.1,-48.21026541981664,sl
2026-08-20 15:00:00+00:00,2026-08-20 15:05:00+00:00,sell,4571.6748046875,4577.519301255422,0.07,-41.33147597545297,sl
2026-08-20 15:10:00+00:00,2026-08-20 15:15:00+00:00,sell,4581.0751953125,4587.745810755461,0.06,-40.38369265776724,sl
2026-08-20 15:20:00+00:00,2026-08-20 15:25:00+00:00,sell,4595.77490234375,4585.274777173848,0.06,62.640751019413656,tp
2026-08-20 15:25:00+00:00,2026-08-20 15:30:00+00:00,sell,4582.875,4589.834937771777,0.06,-42.11962663066093,sl
2026-08-20 15:35:00+00:00,2026-08-20 15:40:00+00:00,sell,4580.0751953125,4570.129123756298,0.06,59.31642933721072,tp
2026-08-20 15:40:00+00:00,2026-08-20 16:25:00+00:00,sell,4574.47509765625,4564.359823922125,0.06,60.3316424047522,tp
2026-08-20 16:25:00+00:00,2026-08-20 16:30:00+00:00,sell,4567.77490234375,4561.185301625158,0.11,71.82560790451211,tp
2026-08-20 16:30:00+00:00,2026-08-20 16:50:00+00:00,sell,4565.77490234375,4570.371441613103,0.14,-65.1915497709468,sl
2026-08-20 16:55:00+00:00,2026-08-20 17:00:00+00:00,sell,4565.875,4569.560807102951,0.14,-52.44129944131405,sl
2026-08-20 17:05:00+00:00,2026-08-20 17:25:00+00:00,sell,4568.0751953125,4571.507785737883,0.13,-45.40367552997694,sl
2026-08-20 17:30:00+00:00,2026-08-20 17:35:00+00:00,sell,4569.47509765625,4573.0251333279775,0.13,-46.930463732457866,sl
2026-08-20 17:40:00+00:00,2026-08-20 17:45:00+00:00,sell,4573.27490234375,4576.30581802607,0.15,-46.3637352347936,sl
2026-08-20 17:50:00+00:00,2026-08-20 18:00:00+00:00,sell,4575.77490234375,4578.523627796526,0.17,-47.74833269719104,sl
2026-08-21 07:05:00+00:00,2026-08-21 07:10:00+00:00,sell,4622.6748046875,4617.308144514559,0.12,63.679922075292126,tp
2026-08-21 07:10:00+00:00,2026-08-21 07:15:00+00:00,sell,4615.5751953125,4619.137177961033,0.16,-57.951722376522376,sl
2026-08-21 07:20:00+00:00,2026-08-21 07:25:00+00:00,sell,4623.0751953125,4618.0015138722365,0.13,65.17785872342549,tp
2026-08-21 07:25:00+00:00,2026-08-21 07:45:00+00:00,sell,4620.5751953125,4624.01587010993,0.17,-59.51147155630818,sl
2026-08-21 07:50:00+00:00,2026-08-21 07:55:00+00:00,sell,4623.375,4618.717472159754,0.14,64.36538976344505,tp
2026-08-21 07:55:00+00:00,2026-08-21 08:00:00+00:00,sell,4618.5751953125,4621.791441432698,0.19,-62.24867628375945,sl
2026-08-21 08:05:00+00:00,2026-08-21 08:10:00+00:00,sell,4617.875,4620.9912104538935,0.15,-47.64315680840209,sl
2026-08-21 08:15:00+00:00,2026-08-21 08:20:00+00:00,sell,4622.47509765625,4626.0953993763405,0.12,-44.16362064108645,sl
2026-08-21 08:25:00+00:00,2026-08-21 08:30:00+00:00,sell,4634.27490234375,4637.905262302396,0.12,-44.28431950375554,sl
2026-08-21 08:35:00+00:00,2026-08-21 08:55:00+00:00,sell,4637.875,4641.39932366755,0.13,-46.596207678145475,sl
2026-08-21 09:00:00+00:00,2026-08-21 09:05:00+00:00,sell,4640.97509765625,4643.993108717818,0.15,-46.17016592352538,sl
2026-08-23 22:10:00+00:00,2026-08-23 22:20:00+00:00,sell,4675.27490234375,4678.821584228706,0.13,-46.88686450443245,sl
2026-08-24 07:05:00+00:00,2026-08-24 07:15:00+00:00,sell,4704.97509765625,4698.975990578352,0.1,59.39107077897861,tp
2026-08-24 07:15:00+00:00,2026-08-24 07:30:00+00:00,sell,4703.875,4697.978462784407,0.13,75.87498380270401,tp
2026-08-24 07:30:00+00:00,2026-08-24 07:35:00+00:00,sell,4698.27490234375,4702.13011400983,0.18,-70.4738099894458,sl
2026-08-24 07:40:00+00:00,2026-08-24 07:45:00+00:00,sell,4700.5751953125,4694.7190917312155,0.14,81.14545013798322,tp
2026-08-24 08:30:00+00:00,2026-08-24 08:35:00+00:00,buy,4685.125,4691.276706590242,0.17,103.55901203410895,tp
2026-08-24 08:45:00+00:00,2026-08-24 08:55:00+00:00,sell,4701.1748046875,4695.330334240784,0.22,127.2583498277433,tp
2026-08-24 09:10:00+00:00,2026-08-24 09:15:00+00:00,sell,4697.77490234375,4692.567683070928,0.31,159.56379745747984,tp
2026-08-24 09:50:00+00:00,2026-08-24 10:00:00+00:00,sell,4700.1748046875,4703.333229059737,0.45,-144.82909675067748,sl
2026-08-24 10:05:00+00:00,2026-08-24 10:20:00+00:00,sell,4705.77490234375,4701.750711655337,0.42,166.496008913346,tp
2026-08-24 10:20:00+00:00,2026-08-24 10:25:00+00:00,sell,4704.0751953125,4700.304036004322,0.52,192.98028402523676,tp
2026-08-24 10:25:00+00:00,2026-08-24 10:35:00+00:00,sell,4701.6748046875,4704.370918954447,0.53,-146.07405614819135,sl
2026-08-24 10:40:00+00:00,2026-08-24 10:45:00+00:00,sell,4704.875,4700.9969156434245,0.51,194.7223021853519,tp
2026-08-24 10:45:00+00:00,2026-08-24 10:50:00+00:00,sell,4701.27490234375,4704.02478771505,0.52,-146.11403930757763,sl
2026-08-24 10:55:00+00:00,2026-08-24 11:00:00+00:00,sell,4702.77490234375,4699.159398679586,0.54,191.99719786485343,tp
2026-08-24 11:00:00+00:00,2026-08-24 11:05:00+00:00,sell,4699.97509765625,4702.8132697386,0.5,-144.90860411749782,sl
2026-08-24 11:15:00+00:00,2026-08-24 11:20:00+00:00,sell,4699.47509765625,4702.470036603728,0.47,-143.5821305314542,sl
2026-08-24 11:25:00+00:00,2026-08-24 11:30:00+00:00,sell,4698.1748046875,4701.414926885827,0.43,-141.90525452807387,sl
2026-08-24 11:35:00+00:00,2026-08-24 11:40:00+00:00,sell,4708.97509765625,4713.667098468549,0.26,-123.55202111976956,sl
2026-08-24 11:45:00+00:00,2026-08-24 11:50:00+00:00,sell,4716.77490234375,4708.770403043143,0.18,143.0009874109218,tp
2026-08-24 11:50:00+00:00,2026-08-24 11:55:00+00:00,sell,4706.5751953125,4712.36524716535,0.21,-122.85108890985863,sl
2026-08-24 12:00:00+00:00,2026-08-24 12:25:00+00:00,sell,4715.0751953125,4720.45635422503,0.19,-103.38201933806671,sl
2026-08-24 12:30:00+00:00,2026-08-24 12:40:00+00:00,sell,4719.27490234375,4724.95174267464,0.14,-80.31576463245607,sl
2026-08-24 12:45:00+00:00,2026-08-24 12:50:00+00:00,sell,4715.1748046875,4721.09835128586,0.11,-65.81901258196208,sl
2026-08-24 12:55:00+00:00,2026-08-24 13:05:00+00:00,sell,4724.77490234375,4730.15819522624,0.1,-54.43292882490423,sl
2026-08-24 13:10:00+00:00,2026-08-24 13:30:00+00:00,sell,4731.0751953125,4736.101113463524,0.09,-45.773263359213196,sl
2026-08-24 13:35:00+00:00,2026-08-24 13:40:00+00:00,sell,4737.0751953125,4729.35784549938,0.08,61.258798504957234,tp
2026-08-24 13:40:00+00:00,2026-08-24 13:45:00+00:00,sell,4724.1748046875,4730.11094013508,0.08,-47.969083580643634,sl_and_tp_same_bar
2026-08-24 13:50:00+00:00,2026-08-24 13:55:00+00:00,sell,4731.0751953125,4720.161799114476,0.06,65.12037718814521,tp
2026-08-24 13:55:00+00:00,2026-08-24 14:15:00+00:00,sell,4724.0751953125,4713.409620430462,0.07,74.23902417426332,tp
2026-08-24 14:15:00+00:00,2026-08-24 14:25:00+00:00,sell,4722.1748046875,4728.8925538390795,0.09,-60.999742364215344,sl
2026-08-24 14:30:00+00:00,2026-08-24 14:35:00+00:00,sell,4728.97509765625,4734.879317553034,0.09,-53.67797907105254,sl
2026-08-24 14:40:00+00:00,2026-08-24 14:45:00+00:00,sell,4733.1748046875,4725.294151832957,0.08,62.565222836342876,tp
2026-08-24 14:45:00+00:00,2026-08-24 14:50:00+00:00,sell,4729.375,4721.481767526063,0.1,78.33232473937133,tp
2026-08-24 14:50:00+00:00,2026-08-24 14:55:00+00:00,sell,4723.0751953125,4728.768967477997,0.12,-69.04526598596087,sl
2026-08-24 15:00:00+00:00,2026-08-24 15:05:00+00:00,sell,4727.6748046875,4733.525469773751,0.1,-59.10665086250956,sl
2026-08-24 15:10:00+00:00,2026-08-24 15:25:00+00:00,sell,4730.6748046875,4735.670022123118,0.09,-45.496956920558695,sl
2026-08-24 15:30:00+00:00,2026-08-24 15:35:00+00:00,sell,4732.97509765625,4726.102243660215,0.09,61.315685964313126,tp
2026-08-24 15:35:00+00:00,2026-08-24 15:40:00+00:00,sell,4729.6748046875,4722.858962734686,0.1,67.55841952813572,tp
2026-08-24 15:40:00+00:00,2026-08-24 15:45:00+00:00,sell,4725.375,4718.440580203395,0.13,89.36745735586166,tp
2026-08-24 15:45:00+00:00,2026-08-24 15:50:00+00:00,sell,4717.47509765625,4709.261933832526,0.14,114.14429353213943,tp
2026-08-24 16:20:00+00:00,2026-08-24 16:55:00+00:00,sell,4715.77490234375,4708.662054007621,0.2,141.05696672257983,tp
2026-08-24 17:25:00+00:00,2026-08-24 18:05:00+00:00,buy,4693.125,4687.6173492829585,0.23,-128.05596649195547,sl
2026-08-24 18:10:00+00:00,2026-08-24 18:15:00+00:00,buy,4688.8251953125,4684.197200726433,0.22,-103.13588089347314,sl
2026-08-24 18:20:00+00:00,2026-08-24 18:25:00+00:00,buy,4684.8251953125,4691.653522337802,0.17,115.06155943013937,tp
2026-08-24 18:25:00+00:00,2026-08-24 18:30:00+00:00,buy,4693.125,4688.502522163159,0.23,-107.6969902473528,sl
2026-08-24 18:35:00+00:00,2026-08-24 19:00:00+00:00,buy,4688.9248046875,4695.942986487841,0.17,118.28909060579963,tp
2026-08-24 19:00:00+00:00,2026-08-24 19:15:00+00:00,buy,4692.8251953125,4698.068853874613,0.29,150.3260983012658,tp
2026-08-24 19:15:00+00:00,2026-08-24 19:20:00+00:00,buy,4692.8251953125,4697.720884863896,0.39,188.59189250443083,tp
2026-08-24 19:20:00+00:00,2026-08-24 19:45:00+00:00,buy,4698.8251953125,4703.495483027877,0.42,193.6320840458179,tp
2026-08-24 19:45:00+00:00,2026-08-24 19:50:00+00:00,buy,4706.52490234375,4710.9287460680125,0.45,195.4729675918132,tp
2026-08-25 07:05:00+00:00,2026-08-25 07:25:00+00:00,buy,4696.72509765625,4693.684503338438,0.15,-46.508914767180976,sl
2026-08-25 07:30:00+00:00,2026-08-25 07:40:00+00:00,buy,4691.22509765625,4695.568272133697,0.15,64.24761716170596,tp
2026-08-25 07:40:00+00:00,2026-08-25 07:50:00+00:00,buy,4693.125,4690.139688939905,0.17,-51.77028802161888,sl
2026-08-25 07:55:00+00:00,2026-08-25 08:00:00+00:00,buy,4687.8251953125,4684.849630590103,0.16,-48.5690355583583,sl
2026-08-25 08:05:00+00:00,2026-08-25 08:20:00+00:00,buy,4682.02490234375,4686.805128441401,0.14,66.0831653671195,tp
2026-08-25 08:20:00+00:00,2026-08-25 08:25:00+00:00,buy,4684.4248046875,4690.559604368697,0.11,66.82279649317101,tp
2026-08-25 08:30:00+00:00,2026-08-25 08:40:00+00:00,buy,4689.22509765625,4684.837545301999,0.13,-57.818180605263734,sl
2026-08-25 08:45:00+00:00,2026-08-25 08:50:00+00:00,buy,4687.8251953125,4683.644125699414,0.11,-46.65176574394641,sl
2026-08-25 08:55:00+00:00,2026-08-25 09:05:00+00:00,buy,4682.3251953125,4687.594807180743,0.12,62.51534241892048,tp
2026-08-25 09:05:00+00:00,2026-08-25 09:10:00+00:00,buy,4682.125,4687.63359353937,0.12,65.38312247243928,tp
2026-08-25 09:10:00+00:00,2026-08-25 09:25:00+00:00,buy,4688.625,4684.95702703142,0.16,-59.647567497283454,sl
2026-08-25 09:30:00+00:00,2026-08-25 09:35:00+00:00,buy,4681.9248046875,4687.639075491277,0.12,67.85124964532704,tp
2026-08-25 09:35:00+00:00,2026-08-25 09:40:00+00:00,buy,4692.3251953125,4688.202410028651,0.15,-62.74177925773838,sl
2026-08-25 09:45:00+00:00,2026-08-25 10:00:00+00:00,buy,4693.02490234375,4688.894470355548,0.12,-50.28518385842355,sl
2026-08-25 10:05:00+00:00,2026-08-25 10:40:00+00:00,buy,4690.52490234375,4695.550151320816,0.13,64.54823670186371,tp
2026-08-25 10:40:00+00:00,2026-08-25 10:55:00+00:00,buy,4693.8251953125,4698.006271732079,0.18,74.17937555241944,tp
2026-08-25 10:55:00+00:00,2026-08-25 11:00:00+00:00,buy,4696.72509765625,4693.919298757472,0.24,-68.77917357068276,sl
2026-08-25 11:05:00+00:00,2026-08-25 11:20:00+00:00,buy,4696.02490234375,4699.98743707179,0.19,74.14815983275672,tp
2026-08-25 11:20:00+00:00,2026-08-25 11:25:00+00:00,buy,4697.9248046875,4695.413251707478,0.28,-72.00348344062485,sl
2026-08-25 11:30:00+00:00,2026-08-25 11:40:00+00:00,buy,4697.22509765625,4700.676080159575,0.22,74.60161507314268,tp
2026-08-25 11:45:00+00:00,2026-08-25 11:50:00+00:00,buy,4696.8251953125,4700.424656384618,0.27,95.5654489471907,tp
2026-08-25 12:00:00+00:00,2026-08-25 12:05:00+00:00,buy,4698.8251953125,4695.8953751622585,0.3,-89.69460450724618,sl
2026-08-25 12:10:00+00:00,2026-08-25 12:15:00+00:00,buy,4692.8251953125,4689.891583524652,0.24,-71.84668290836038,sl
2026-08-25 12:20:00+00:00,2026-08-25 12:35:00+00:00,buy,4691.125,4687.836550687683,0.17,-56.92363830939624,sl
2026-08-25 12:40:00+00:00,2026-08-25 12:45:00+00:00,buy,4685.8251953125,4690.922458120038,0.13,65.48441649799199,tp
2026-08-25 12:45:00+00:00,2026-08-25 12:50:00+00:00,buy,4693.52490234375,4698.549886881116,0.16,79.43975259786298,tp
2026-08-25 12:50:00+00:00,2026-08-25 13:00:00+00:00,buy,4696.02490234375,4692.556347909661,0.21,-74.0996431158717,sl
2026-08-25 13:05:00+00:00,2026-08-25 13:10:00+00:00,buy,4689.52490234375,4685.557803492507,0.15,-60.406482768638305,sl
2026-08-25 13:15:00+00:00,2026-08-25 13:20:00+00:00,buy,4678.22509765625,4673.836639935761,0.1,-44.48457720488987,sl
2026-08-25 13:25:00+00:00,2026-08-25 13:30:00+00:00,buy,4669.9248046875,4664.787875263555,0.09,-46.77236481550339,sl_and_tp_same_bar
2026-08-25 13:35:00+00:00,2026-08-25 13:40:00+00:00,buy,4676.72509765625,4670.838256256987,0.08,-47.574731194105404,sl
2026-08-25 13:45:00+00:00,2026-08-25 13:50:00+00:00,buy,4667.72509765625,4661.70214528997,0.07,-42.58066656396107,sl
2026-08-25 13:55:00+00:00,2026-08-25 14:00:00+00:00,buy,4662.3251953125,4671.052452113925,0.07,60.6707976099752,tp
2026-08-25 14:00:00+00:00,2026-08-25 14:05:00+00:00,buy,4671.4248046875,4679.895784019569,0.08,67.28783465655171,tp
2026-08-25 14:05:00+00:00,2026-08-25 14:25:00+00:00,buy,4674.52490234375,4682.7137745357095,0.08,65.03097753567592,tp
2026-08-25 14:25:00+00:00,2026-08-25 14:30:00+00:00,buy,4681.72509765625,4676.922673675248,0.1,-48.62423981001994,sl
2026-08-25 14:35:00+00:00,2026-08-25 14:40:00+00:00,buy,4685.8251953125,4694.029311747763,0.08,65.15293148210505,tp
2026-08-25 15:05:00+00:00,2026-08-25 15:15:00+00:00,buy,4688.3251953125,4694.39136105505,0.12,72.07398891059827,tp
2026-08-25 15:35:00+00:00,2026-08-25 15:40:00+00:00,sell,4705.0751953125,4709.981785934155,0.13,-64.56567808151092,sl
2026-08-25 15:45:00+00:00,2026-08-25 15:50:00+00:00,sell,4713.1748046875,4706.646920920436,0.12,77.61460520476729,tp
2026-08-25 15:50:00+00:00,2026-08-25 16:05:00+00:00,sell,4708.6748046875,4702.613972089378,0.16,96.01332156995254,tp
2026-08-25 16:05:00+00:00,2026-08-25 16:15:00+00:00,sell,4704.875,4699.4003888022835,0.23,124.5360575474798,tp
2026-08-25 16:15:00+00:00,2026-08-25 16:20:00+00:00,sell,4701.0751953125,4696.003097155243,0.31,155.3750428749587,tp
2026-08-25 16:40:00+00:00,2026-08-25 17:00:00+00:00,sell,4701.375,4696.745379345179,0.44,201.06330881213887,tp
2026-08-25 17:00:00+00:00,2026-08-25 17:05:00+00:00,sell,4700.47509765625,4696.192843699559,0.48,202.66818992118817,tp
2026-08-25 17:50:00+00:00,2026-08-25 18:10:00+00:00,sell,4703.1748046875,4706.156851489912,0.5,-152.10234012058936,sl
2026-08-25 18:15:00+00:00,2026-08-25 18:20:00+00:00,sell,4703.97509765625,4706.593783601581,0.57,-152.6850988838659,sl
2026-08-25 18:25:00+00:00,2026-08-25 18:45:00+00:00,sell,4705.6748046875,4707.921891991993,0.66,-152.26776209654506,sl
2026-08-25 18:50:00+00:00,2026-08-25 18:55:00+00:00,sell,4707.97509765625,4709.942628633905,0.7,-141.9271684358402,sl
2026-08-25 19:00:00+00:00,2026-08-25 19:05:00+00:00,sell,4711.27490234375,4713.420079604466,0.5,-110.2588630358041,sl
2026-08-25 19:10:00+00:00,2026-08-25 19:15:00+00:00,sell,4715.97509765625,4718.3961497223545,0.35,-86.83682231365728,sl
2026-08-25 19:20:00+00:00,2026-08-25 19:25:00+00:00,sell,4723.77490234375,4720.125786547189,0.25,89.72789491402727,tp
2026-08-25 19:25:00+00:00,2026-08-25 19:30:00+00:00,sell,4721.1748046875,4717.48890433048,0.32,116.02881142463418,tp
2026-08-25 19:30:00+00:00,2026-08-25 19:40:00+00:00,sell,4717.875,4720.457869164611,0.42,-111.00050491366666,sl
2026-08-25 19:45:00+00:00,2026-08-25 19:50:00+00:00,sell,4718.6748046875,4721.290098113415,0.33,-88.28468305520481,sl
2026-08-25 19:55:00+00:00,2026-08-25 20:05:00+00:00,sell,4721.875,4724.757974041298,0.24,-70.63137699116254,sl
2026-08-25 20:10:00+00:00,2026-08-25 20:25:00+00:00,sell,4725.27490234375,4721.4193374027855,0.19,72.11573387832628,tp
2026-08-25 20:25:00+00:00,2026-08-25 20:30:00+00:00,sell,4723.1748046875,4719.858405901763,0.28,91.17916600063502,tp
2026-08-25 20:30:00+00:00,2026-08-25 20:55:00+00:00,sell,4719.5751953125,4716.381614541945,0.37,115.94248851053297,tp
2026-08-25 20:55:00+00:00,2026-08-25 22:00:00+00:00,sell,4716.47509765625,4718.352477794524,0.6,-116.24280829644121,sl_and_tp_same_bar
2026-08-26 07:05:00+00:00,2026-08-26 07:10:00+00:00,buy,4695.625,4692.691983281024,0.16,-47.88826750362292,sl
2026-08-26 07:15:00+00:00,2026-08-26 07:20:00+00:00,buy,4692.8251953125,4689.984692963025,0.17,-49.308539941077946,sl
2026-08-26 07:25:00+00:00,2026-08-26 07:30:00+00:00,buy,4690.72509765625,4687.89163335681,0.17,-49.188893090472924,sl
2026-08-26 07:35:00+00:00,2026-08-26 07:40:00+00:00,buy,4689.625,4686.733345495643,0.16,-47.22647206970665,sl
2026-08-26 07:45:00+00:00,2026-08-26 07:50:00+00:00,buy,4688.52490234375,4685.755967613255,0.17,-48.09189041841412,sl
2026-08-27 07:05:00+00:00,2026-08-27 07:15:00+00:00,buy,4657.72509765625,4654.828995382037,0.16,-47.297636387412204,sl
2026-08-27 07:20:00+00:00,2026-08-27 07:25:00+00:00,buy,4651.3251953125,4648.43245185846,0.16,-47.243895264641615,sl
2026-08-27 07:30:00+00:00,2026-08-27 07:35:00+00:00,buy,4653.52490234375,4650.379180941049,0.15,-48.08582104052075,sl
2026-08-27 07:40:00+00:00,2026-08-27 07:55:00+00:00,buy,4650.3251953125,4654.28991251996,0.16,62.47547531936201,tp
2026-08-27 07:55:00+00:00,2026-08-27 08:00:00+00:00,buy,4651.8251953125,4655.639836983132,0.17,63.828908400747856,tp
2026-08-27 08:00:00+00:00,2026-08-27 08:05:00+00:00,buy,4654.125,4658.218320958298,0.16,64.53313533277019,tp
2026-08-27 08:05:00+00:00,2026-08-27 08:10:00+00:00,buy,4659.22509765625,4656.310853359511,0.19,-56.510641638033704,sl
2026-08-27 08:15:00+00:00,2026-08-27 08:20:00+00:00,buy,4657.3251953125,4654.693436367116,0.18,-48.451661016908545,sl
2026-08-27 08:25:00+00:00,2026-08-27 08:30:00+00:00,buy,4657.22509765625,4654.682826492828,0.19,-49.443152105016125,sl
2026-08-27 08:35:00+00:00,2026-08-27 08:40:00+00:00,buy,4652.4248046875,4650.0532435830855,0.2,-48.63122208828936,sl
2026-08-27 08:45:00+00:00,2026-08-27 08:50:00+00:00,buy,4649.3251953125,4652.571332542224,0.2,63.72274459447799,tp
2026-08-27 08:50:00+00:00,2026-08-27 08:55:00+00:00,buy,4651.52490234375,4654.58557804701,0.21,63.01418976846275,tp
2026-08-27 08:55:00+00:00,2026-08-27 09:00:00+00:00,buy,4652.9248046875,4650.671184246449,0.21,-48.586029262066184,sl
2026-08-27 09:05:00+00:00,2026-08-27 09:10:00+00:00,buy,4647.8251953125,4651.243187103167,0.19,63.80184402266819,tp
2026-08-27 09:10:00+00:00,2026-08-27 09:25:00+00:00,buy,4649.8251953125,4647.381141201504,0.19,-47.577028108926825,sl
2026-08-27 09:30:00+00:00,2026-08-27 09:35:00+00:00,buy,4651.02490234375,4648.453550341988,0.18,-47.36433603170924,sl
2026-08-27 09:40:00+00:00,2026-08-27 09:45:00+00:00,buy,4637.9248046875,4634.560210538121,0.14,-47.94431809130206,sl
2026-08-27 09:50:00+00:00,2026-08-27 09:55:00+00:00,buy,4635.9248046875,4632.735048588911,0.15,-48.7463414788348,sl
2026-08-28 07:05:00+00:00,2026-08-28 07:10:00+00:00,sell,4659.97509765625,4654.023800259675,0.11,64.80427136232251,tp
2026-08-28 07:10:00+00:00,2026-08-28 07:15:00+00:00,sell,4653.375,4657.61074960691,0.14,-60.140494496737894,sl
2026-08-28 07:20:00+00:00,2026-08-28 07:30:00+00:00,sell,4658.77490234375,4662.830696110996,0.11,-45.27373143970195,sl
2026-08-28 07:35:00+00:00,2026-08-28 08:40:00+00:00,sell,4664.27490234375,4659.228105294967,0.13,64.8283616341848,tp
2026-08-28 08:40:00+00:00,2026-08-28 08:45:00+00:00,sell,4660.6748046875,4657.239440703942,0.21,70.8826436547199,tp
2026-08-28 08:45:00+00:00,2026-08-28 08:50:00+00:00,sell,4656.97509765625,4659.39719684675,0.27,-67.01667814351015,sl
2026-08-28 08:55:00+00:00,2026-08-28 09:10:00+00:00,sell,4658.1748046875,4654.6933294432865,0.21,71.85098012848287,tp
2026-08-28 09:10:00+00:00,2026-08-28 09:20:00+00:00,sell,4654.875,4657.095161137773,0.3,-68.40483413319525,sl
2026-08-28 09:25:00+00:00,2026-08-28 09:35:00+00:00,sell,4656.5751953125,4658.69389573963,0.25,-54.467510678240615,sl
2026-08-28 09:40:00+00:00,2026-08-28 09:45:00+00:00,sell,4656.875,4658.9903357275825,0.23,-50.03272173439826,sl
2026-08-28 09:50:00+00:00,2026-08-28 09:55:00+00:00,sell,4658.27490234375,4660.278303123579,0.24,-49.52161871588527,sl
2026-08-28 10:00:00+00:00,2026-08-28 10:05:00+00:00,sell,4658.6748046875,4660.645879884349,0.24,-48.7458047243685,sl
2026-08-28 10:10:00+00:00,2026-08-28 10:15:00+00:00,sell,4660.97509765625,4662.80241618605,0.26,-49.07028177480839,sl_and_tp_same_bar
2026-08-30 22:10:00+00:00,2026-08-30 22:20:00+00:00,buy,4506.4248046875,4515.116503112508,0.07,60.42188897505829,tp
2026-08-31 07:05:00+00:00,2026-08-31 07:20:00+00:00,sell,4489.27490234375,4492.259128675142,0.15,-45.66339497088247,sl
2026-08-31 07:25:00+00:00,2026-08-31 08:00:00+00:00,sell,4495.27490234375,4498.4725716988605,0.14,-45.60737097154729,sl
2026-08-31 08:05:00+00:00,2026-08-31 08:10:00+00:00,sell,4498.47509765625,4493.996912523344,0.14,61.85459186068707,tp
2026-08-31 08:10:00+00:00,2026-08-31 08:15:00+00:00,sell,4492.375,4487.7905728848145,0.14,63.341979612596475,tp
2026-08-31 08:15:00+00:00,2026-08-31 08:50:00+00:00,sell,4488.875,4484.390508218922,0.16,70.7918684972456,tp
2026-08-31 09:05:00+00:00,2026-08-31 09:10:00+00:00,sell,4489.0751953125,4491.476258307019,0.28,-68.9097638465243,sl
2026-08-31 09:15:00+00:00,2026-08-31 09:20:00+00:00,sell,4493.1748046875,4489.566620067842,0.21,74.51187701280854,tp
2026-08-31 09:20:00+00:00,2026-08-31 09:30:00+00:00,sell,4491.0751953125,4493.59714642608,0.27,-69.71268006666389,sl
2026-08-31 09:35:00+00:00,2026-08-31 10:00:00+00:00,sell,4494.6748046875,4497.153671711473,0.22,-55.85507452740996,sl
2026-08-31 10:05:00+00:00,2026-08-31 10:10:00+00:00,sell,4497.97509765625,4500.367953790766,0.2,-49.057122690311374,sl
2026-08-31 10:15:00+00:00,2026-08-31 10:20:00+00:00,sell,4502.27490234375,4498.542425057196,0.17,62.43211387141899,tp
2026-08-31 10:20:00+00:00,2026-08-31 10:35:00+00:00,sell,4498.97509765625,4501.520854498203,0.18,-46.90362315516002,sl
2026-08-31 10:40:00+00:00,2026-08-31 10:50:00+00:00,sell,4500.47509765625,4502.7741287293775,0.2,-47.18062146254961,sl
2026-08-31 10:55:00+00:00,2026-08-31 11:00:00+00:00,sell,4504.5751953125,4506.781185757548,0.21,-47.58579934600744,sl
2026-08-31 11:05:00+00:00,2026-08-31 11:15:00+00:00,sell,4506.47509765625,4503.433878369413,0.21,62.60560502357861,tp
2026-08-31 11:15:00+00:00,2026-08-31 11:20:00+00:00,sell,4504.375,4506.7617206160385,0.2,-48.93441232076948,sl
2026-08-31 11:25:00+00:00,2026-08-31 11:30:00+00:00,sell,4508.77490234375,4511.253106870352,0.19,-48.225886005437715,sl
2026-08-31 11:35:00+00:00,2026-08-31 11:40:00+00:00,sell,4509.1748046875,4505.488539306278,0.17,61.64651148077836,tp
2026-08-31 11:40:00+00:00,2026-08-31 12:00:00+00:00,sell,4506.27490234375,4509.065951161234,0.17,-48.46782989722626,sl
2026-08-31 12:05:00+00:00,2026-08-31 12:20:00+00:00,sell,4509.1748046875,4504.872894991674,0.15,63.62864543738997,tp
2026-08-31 12:20:00+00:00,2026-08-31 12:25:00+00:00,sell,4507.47509765625,4503.019002518469,0.14,61.5453319289301,tp
2026-08-31 12:25:00+00:00,2026-08-31 12:30:00+00:00,sell,4503.27490234375,4498.529619891006,0.14,65.59395433841033,tp
2026-08-31 12:30:00+00:00,2026-08-31 12:35:00+00:00,sell,4498.27490234375,4493.615026040956,0.15,68.99814454191218,tp
2026-08-31 12:35:00+00:00,2026-08-31 12:40:00+00:00,sell,4497.375,4492.705118922995,0.19,87.58774046309314,tp
2026-08-31 13:10:00+00:00,2026-08-31 13:15:00+00:00,sell,4495.97509765625,4499.388382617387,0.24,-83.35883906728617,sl
2026-08-31 13:20:00+00:00,2026-08-31 13:25:00+00:00,sell,4494.1748046875,4497.615005391643,0.19,-66.50381337870989,sl
2026-08-31 13:30:00+00:00,2026-08-31 13:35:00+00:00,sell,4497.27490234375,4491.803932467083,0.13,70.34260839667579,tp
2026-08-31 13:50:00+00:00,2026-08-31 13:55:00+00:00,buy,4476.52490234375,4472.067792447363,0.14,-63.23953854941815,sl
2026-08-31 14:00:00+00:00,2026-08-31 14:05:00+00:00,buy,4469.4248046875,4476.051023504096,0.11,72.22840698255172,tp
2026-08-31 14:05:00+00:00,2026-08-31 14:10:00+00:00,buy,4471.625,4478.299044588966,0.14,92.59662424552896,tp
2026-08-31 14:10:00+00:00,2026-08-31 14:20:00+00:00,buy,4477.72509765625,4473.127776407625,0.18,-83.83178247525218,sl
2026-08-31 14:25:00+00:00,2026-08-31 14:30:00+00:00,buy,4469.52490234375,4476.140563861991,0.15,98.33492277361219,tp
2026-08-31 14:30:00+00:00,2026-08-31 14:35:00+00:00,buy,4470.625,4477.421906649142,0.18,121.26431968456193,tp
2026-08-31 14:35:00+00:00,2026-08-31 14:40:00+00:00,buy,4475.625,4482.93898576259,0.21,152.33370101439345,tp
2026-08-31 14:50:00+00:00,2026-08-31 14:55:00+00:00,buy,4478.9248046875,4485.767897182205,0.29,196.70968234644965,tp
2026-08-31 15:05:00+00:00,2026-08-31 15:10:00+00:00,buy,4478.625,4485.116535501136,0.31,199.37760053522345,tp
2026-08-31 15:35:00+00:00,2026-08-31 15:40:00+00:00,buy,4480.4248046875,4476.42461477973,0.36,-146.16683667970952,sl
2026-08-31 15:45:00+00:00,2026-08-31 16:00:00+00:00,buy,4477.4248046875,4473.4936455526085,0.36,-143.68172885609252,sl
2026-08-31 16:05:00+00:00,2026-08-31 16:10:00+00:00,buy,4479.8251953125,4485.462005466345,0.36,200.76516553840688,tp
2026-08-31 17:10:00+00:00,2026-08-31 17:15:00+00:00,buy,4481.125,4484.71428151013,0.56,197.63976456726292,tp
2026-08-31 17:25:00+00:00,2026-08-31 17:30:00+00:00,buy,4482.4248046875,4479.631564542203,0.53,-151.22172770075184,sl
2026-08-31 18:05:00+00:00,2026-08-31 18:25:00+00:00,buy,4481.625,4479.152923272652,0.6,-151.92460364090365,sl
2026-08-31 18:30:00+00:00,2026-08-31 18:35:00+00:00,buy,4479.02490234375,4476.836318101786,0.67,-150.6551442116038,sl
2026-08-31 18:40:00+00:00,2026-08-31 18:45:00+00:00,buy,4477.8251953125,4480.565998923029,0.73,195.69866356861178,tp
2026-08-31 18:45:00+00:00,2026-08-31 18:50:00+00:00,buy,4478.72509765625,4481.575805837459,0.7,195.34957268460022,tp
2026-08-31 18:50:00+00:00,2026-08-31 18:55:00+00:00,buy,4482.3251953125,4480.304881627246,0.74,-153.9432127088125,sl
2026-08-31 19:00:00+00:00,2026-08-31 19:05:00+00:00,buy,4480.8251953125,4483.657160189553,0.71,196.80950627076277,tp
2026-08-31 19:05:00+00:00,2026-08-31 19:10:00+00:00,buy,4480.125,4483.054714612195,0.69,198.0103082414765,tp
2026-09-01 07:05:00+00:00,2026-09-01 07:10:00+00:00,buy,4482.9248046875,4480.36059462179,0.19,-49.859991248482984,sl
2026-09-01 07:15:00+00:00,2026-09-01 07:20:00+00:00,buy,4481.72509765625,4479.125313206895,0.19,-50.53590453774417,sl
2026-09-01 07:25:00+00:00,2026-09-01 07:30:00+00:00,buy,4475.625,4472.8982217983175,0.18,-50.16200763028435,sl
2026-09-01 07:35:00+00:00,2026-09-01 07:40:00+00:00,buy,4474.02490234375,4470.25395126532,0.12,-45.97141294115747,sl
2026-09-01 07:45:00+00:00,2026-09-01 08:00:00+00:00,buy,4466.72509765625,4462.72024214484,0.12,-48.77826613691897,sl
2026-09-02 07:05:00+00:00,2026-09-02 07:10:00+00:00,sell,4367.5751953125,4371.2154864553595,0.13,-48.10378485717345,sl
2026-09-02 07:15:00+00:00,2026-09-02 07:30:00+00:00,sell,4372.875,4376.235048715359,0.14,-47.880682015025606,sl
2026-09-02 07:35:00+00:00,2026-09-02 07:40:00+00:00,sell,4374.0751953125,4369.665680960879,0.15,65.242715274309,tp
2026-09-02 07:40:00+00:00,2026-09-02 07:45:00+00:00,sell,4373.0751953125,4368.658271155679,0.15,65.35386235230962,tp
2026-09-02 07:45:00+00:00,2026-09-02 08:00:00+00:00,sell,4369.27490234375,4372.288148627413,0.18,-55.31843310592929,sl
2026-09-02 08:05:00+00:00,2026-09-02 08:10:00+00:00,sell,4373.97509765625,4377.081839877667,0.15,-47.50113332126002,sl
2026-09-02 08:15:00+00:00,2026-09-02 08:30:00+00:00,sell,4371.77490234375,4367.500461055536,0.16,67.4310606114223,tp
2026-09-02 08:30:00+00:00,2026-09-02 08:35:00+00:00,sell,4369.47509765625,4372.312414255488,0.17,-49.254382187045415,sl
2026-09-02 08:40:00+00:00,2026-09-02 08:45:00+00:00,sell,4371.77490234375,4367.387158454441,0.15,64.91615833963041,tp
2026-09-02 08:45:00+00:00,2026-09-02 08:50:00+00:00,sell,4368.47509765625,4364.305088108433,0.17,69.87016231289316,tp
2026-09-02 08:50:00+00:00,2026-09-02 08:55:00+00:00,sell,4368.27490234375,4363.609572454392,0.19,87.5012678978013,tp
2026-09-02 09:10:00+00:00,2026-09-02 09:15:00+00:00,sell,4365.375,4360.729464397044,0.25,114.63839007391107,tp
2026-09-02 10:05:00+00:00,2026-09-02 10:10:00+00:00,buy,4351.9248046875,4355.315549775711,0.43,143.22203879305917,tp
2026-09-02 10:10:00+00:00,2026-09-02 10:15:00+00:00,buy,4350.72509765625,4354.355065013949,0.51,182.0683352426317,tp
2026-09-02 10:15:00+00:00,2026-09-02 10:20:00+00:00,buy,4354.125,4357.698328480839,0.58,203.7730518886815,tp
2026-09-02 11:15:00+00:00,2026-09-02 11:20:00+00:00,sell,4369.77490234375,4364.846195772196,0.43,209.35438257683737,tp
2026-09-03 07:05:00+00:00,2026-09-03 07:10:00+00:00,sell,4476.97509765625,4471.626835243068,0.13,68.74741137136672,tp
2026-09-03 07:10:00+00:00,2026-09-03 07:20:00+00:00,sell,4470.375,4473.958305956783,0.17,-61.93620126531235,sl
2026-09-03 07:25:00+00:00,2026-09-03 07:35:00+00:00,sell,4475.0751953125,4470.16341417381,0.14,67.92493594165367,tp
2026-09-03 07:35:00+00:00,2026-09-03 07:40:00+00:00,sell,4473.1748046875,4476.51846266417,0.19,-64.66950155673625,sl
2026-09-03 07:45:00+00:00,2026-09-03 07:50:00+00:00,sell,4471.97509765625,4475.182727321227,0.16,-52.2820746396255,sl
2026-09-03 07:55:00+00:00,2026-09-03 08:00:00+00:00,sell,4476.0751953125,4479.189142184471,0.16,-50.783149951538654,sl
2026-09-03 08:05:00+00:00,2026-09-03 08:10:00+00:00,sell,4483.0751953125,4477.317468815912,0.12,68.37271795905079,tp
2026-09-03 08:10:00+00:00,2026-09-03 08:15:00+00:00,sell,4480.875,4484.774924267473,0.12,-47.51909120967204,sl
2026-09-03 08:20:00+00:00,2026-09-03 08:40:00+00:00,sell,4483.97509765625,4478.428629596147,0.12,65.83761672123117,tp
2026-09-03 08:40:00+00:00,2026-09-03 08:45:00+00:00,sell,4480.27490234375,4483.683129582008,0.14,-48.55518133561768,sl
2026-09-03 08:50:00+00:00,2026-09-03 09:05:00+00:00,sell,4484.0751953125,4487.388383563125,0.15,-50.59782375937484,sl
2026-09-03 09:10:00+00:00,2026-09-03 09:15:00+00:00,sell,4485.6748046875,4481.5257292159395,0.17,69.51428301652912,tp
2026-09-03 09:15:00+00:00,2026-09-03 09:20:00+00:00,sell,4484.1748046875,4480.139629382981,0.17,67.57798017681988,tp
2026-09-03 09:20:00+00:00,2026-09-03 09:30:00+00:00,sell,4480.875,4483.659672467611,0.2,-56.893449352220344,sl
2026-09-03 09:35:00+00:00,2026-09-03 09:40:00+00:00,sell,4483.47509765625,4479.223564053293,0.16,67.06453764731764,tp
2026-09-03 09:40:00+00:00,2026-09-03 09:45:00+00:00,sell,4479.1748046875,4474.93077374202,0.19,79.49658796411255,tp
2026-09-03 09:45:00+00:00,2026-09-03 10:05:00+00:00,sell,4476.0751953125,4471.873701826417,0.25,103.53733715206636,tp
2026-09-03 10:05:00+00:00,2026-09-03 10:10:00+00:00,sell,4473.5751953125,4469.768773975947,0.35,131.12474677936498,tp
2026-09-03 10:55:00+00:00,2026-09-03 11:05:00+00:00,sell,4473.97509765625,4476.1331760140765,0.58,-128.64854475393847,sl
2026-09-03 11:10:00+00:00,2026-09-03 11:15:00+00:00,sell,4476.5751953125,4478.879510621469,0.42,-99.30124297671092,sl
2026-09-03 11:20:00+00:00,2026-09-03 11:25:00+00:00,sell,4480.27490234375,4476.849298241478,0.31,104.33372717042552,tp
2026-09-03 11:25:00+00:00,2026-09-03 11:30:00+00:00,sell,4476.97509765625,4479.543549991729,0.38,-99.88118874821637,sl_and_tp_same_bar
2026-09-03 11:35:00+00:00,2026-09-03 11:40:00+00:00,sell,4480.27490234375,4483.109849771566,0.27,-78.1635805510233,sl
2026-09-03 11:45:00+00:00,2026-09-03 11:50:00+00:00,sell,4484.6748046875,4487.435773706892,0.22,-62.06131842662791,sl
2026-09-03 11:55:00+00:00,2026-09-03 12:00:00+00:00,sell,4485.875,4488.86734311901,0.16,-48.83748990416003,sl
2026-09-03 12:05:00+00:00,2026-09-03 12:15:00+00:00,sell,4494.0751953125,4489.687233523415,0.16,69.24738862536383,tp
2026-09-03 12:15:00+00:00,2026-09-03 12:20:00+00:00,sell,4490.27490234375,4493.440007422951,0.16,-51.601681267210516,sl_and_tp_same_bar
2026-09-03 12:25:00+00:00,2026-09-03 12:30:00+00:00,sell,4492.77490234375,4496.236708006017,0.14,-49.30527927173339,sl
2026-09-03 12:35:00+00:00,2026-09-03 12:40:00+00:00,sell,4513.6748046875,4519.761033162714,0.08,-49.16982780171063,sl
2026-09-03 12:45:00+00:00,2026-09-03 12:50:00+00:00,sell,4514.77490234375,4521.484619162355,0.07,-47.38801773023254,sl
2026-09-03 12:55:00+00:00,2026-09-03 13:15:00+00:00,sell,4538.0751953125,4528.778222957289,0.07,64.65880648648006,tp
2026-09-03 13:15:00+00:00,2026-09-03 13:25:00+00:00,sell,4533.1748046875,4524.949771151703,0.08,65.32026828637346,tp
2026-09-03 13:25:00+00:00,2026-09-03 13:30:00+00:00,sell,4530.6748046875,4523.043181408113,0.09,68.14460951448287,tp
2026-09-03 13:30:00+00:00,2026-09-03 13:40:00+00:00,sell,4527.27490234375,4519.681460345365,0.09,67.80097798546554,tp
2026-09-03 13:40:00+00:00,2026-09-03 13:45:00+00:00,sell,4522.77490234375,4515.364147142046,0.12,88.20906242044774,tp
2026-09-03 13:45:00+00:00,2026-09-03 13:50:00+00:00,sell,4517.0751953125,4508.881160596024,0.14,113.87648603066934,tp
2026-09-03 13:50:00+00:00,2026-09-03 13:55:00+00:00,sell,4504.97509765625,4510.482627610492,0.19,-105.78306913060318,sl
2026-09-03 14:00:00+00:00,2026-09-03 14:10:00+00:00,sell,4516.97509765625,4508.3757454182205,0.14,119.55093133241296,tp
2026-09-03 14:10:00+00:00,2026-09-03 14:15:00+00:00,sell,4510.875,4516.81130526882,0.18,-107.9334948387678,sl
2026-09-03 14:20:00+00:00,2026-09-03 14:40:00+00:00,sell,4522.875,4514.509416376295,0.15,124.58375435557318,tp
2026-09-03 14:40:00+00:00,2026-09-03 14:45:00+00:00,sell,4515.1748046875,4520.552265268643,0.21,-114.18667220400654,sl
2026-09-03 14:50:00+00:00,2026-09-03 14:55:00+00:00,sell,4520.5751953125,4525.567473169836,0.18,-90.94100143205476,sl
2026-09-03 15:00:00+00:00,2026-09-03 15:05:00+00:00,sell,4531.875,4538.076652937843,0.11,-68.8781823162773,sl
2026-09-03 15:10:00+00:00,2026-09-03 15:15:00+00:00,sell,4545.5751953125,4551.506606123314,0.09,-53.92269729732383,sl
2026-09-03 15:20:00+00:00,2026-09-03 15:30:00+00:00,sell,4557.875,4549.626907361483,0.08,65.50474110813549,tp
2026-09-03 15:30:00+00:00,2026-09-03 15:35:00+00:00,sell,4554.0751953125,4546.295072397347,0.11,84.92135206668067,tp
2026-09-03 15:35:00+00:00,2026-09-03 15:40:00+00:00,sell,4550.5751953125,4542.661041911035,0.14,109.9581476205132,tp
2026-09-03 15:40:00+00:00,2026-09-03 15:45:00+00:00,sell,4544.47509765625,4537.20081965623,0.19,137.07128200037766,tp
2026-09-03 15:45:00+00:00,2026-09-03 15:50:00+00:00,sell,4542.375,4535.127292399982,0.25,179.6926900004437,tp
2026-09-03 15:50:00+00:00,2026-09-03 15:55:00+00:00,sell,4536.0751953125,4540.835997550844,0.32,-154.26567162700113,sl
2026-09-03 16:00:00+00:00,2026-09-03 16:50:00+00:00,sell,4540.5751953125,4534.3115664573,0.3,186.10886565600885,tp
2026-09-03 16:50:00+00:00,2026-09-03 17:00:00+00:00,sell,4536.5751953125,4532.336796837156,0.51,213.09832224255337,tp
2026-09-03 17:00:00+00:00,2026-09-03 17:20:00+00:00,sell,4533.77490234375,4536.6848259159415,0.53,-157.40594932614812,sl
2026-09-03 17:25:00+00:00,2026-09-03 17:30:00+00:00,sell,4538.0751953125,4540.648513911727,0.6,-157.99911595360172,sl
2026-09-03 17:35:00+00:00,2026-09-03 17:45:00+00:00,sell,4539.1748046875,4541.546763990919,0.65,-158.0773547222556,sl
2026-09-03 17:50:00+00:00,2026-09-03 17:55:00+00:00,sell,4538.5751953125,4535.594589123367,0.55,160.63334040232274,tp
2026-09-03 17:55:00+00:00,2026-09-03 18:05:00+00:00,sell,4536.875,4534.020427761085,0.74,206.7983456797361,tp
2026-09-03 18:05:00+00:00,2026-09-03 18:10:00+00:00,sell,4536.1748046875,4533.184189872492,0.71,208.07365186553784,tp
2026-09-03 18:10:00+00:00,2026-09-03 18:15:00+00:00,sell,4535.5751953125,4532.36401924366,0.67,211.12879661230406,tp
2026-09-04 07:05:00+00:00,2026-09-04 07:10:00+00:00,buy,4513.02490234375,4516.702762307833,0.19,68.73933931757561,tp
2026-09-04 07:15:00+00:00,2026-09-04 07:25:00+00:00,buy,4514.52490234375,4517.9066086542725,0.27,89.68607038410835,tp
2026-09-04 07:45:00+00:00,2026-09-04 08:05:00+00:00,sell,4532.5751953125,4528.230283113511,0.27,115.69262937269822,tp
2026-09-04 08:05:00+00:00,2026-09-04 08:10:00+00:00,sell,4530.5751953125,4526.382032418772,0.36,148.7938641742147,tp
2026-09-04 08:10:00+00:00,2026-09-04 08:15:00+00:00,sell,4527.875,4530.910915123321,0.47,-145.50801079606782,sl
2026-09-04 08:20:00+00:00,2026-09-04 08:30:00+00:00,sell,4529.375,4525.425165836058,0.39,151.70353239373358,tp
2026-09-04 08:30:00+00:00,2026-09-04 08:40:00+00:00,sell,4527.97509765625,4524.2514561585285,0.53,194.1729993792381,tp
2026-09-04 08:40:00+00:00,2026-09-04 08:50:00+00:00,sell,4524.875,4521.510047295878,0.66,218.126878472026,tp
2026-09-04 09:05:00+00:00,2026-09-04 09:10:00+00:00,sell,4524.27490234375,4521.134621655997,0.71,218.69992883047348,tp
